species,filename,duration,sample_rate,archive
ANPA,ANPA-28361845.wav,6.0,384000,ANPA.zip
ANPA,ANPA-3057970.wav,2.999022,500000,ANPA.zip
ANPA,ANPA-29718948.wav,4.998666666666667,192000,ANPA.zip
ANPA,ANPA-2155119.wav,6.0,384000,ANPA.zip
ANPA,ANPA-64892223.wav,5.0,500000,ANPA.zip
ANPA,ANPA-4118001.wav,4.998976,500000,ANPA.zip
ANPA,ANPA-54319821.wav,5.245333333333333,384000,ANPA.zip
ANPA,ANPA-29181132.wav,7.052,256000,ANPA.zip
ANPA,ANPA-31606801.wav,4.99992,500000,ANPA.zip
ANPA,ANPA-28539160.wav,6.0,384000,ANPA.zip
ANPA,ANPA-3062323.wav,4.999022,500000,ANPA.zip
ANPA,ANPA-2862582.wav,4.999022,500000,ANPA.zip
ANPA,ANPA-73643124.wav,5.0,256000,ANPA.zip
ANPA,ANPA-3049891.wav,4.999022,500000,ANPA.zip
ANPA,ANPA-60370121.wav,3.096,256000,ANPA.zip
ANPA,ANPA-2808761.wav,4.999022,500000,ANPA.zip
ANPA,ANPA-60370138.wav,7.896,256000,ANPA.zip
ANPA,ANPA-73627215.wav,5.0,256000,ANPA.zip
ANPA,ANPA-73627385.wav,5.0,256000,ANPA.zip
ANPA,ANPA-3038010.wav,4.999022,500000,ANPA.zip
ANPA,ANPA-64897928.wav,5.0,500000,ANPA.zip
ANPA,ANPA-29764099.wav,5.004,192000,ANPA.zip
ANPA,ANPA-2807513.wav,4.999022,500000,ANPA.zip
ANPA,ANPA-1505268.wav,4.99837,300000,ANPA.zip
ANPA,ANPA-73632748.wav,2.510666666666667,192000,ANPA.zip
ANPA,ANPA-64888173.wav,5.0,500000,ANPA.zip
ANPA,ANPA-2074680.wav,6.0,384000,ANPA.zip
ANPA,ANPA-54319820.wav,6.0,384000,ANPA.zip
ANPA,ANPA-29168411.wav,7.688,256000,ANPA.zip
ANPA,ANPA-263939.wav,6.56,256000,ANPA.zip
ANPA,ANPA-1325641.wav,7.496,256000,ANPA.zip
ANPA,ANPA-28488552.wav,5.0,192000,ANPA.zip
ANPA,ANPA-28994033.wav,4.810666666666667,192000,ANPA.zip
ANPA,ANPA-30488880.wav,6.0,384000,ANPA.zip
ANPA,ANPA-31857782.wav,4.99992,500000,ANPA.zip
ANPA,ANPA-54316337.wav,6.0,384000,ANPA.zip
ANPA,ANPA-64872915.wav,5.0,500000,ANPA.zip
ANPA,ANPA-28362705.wav,6.0,384000,ANPA.zip
ANPA,ANPA-28322824.wav,5.004,192000,ANPA.zip
ANPA,ANPA-56652879.wav,6.0,384000,ANPA.zip
ANPA,ANPA-2154662.wav,6.0,384000,ANPA.zip
ANPA,ANPA-31621568.wav,4.99992,500000,ANPA.zip
ANPA,ANPA-54311222.wav,4.168,384000,ANPA.zip
ANPA,ANPA-28332353.wav,6.0,384000,ANPA.zip
ANPA,ANPA-29756702.wav,5.004,192000,ANPA.zip
ANPA,ANPA-29049604.wav,4.998976,500000,ANPA.zip
ANPA,ANPA-3050820.wav,2.999022,500000,ANPA.zip
ANPA,ANPA-1346881.wav,4.99837,300000,ANPA.zip
ANPA,ANPA-3062857.wav,4.999022,500000,ANPA.zip
ANPA,ANPA-1513109.wav,4.99837,300000,ANPA.zip
ANPA,ANPA-73639970.wav,5.0,256000,ANPA.zip
ANPA,ANPA-54419478.wav,7.196,256000,ANPA.zip
ANPA,ANPA-3051417.wav,4.999022,500000,ANPA.zip
ANPA,ANPA-63085611.wav,6.0,384000,ANPA.zip
ANPA,ANPA-3047574.wav,4.999022,500000,ANPA.zip
ANPA,ANPA-1367646.wav,4.99837,300000,ANPA.zip
ANPA,ANPA-54315615.wav,4.557333333333333,384000,ANPA.zip
ANPA,ANPA-31860132.wav,4.99992,500000,ANPA.zip
ANPA,ANPA-73573608.wav,5.004,192000,ANPA.zip
ANPA,ANPA-1452204.wav,7.852,256000,ANPA.zip
ANPA,ANPA-2151640.wav,6.0,384000,ANPA.zip
ANPA,ANPA-73627162.wav,4.188,256000,ANPA.zip
ANPA,ANPA-56652652.wav,6.0,384000,ANPA.zip
ANPA,ANPA-33846255.wav,6.0,384000,ANPA.zip
ANPA,ANPA-269180.wav,3.394,256000,ANPA.zip
ANPA,ANPA-28624385.wav,6.0,384000,ANPA.zip
ANPA,ANPA-28368526.wav,6.0,384000,ANPA.zip
ANPA,ANPA-28993452.wav,4.636,192000,ANPA.zip
ANPA,ANPA-29758887.wav,5.004,192000,ANPA.zip
ANPA,ANPA-29876186.wav,5.004,192000,ANPA.zip
ANPA,ANPA-64892070.wav,5.0,500000,ANPA.zip
ANPA,ANPA-64952922.wav,6.0,384000,ANPA.zip
ANPA,ANPA-60370129.wav,7.022,256000,ANPA.zip
ANPA,ANPA-64895323.wav,5.0,500000,ANPA.zip
ANPA,ANPA-31854847.wav,4.99992,500000,ANPA.zip
ANPA,ANPA-3038529.wav,4.999022,500000,ANPA.zip
ANPA,ANPA-1379672.wav,4.99837,300000,ANPA.zip
ANPA,ANPA-28994120.wav,3.8826666666666663,192000,ANPA.zip
ANPA,ANPA-32902472.wav,5.484,256000,ANPA.zip
ANPA,ANPA-28373783.wav,6.0,384000,ANPA.zip
ANPA,ANPA-12632107.wav,4.998976,500000,ANPA.zip
ANPA,ANPA-3051996.wav,2.999022,500000,ANPA.zip
ANPA,ANPA-28548644.wav,6.0,384000,ANPA.zip
ANPA,ANPA-64861950.wav,5.0,500000,ANPA.zip
ANPA,ANPA-28992522.wav,4.965333333333334,192000,ANPA.zip
ANPA,ANPA-103486.wav,7.004,256000,ANPA.zip
ANPA,ANPA-12631852.wav,4.998976,500000,ANPA.zip
ANPA,ANPA-64897886.wav,5.0,500000,ANPA.zip
ANPA,ANPA-54309436.wav,6.0,384000,ANPA.zip
ANPA,ANPA-1504353.wav,4.99837,300000,ANPA.zip
ANPA,ANPA-32899877.wav,7.062,256000,ANPA.zip
ANPA,ANPA-54316107.wav,6.0,384000,ANPA.zip
ANPA,ANPA-64895321.wav,5.0,500000,ANPA.zip
ANPA,ANPA-54299581.wav,6.0,384000,ANPA.zip
ANPA,ANPA-2858523.wav,4.999022,500000,ANPA.zip
ANPA,ANPA-29168030.wav,4.566,256000,ANPA.zip
ANPA,ANPA-28593653.wav,6.0,384000,ANPA.zip
ANPA,ANPA-54319815.wav,6.0,384000,ANPA.zip
ANPA,ANPA-2151816.wav,5.318666666666667,384000,ANPA.zip
ANPA,ANPA-73643053.wav,4.842,256000,ANPA.zip
ANPA,ANPA-31607479.wav,4.99992,500000,ANPA.zip
ANPA,ANPA-64895476.wav,3.0,500000,ANPA.zip
ANPA,ANPA-2152945.wav,6.0,384000,ANPA.zip
ANPA,ANPA-29788718.wav,5.004,192000,ANPA.zip
ANPA,ANPA-28580464.wav,6.0,384000,ANPA.zip
ANPA,ANPA-74443346.wav,6.0,384000,ANPA.zip
ANPA,ANPA-64952921.wav,6.0,384000,ANPA.zip
ANPA,ANPA-73643012.wav,5.0,256000,ANPA.zip
ANPA,ANPA-264232.wav,7.336,256000,ANPA.zip
ANPA,ANPA-64870552.wav,5.0,500000,ANPA.zip
ANPA,ANPA-29764326.wav,5.004,192000,ANPA.zip
ANPA,ANPA-54310826.wav,6.0,384000,ANPA.zip
ANPA,ANPA-28496526.wav,5.0,192000,ANPA.zip
ANPA,ANPA-1333953.wav,3.274,256000,ANPA.zip
ANPA,ANPA-28390444.wav,4.998976,500000,ANPA.zip
ANPA,ANPA-28992493.wav,4.892,192000,ANPA.zip
ANPA,ANPA-2151231.wav,6.0,384000,ANPA.zip
ANPA,ANPA-74443217.wav,6.0,384000,ANPA.zip
ANPA,ANPA-60370125.wav,6.658,256000,ANPA.zip
ANPA,ANPA-64874840.wav,5.0,500000,ANPA.zip
ANPA,ANPA-2858568.wav,2.999022,500000,ANPA.zip
ANPA,ANPA-64869243.wav,5.0,500000,ANPA.zip
ANPA,ANPA-32902471.wav,8.026,256000,ANPA.zip
ANPA,ANPA-31676739.wav,4.99992,500000,ANPA.zip
ANPA,ANPA-2864393.wav,4.999022,500000,ANPA.zip
ANPA,ANPA-31856947.wav,4.99992,500000,ANPA.zip
ANPA,ANPA-28353522.wav,5.556,384000,ANPA.zip
ANPA,ANPA-54319816.wav,6.0,384000,ANPA.zip
ANPA,ANPA-31628799.wav,4.99992,500000,ANPA.zip
ANPA,ANPA-64880581.wav,5.0,500000,ANPA.zip
ANPA,ANPA-267555.wav,7.808,256000,ANPA.zip
ANPA,ANPA-264124.wav,6.486,256000,ANPA.zip
ANPA,ANPA-2150941.wav,3.0946666666666665,384000,ANPA.zip
ANPA,ANPA-1324483.wav,4.999022,500000,ANPA.zip
ANPA,ANPA-31637499.wav,2.99992,500000,ANPA.zip
ANPA,ANPA-73642555.wav,5.0,256000,ANPA.zip
ANPA,ANPA-73642938.wav,5.0,256000,ANPA.zip
ANPA,ANPA-28354503.wav,6.0,384000,ANPA.zip
ANPA,ANPA-64886529.wav,5.0,500000,ANPA.zip
ANPA,ANPA-28486387.wav,5.0,192000,ANPA.zip
ANPA,ANPA-64870553.wav,5.0,500000,ANPA.zip
ANPA,ANPA-270686.wav,7.21,256000,ANPA.zip
ANPA,ANPA-270674.wav,5.15,256000,ANPA.zip
ANPA,ANPA-3013747.wav,4.999022,500000,ANPA.zip
ANPA,ANPA-3803722.wav,6.0,384000,ANPA.zip
ANPA,ANPA-28441331.wav,4.998666666666667,192000,ANPA.zip
ANPA,ANPA-54316440.wav,6.0,384000,ANPA.zip
ANPA,ANPA-28341027.wav,6.0,384000,ANPA.zip
ANPA,ANPA-1324492.wav,4.999022,500000,ANPA.zip
ANPA,ANPA-73615338.wav,5.0,256000,ANPA.zip
ANPA,ANPA-28489325.wav,5.0,192000,ANPA.zip
ANPA,ANPA-60370139.wav,7.348,256000,ANPA.zip
ANPA,ANPA-64862314.wav,5.0,500000,ANPA.zip
ANPA,ANPA-64872818.wav,3.0,500000,ANPA.zip
ANPA,ANPA-73617622.wav,4.272,256000,ANPA.zip
ANPA,ANPA-28343721.wav,6.0,384000,ANPA.zip
ANPA,ANPA-28465511.wav,5.0,192000,ANPA.zip
ANPA,ANPA-73627240.wav,5.0,256000,ANPA.zip
ANPA,ANPA-12632740.wav,4.998976,500000,ANPA.zip
ANPA,ANPA-28498742.wav,5.0,192000,ANPA.zip
ANPA,ANPA-73546021.wav,3.894,256000,ANPA.zip
ANPA,ANPA-2858528.wav,4.999022,500000,ANPA.zip
ANPA,ANPA-2153644.wav,4.752,384000,ANPA.zip
ANPA,ANPA-54319817.wav,6.0,384000,ANPA.zip
ANPA,ANPA-31856063.wav,4.99992,500000,ANPA.zip
ANPA,ANPA-30599670.wav,4.998976,500000,ANPA.zip
ANPA,ANPA-64880048.wav,5.0,500000,ANPA.zip
ANPA,ANPA-56652489.wav,6.0,384000,ANPA.zip
ANPA,ANPA-64954566.wav,6.0,384000,ANPA.zip
ANPA,ANPA-64869408.wav,5.0,500000,ANPA.zip
ANPA,ANPA-29758522.wav,5.004,192000,ANPA.zip
ANPA,ANPA-73642228.wav,4.999,256000,ANPA.zip
ANPA,ANPA-2216709.wav,6.0,384000,ANPA.zip
ANPA,ANPA-1387535.wav,4.99837,300000,ANPA.zip
ANPA,ANPA-64867914.wav,5.0,300000,ANPA.zip
ANPA,ANPA-28405876.wav,6.0,384000,ANPA.zip
ANPA,ANPA-28349525.wav,6.0,384000,ANPA.zip
ANPA,ANPA-73647401.wav,4.716,256000,ANPA.zip
ANPA,ANPA-33845099.wav,6.0,384000,ANPA.zip
ANPA,ANPA-60370137.wav,7.49,256000,ANPA.zip
ANPA,ANPA-12631925.wav,4.998976,500000,ANPA.zip
ANPA,ANPA-60370124.wav,6.828,256000,ANPA.zip
ANPA,ANPA-12582251.wav,4.998976,500000,ANPA.zip
ANPA,ANPA-1397625.wav,4.99837,300000,ANPA.zip
ANPA,ANPA-74444256.wav,6.0,384000,ANPA.zip
ANPA,ANPA-73556118.wav,5.0,256000,ANPA.zip
ANPA,ANPA-2151488.wav,6.0,384000,ANPA.zip
ANPA,ANPA-73557046.wav,5.0,256000,ANPA.zip
ANPA,ANPA-73556603.wav,3.704,256000,ANPA.zip
ANPA,ANPA-64880580.wav,5.0,500000,ANPA.zip
ANPA,ANPA-64883357.wav,3.0,500000,ANPA.zip
ANPA,ANPA-1516727.wav,4.99837,300000,ANPA.zip
ANPA,ANPA-64895477.wav,3.0,500000,ANPA.zip
ANPA,ANPA-64895322.wav,5.0,500000,ANPA.zip
ANPA,ANPA-64870551.wav,5.0,500000,ANPA.zip
ANPA,ANPA-28441837.wav,4.998666666666667,192000,ANPA.zip
ANPA,ANPA-73555990.wav,5.0,256000,ANPA.zip
ANPA,ANPA-263834.wav,5.892,256000,ANPA.zip
ANPA,ANPA-73515006.wav,4.94,256000,ANPA.zip
ANPA,ANPA-54400714.wav,6.0,384000,ANPA.zip
ANPA,ANPA-31611221.wav,4.99992,500000,ANPA.zip
ANPA,ANPA-269737.wav,7.742,256000,ANPA.zip
ANPA,ANPA-2858570.wav,2.999022,500000,ANPA.zip
ANPA,ANPA-54316520.wav,6.0,384000,ANPA.zip
ANPA,ANPA-29758810.wav,5.004,192000,ANPA.zip
ANPA,ANPA-31607488.wav,4.99992,500000,ANPA.zip
ANPA,ANPA-54319819.wav,6.0,384000,ANPA.zip
ANPA,ANPA-64892071.wav,5.0,500000,ANPA.zip
ANPA,ANPA-29726216.wav,5.004,192000,ANPA.zip
ANPA,ANPA-264125.wav,5.2,256000,ANPA.zip
ANPA,ANPA-60370127.wav,6.444,256000,ANPA.zip
ANPA,ANPA-54316231.wav,6.0,384000,ANPA.zip
ANPA,ANPA-270101.wav,7.458,256000,ANPA.zip
ANPA,ANPA-267759.wav,6.932,256000,ANPA.zip
ANPA,ANPA-55347334.wav,6.0,384000,ANPA.zip
ANPA,ANPA-28354939.wav,6.0,384000,ANPA.zip
ANPA,ANPA-60370136.wav,7.752,256000,ANPA.zip
ANPA,ANPA-1310307.wav,4.999022,500000,ANPA.zip
ANPA,ANPA-28330861.wav,6.0,384000,ANPA.zip
ANPA,ANPA-64892069.wav,5.0,500000,ANPA.zip
ANPA,ANPA-60289386.wav,6.0,384000,ANPA.zip
ANPA,ANPA-54316278.wav,5.158666666666667,384000,ANPA.zip
ANPA,ANPA-2095828.wav,6.0,384000,ANPA.zip
ANPA,ANPA-30606130.wav,4.998976,500000,ANPA.zip
ANPA,ANPA-73595650.wav,5.0,256000,ANPA.zip
COTO,COTO-73647403.wav,2.622,256000,COTO.zip
COTO,COTO-60370099.wav,6.76,256000,COTO.zip
COTO,COTO-28294002.wav,2.6026666666666665,192000,COTO.zip
COTO,COTO-60370104.wav,5.594,256000,COTO.zip
COTO,COTO-60370101.wav,8.016,256000,COTO.zip
COTO,COTO-28620946.wav,6.0,384000,COTO.zip
COTO,COTO-60370116.wav,3.414,256000,COTO.zip
COTO,COTO-4922.wav,3.928,384000,COTO.zip
COTO,COTO-1367172.wav,4.999022,500000,COTO.zip
COTO,COTO-103684.wav,8.056,256000,COTO.zip
COTO,COTO-73536606.wav,3.562666666666667,192000,COTO.zip
COTO,COTO-55323271.wav,6.0,384000,COTO.zip
COTO,COTO-30505967.wav,6.0,384000,COTO.zip
COTO,COTO-103197.wav,4.208,256000,COTO.zip
COTO,COTO-28294266.wav,4.378666666666667,192000,COTO.zip
COTO,COTO-73607921.wav,5.0,256000,COTO.zip
COTO,COTO-28498370.wav,5.0,192000,COTO.zip
COTO,COTO-103196.wav,3.67,256000,COTO.zip
COTO,COTO-2864743.wav,2.999022,500000,COTO.zip
COTO,COTO-73583680.wav,3.67,256000,COTO.zip
COTO,COTO-268498.wav,3.876,256000,COTO.zip
COTO,COTO-73622568.wav,3.718,256000,COTO.zip
COTO,COTO-35540506.wav,6.0,256000,COTO.zip
COTO,COTO-54416308.wav,3.565,256000,COTO.zip
COTO,COTO-28293988.wav,4.245333333333333,192000,COTO.zip
COTO,COTO-73561484.wav,2.174,256000,COTO.zip
COTO,COTO-53855299.wav,4.999022,500000,COTO.zip
COTO,COTO-60292556.wav,5.0,500000,COTO.zip
COTO,COTO-3047218.wav,4.999022,500000,COTO.zip
COTO,COTO-1986916.wav,3.692,384000,COTO.zip
COTO,COTO-30502519.wav,6.0,384000,COTO.zip
COTO,COTO-54308223.wav,3.3786666666666667,384000,COTO.zip
COTO,COTO-60370117.wav,4.096,256000,COTO.zip
COTO,COTO-28364547.wav,5.676,384000,COTO.zip
COTO,COTO-1937126.wav,4.999022,500000,COTO.zip
COTO,COTO-60370107.wav,7.754,256000,COTO.zip
COTO,COTO-30506391.wav,6.0,384000,COTO.zip
COTO,COTO-32907130.wav,5.063,256000,COTO.zip
COTO,COTO-60370110.wav,4.614,256000,COTO.zip
COTO,COTO-28297757.wav,5.0,192000,COTO.zip
COTO,COTO-1330235.wav,4.816,256000,COTO.zip
COTO,COTO-1327031.wav,5.366,256000,COTO.zip
COTO,COTO-73644920.wav,2.694,256000,COTO.zip
COTO,COTO-1507608.wav,4.99837,300000,COTO.zip
COTO,COTO-31664618.wav,4.99992,500000,COTO.zip
COTO,COTO-28534640.wav,6.0,384000,COTO.zip
COTO,COTO-60353795.wav,3.884,384000,COTO.zip
COTO,COTO-60370096.wav,7.5,256000,COTO.zip
COTO,COTO-60289386.wav,6.0,384000,COTO.zip
COTO,COTO-29822644.wav,5.0,192000,COTO.zip
COTO,COTO-28501084.wav,3.3546666666666667,192000,COTO.zip
COTO,COTO-28369052.wav,5.254666666666667,384000,COTO.zip
COTO,COTO-32059581.wav,3.7066666666666666,384000,COTO.zip
COTO,COTO-73622881.wav,3.88,256000,COTO.zip
COTO,COTO-28526576.wav,3.421333333333333,192000,COTO.zip
COTO,COTO-264279.wav,7.522,256000,COTO.zip
COTO,COTO-28993541.wav,3.9026666666666663,192000,COTO.zip
COTO,COTO-2631333.wav,4.998976,500000,COTO.zip
COTO,COTO-28294061.wav,5.0,192000,COTO.zip
COTO,COTO-60370118.wav,5.022,256000,COTO.zip
COTO,COTO-28993542.wav,2.9306666666666668,192000,COTO.zip
COTO,COTO-64955196.wav,4.46,384000,COTO.zip
COTO,COTO-5056.wav,6.0,384000,COTO.zip
COTO,COTO-29857724.wav,3.108,192000,COTO.zip
COTO,COTO-54310620.wav,4.3693333333333335,384000,COTO.zip
COTO,COTO-102724.wav,7.528,256000,COTO.zip
COTO,COTO-73637666.wav,5.0,256000,COTO.zip
COTO,COTO-1511831.wav,4.99837,300000,COTO.zip
COTO,COTO-30492525.wav,4.781333333333333,384000,COTO.zip
COTO,COTO-1316226.wav,4.999022,500000,COTO.zip
COTO,COTO-1330025.wav,5.25,256000,COTO.zip
COTO,COTO-54319823.wav,6.0,384000,COTO.zip
COTO,COTO-54308611.wav,4.042666666666666,384000,COTO.zip
COTO,COTO-33844481.wav,5.204,384000,COTO.zip
COTO,COTO-30497443.wav,5.633333333333334,384000,COTO.zip
COTO,COTO-3053454.wav,2.999022,500000,COTO.zip
COTO,COTO-28499967.wav,3.2026666666666666,192000,COTO.zip
COTO,COTO-30506155.wav,4.88,384000,COTO.zip
COTO,COTO-54309743.wav,6.0,384000,COTO.zip
COTO,COTO-28590180.wav,4.6306666666666665,384000,COTO.zip
COTO,COTO-2007663.wav,4.558666666666666,384000,COTO.zip
COTO,COTO-73536601.wav,3.54,192000,COTO.zip
COTO,COTO-95436.wav,2.838,256000,COTO.zip
COTO,COTO-30494984.wav,6.0,384000,COTO.zip
COTO,COTO-54308742.wav,4.410666666666667,384000,COTO.zip
COTO,COTO-3062736.wav,4.999022,500000,COTO.zip
COTO,COTO-73644917.wav,2.946,256000,COTO.zip
COTO,COTO-28545269.wav,4.189333333333333,384000,COTO.zip
COTO,COTO-54415996.wav,5.544,256000,COTO.zip
COTO,COTO-73608456.wav,4.962,256000,COTO.zip
COTO,COTO-28455587.wav,5.0,192000,COTO.zip
COTO,COTO-3031218.wav,4.999022,500000,COTO.zip
COTO,COTO-30505969.wav,6.0,384000,COTO.zip
COTO,COTO-54310729.wav,4.772,384000,COTO.zip
COTO,COTO-28286343.wav,4.661333333333333,192000,COTO.zip
COTO,COTO-73637672.wav,5.0,256000,COTO.zip
COTO,COTO-73642549.wav,4.046,256000,COTO.zip
COTO,COTO-55322486.wav,6.0,384000,COTO.zip
COTO,COTO-55322875.wav,6.0,384000,COTO.zip
COTO,COTO-28294014.wav,3.2666666666666666,192000,COTO.zip
COTO,COTO-60292005.wav,5.0,500000,COTO.zip
COTO,COTO-1398573.wav,4.99837,300000,COTO.zip
COTO,COTO-28294060.wav,5.0,192000,COTO.zip
COTO,COTO-1328656.wav,6.51,256000,COTO.zip
COTO,COTO-63090917.wav,6.0,384000,COTO.zip
COTO,COTO-31854421.wav,4.99992,500000,COTO.zip
COTO,COTO-185519.wav,4.38,256000,COTO.zip
COTO,COTO-30505968.wav,6.0,384000,COTO.zip
COTO,COTO-60369369.wav,8.006,256000,COTO.zip
COTO,COTO-64954383.wav,4.990666666666667,384000,COTO.zip
COTO,COTO-2000644.wav,6.0,384000,COTO.zip
COTO,COTO-60370100.wav,5.946,256000,COTO.zip
COTO,COTO-28353884.wav,6.0,384000,COTO.zip
COTO,COTO-1373748.wav,4.99837,300000,COTO.zip
COTO,COTO-60370097.wav,5.214,256000,COTO.zip
COTO,COTO-60370102.wav,6.568,256000,COTO.zip
COTO,COTO-1330336.wav,3.64,256000,COTO.zip
COTO,COTO-30504721.wav,3.94,384000,COTO.zip
COTO,COTO-60370113.wav,3.56,256000,COTO.zip
COTO,COTO-1330626.wav,3.166,256000,COTO.zip
COTO,COTO-73607818.wav,4.382,256000,COTO.zip
COTO,COTO-28499910.wav,5.0,192000,COTO.zip
COTO,COTO-28597234.wav,6.0,384000,COTO.zip
COTO,COTO-60370111.wav,4.898,256000,COTO.zip
COTO,COTO-73645035.wav,3.632,256000,COTO.zip
COTO,COTO-1338632.wav,4.616,256000,COTO.zip
COTO,COTO-29838547.wav,2.794666666666666,192000,COTO.zip
COTO,COTO-28298002.wav,3.3866666666666667,192000,COTO.zip
COTO,COTO-33448283.wav,5.024,256000,COTO.zip
COTO,COTO-31630960.wav,4.99992,500000,COTO.zip
COTO,COTO-35540790.wav,6.0,256000,COTO.zip
COTO,COTO-54319822.wav,6.0,384000,COTO.zip
COTO,COTO-35540764.wav,5.846,256000,COTO.zip
COTO,COTO-60370115.wav,3.93,256000,COTO.zip
COTO,COTO-28526323.wav,2.864,192000,COTO.zip
COTO,COTO-29632675.wav,5.788,384000,COTO.zip
COTO,COTO-60370105.wav,4.486,256000,COTO.zip
COTO,COTO-60370119.wav,4.114,256000,COTO.zip
COTO,COTO-30505760.wav,6.0,384000,COTO.zip
COTO,COTO-35540542.wav,6.0,256000,COTO.zip
COTO,COTO-28339473.wav,5.177333333333333,384000,COTO.zip
COTO,COTO-1331846.wav,2.822,256000,COTO.zip
COTO,COTO-28548571.wav,4.485333333333333,384000,COTO.zip
COTO,COTO-30492526.wav,6.0,384000,COTO.zip
COTO,COTO-29840275.wav,4.742666666666667,192000,COTO.zip
COTO,COTO-28520038.wav,3.3653333333333335,192000,COTO.zip
COTO,COTO-33448292.wav,3.914,256000,COTO.zip
COTO,COTO-3053726.wav,4.999022,500000,COTO.zip
COTO,COTO-73622592.wav,3.14,256000,COTO.zip
COTO,COTO-28366334.wav,5.733333333333333,384000,COTO.zip
COTO,COTO-64954373.wav,4.1306666666666665,384000,COTO.zip
COTO,COTO-30494988.wav,5.469333333333333,384000,COTO.zip
COTO,COTO-28480371.wav,5.0,192000,COTO.zip
COTO,COTO-31620131.wav,4.99992,500000,COTO.zip
COTO,COTO-64954769.wav,3.6013333333333333,384000,COTO.zip
COTO,COTO-73643109.wav,3.41,256000,COTO.zip
COTO,COTO-73607283.wav,5.0,256000,COTO.zip
COTO,COTO-28368282.wav,4.582666666666666,384000,COTO.zip
COTO,COTO-29764009.wav,5.004,192000,COTO.zip
COTO,COTO-29840925.wav,3.8773333333333335,192000,COTO.zip
COTO,COTO-30506394.wav,3.6546666666666665,384000,COTO.zip
COTO,COTO-74445505.wav,6.0,384000,COTO.zip
COTO,COTO-28490613.wav,4.589333333333333,192000,COTO.zip
COTO,COTO-1395163.wav,4.99837,300000,COTO.zip
COTO,COTO-28285637.wav,2.8773333333333335,192000,COTO.zip
COTO,COTO-60293805.wav,5.0,500000,COTO.zip
COTO,COTO-35540536.wav,6.0,256000,COTO.zip
EPFU,EPFU-63085619.wav,6.0,384000,EPFU.zip
EPFU,EPFU-2887254.wav,4.995072,500000,EPFU.zip
EPFU,EPFU-28421226.wav,4.998976,500000,EPFU.zip
EPFU,EPFU-64873014.wav,5.0,500000,EPFU.zip
EPFU,EPFU-29784635.wav,4.442666666666667,192000,EPFU.zip
EPFU,EPFU-64861358.wav,5.0,500000,EPFU.zip
EPFU,EPFU-2044142.wav,4.999022,500000,EPFU.zip
EPFU,EPFU-28267811.wav,5.004,192000,EPFU.zip
EPFU,EPFU-64896950.wav,3.0,500000,EPFU.zip
EPFU,EPFU-28845844.wav,4.998976,500000,EPFU.zip
EPFU,EPFU-28467957.wav,5.0,192000,EPFU.zip
EPFU,EPFU-29788662.wav,4.14,192000,EPFU.zip
EPFU,EPFU-28527372.wav,5.0,192000,EPFU.zip
EPFU,EPFU-32903974.wav,6.954,256000,EPFU.zip
EPFU,EPFU-26590169.wav,6.649,256000,EPFU.zip
EPFU,EPFU-3062271.wav,2.999022,500000,EPFU.zip
EPFU,EPFU-28445890.wav,5.0,192000,EPFU.zip
EPFU,EPFU-28408685.wav,4.998976,500000,EPFU.zip
EPFU,EPFU-2072378.wav,4.998976,500000,EPFU.zip
EPFU,EPFU-30358576.wav,2.998976,500000,EPFU.zip
EPFU,EPFU-32997945.wav,2.998976,500000,EPFU.zip
EPFU,EPFU-73608142.wav,5.0,256000,EPFU.zip
EPFU,EPFU-28504136.wav,5.0,192000,EPFU.zip
EPFU,EPFU-54299586.wav,6.0,384000,EPFU.zip
EPFU,EPFU-1369397.wav,2.998976,500000,EPFU.zip
EPFU,EPFU-57370153.wav,2.998976,500000,EPFU.zip
EPFU,EPFU-2817086.wav,4.999022,500000,EPFU.zip
EPFU,EPFU-1936817.wav,4.999022,500000,EPFU.zip
EPFU,EPFU-60294115.wav,5.0,500000,EPFU.zip
EPFU,EPFU-28448603.wav,5.0,192000,EPFU.zip
EPFU,EPFU-56661639.wav,2.995292,500000,EPFU.zip
EPFU,EPFU-26973298.wav,2.995292,500000,EPFU.zip
EPFU,EPFU-28331859.wav,6.0,384000,EPFU.zip
EPFU,EPFU-28480908.wav,5.0,192000,EPFU.zip
EPFU,EPFU-28411645.wav,4.998976,500000,EPFU.zip
EPFU,EPFU-29697954.wav,5.0,192000,EPFU.zip
EPFU,EPFU-55347714.wav,6.0,384000,EPFU.zip
EPFU,EPFU-29932431.wav,3.95,256000,EPFU.zip
EPFU,EPFU-73595447.wav,4.484,256000,EPFU.zip
EPFU,EPFU-2072468.wav,4.998976,500000,EPFU.zip
EPFU,EPFU-3806057.wav,3.127,256000,EPFU.zip
EPFU,EPFU-30319168.wav,2.998976,500000,EPFU.zip
EPFU,EPFU-402058.wav,2.998976,500000,EPFU.zip
EPFU,EPFU-29841179.wav,4.010666666666666,192000,EPFU.zip
EPFU,EPFU-34095706.wav,2.998976,500000,EPFU.zip
EPFU,EPFU-29962684.wav,5.0,256000,EPFU.zip
EPFU,EPFU-33621876.wav,4.998976,500000,EPFU.zip
EPFU,EPFU-36283263.wav,3.5573333333333332,384000,EPFU.zip
EPFU,EPFU-53842859.wav,4.998976,500000,EPFU.zip
EPFU,EPFU-310730.wav,2.998976,500000,EPFU.zip
EPFU,EPFU-60294229.wav,5.0,500000,EPFU.zip
EPFU,EPFU-29639833.wav,5.0,192000,EPFU.zip
EPFU,EPFU-3009287.wav,4.999022,500000,EPFU.zip
EPFU,EPFU-30380766.wav,2.998976,500000,EPFU.zip
EPFU,EPFU-64869409.wav,5.0,500000,EPFU.zip
EPFU,EPFU-3935696.wav,6.0,384000,EPFU.zip
EPFU,EPFU-55476591.wav,4.998976,500000,EPFU.zip
EPFU,EPFU-3009186.wav,4.999022,500000,EPFU.zip
EPFU,EPFU-29813007.wav,5.0,192000,EPFU.zip
EPFU,EPFU-34096437.wav,2.998976,500000,EPFU.zip
EPFU,EPFU-55388605.wav,4.998976,500000,EPFU.zip
EPFU,EPFU-31706685.wav,2.99992,500000,EPFU.zip
EPFU,EPFU-2043284.wav,6.238,256000,EPFU.zip
EPFU,EPFU-29218374.wav,4.998976,500000,EPFU.zip
EPFU,EPFU-1516451.wav,4.99837,300000,EPFU.zip
EPFU,EPFU-64862184.wav,5.0,500000,EPFU.zip
EPFU,EPFU-64876833.wav,5.0,500000,EPFU.zip
EPFU,EPFU-29851619.wav,4.1226666666666665,192000,EPFU.zip
EPFU,EPFU-2810296.wav,4.999022,500000,EPFU.zip
EPFU,EPFU-29617264.wav,2.998976,500000,EPFU.zip
EPFU,EPFU-31849678.wav,4.99992,500000,EPFU.zip
EPFU,EPFU-29733382.wav,5.0,192000,EPFU.zip
EPFU,EPFU-28542377.wav,6.0,384000,EPFU.zip
EPFU,EPFU-57357522.wav,0.998976,500000,EPFU.zip
EPFU,EPFU-28707680.wav,5.004,192000,EPFU.zip
EPFU,EPFU-53040021.wav,6.1696,500000,EPFU.zip
EPFU,EPFU-33492404.wav,4.998976,500000,EPFU.zip
EPFU,EPFU-2840063.wav,2.999022,500000,EPFU.zip
EPFU,EPFU-64896951.wav,3.0,500000,EPFU.zip
EPFU,EPFU-33622166.wav,4.998976,500000,EPFU.zip
EPFU,EPFU-56509719.wav,8.0,256000,EPFU.zip
EPFU,EPFU-29734943.wav,5.0,192000,EPFU.zip
EPFU,EPFU-33989618.wav,5.0,256000,EPFU.zip
EPFU,EPFU-64862048.wav,5.0,500000,EPFU.zip
EPFU,EPFU-28589003.wav,6.0,384000,EPFU.zip
EPFU,EPFU-29289463.wav,5.0,192000,EPFU.zip
EPFU,EPFU-29774195.wav,5.004,192000,EPFU.zip
EPFU,EPFU-3805588.wav,4.999,256000,EPFU.zip
EPFU,EPFU-28533612.wav,6.0,384000,EPFU.zip
EPFU,EPFU-28290300.wav,5.0,192000,EPFU.zip
EPFU,EPFU-64861359.wav,5.0,500000,EPFU.zip
EPFU,EPFU-2620821.wav,4.998976,500000,EPFU.zip
EPFU,EPFU-28391675.wav,4.998976,500000,EPFU.zip
EPFU,EPFU-2251825.wav,7.458,256000,EPFU.zip
EPFU,EPFU-64876484.wav,5.0,500000,EPFU.zip
EPFU,EPFU-2539440.wav,4.998976,500000,EPFU.zip
EPFU,EPFU-53855789.wav,4.999022,500000,EPFU.zip
EPFU,EPFU-57364630.wav,2.998976,500000,EPFU.zip
EPFU,EPFU-29679794.wav,2.998976,500000,EPFU.zip
EPFU,EPFU-64861357.wav,5.0,500000,EPFU.zip
EPFU,EPFU-29625066.wav,2.998976,500000,EPFU.zip
EPFU,EPFU-31659575.wav,4.99992,500000,EPFU.zip
EPFU,EPFU-60350803.wav,5.257333333333333,384000,EPFU.zip
EPFU,EPFU-28415161.wav,4.998976,500000,EPFU.zip
EPFU,EPFU-64897936.wav,5.0,500000,EPFU.zip
EPFU,EPFU-55348047.wav,6.0,384000,EPFU.zip
EPFU,EPFU-33368.wav,3.513,256000,EPFU.zip
EPFU,EPFU-30354576.wav,2.998976,500000,EPFU.zip
EPFU,EPFU-53786762.wav,4.999022,500000,EPFU.zip
EPFU,EPFU-73600766.wav,5.0,256000,EPFU.zip
EPFU,EPFU-73541097.wav,5.0,256000,EPFU.zip
EPFU,EPFU-30377060.wav,2.998976,500000,EPFU.zip
EPFU,EPFU-55385582.wav,2.998976,500000,EPFU.zip
EPFU,EPFU-30505281.wav,2.998976,500000,EPFU.zip
EPFU,EPFU-57060141.wav,4.417,256000,EPFU.zip
EPFU,EPFU-30488886.wav,6.0,384000,EPFU.zip
EPFU,EPFU-28525294.wav,5.0,192000,EPFU.zip
EPFU,EPFU-2870784.wav,4.999022,500000,EPFU.zip
EPFU,EPFU-55476545.wav,4.998976,500000,EPFU.zip
EPFU,EPFU-58024101.wav,5.922,256000,EPFU.zip
EPFU,EPFU-30358570.wav,2.998976,500000,EPFU.zip
EPFU,EPFU-1320955.wav,4.99837,300000,EPFU.zip
EPFU,EPFU-55478973.wav,4.998976,500000,EPFU.zip
EPFU,EPFU-28480321.wav,5.0,192000,EPFU.zip
EPFU,EPFU-27240380.wav,0.998976,500000,EPFU.zip
EPFU,EPFU-60111056.wav,3.0,500000,EPFU.zip
EPFU,EPFU-73613824.wav,4.810666666666667,192000,EPFU.zip
EPFU,EPFU-2877919.wav,5.0,256000,EPFU.zip
EPFU,EPFU-28502431.wav,5.0,192000,EPFU.zip
EPFU,EPFU-29734439.wav,5.0,192000,EPFU.zip
EPFU,EPFU-30353926.wav,2.998976,500000,EPFU.zip
EPFU,EPFU-33372.wav,5.435,256000,EPFU.zip
EPFU,EPFU-29934185.wav,6.082,256000,EPFU.zip
EPFU,EPFU-63085982.wav,6.0,384000,EPFU.zip
EPFU,EPFU-29932490.wav,5.404,256000,EPFU.zip
EPFU,EPFU-28519966.wav,5.0,192000,EPFU.zip
EPFU,EPFU-29448265.wav,4.32,192000,EPFU.zip
EPFU,EPFU-58024100.wav,6.044,256000,EPFU.zip
EPFU,EPFU-56649939.wav,6.0,384000,EPFU.zip
EPFU,EPFU-30389613.wav,2.998976,500000,EPFU.zip
EPFU,EPFU-28462748.wav,5.0,192000,EPFU.zip
EPFU,EPFU-2578964.wav,4.998976,500000,EPFU.zip
EPFU,EPFU-30488882.wav,6.0,384000,EPFU.zip
EPFU,EPFU-56651805.wav,6.0,384000,EPFU.zip
EPFU,EPFU-29876032.wav,5.004,192000,EPFU.zip
EPFU,EPFU-2625361.wav,4.998976,500000,EPFU.zip
EPFU,EPFU-29737253.wav,4.4,192000,EPFU.zip
EPFU,EPFU-30488883.wav,6.0,384000,EPFU.zip
EPFU,EPFU-56650874.wav,6.0,384000,EPFU.zip
EPFU,EPFU-56651048.wav,6.0,384000,EPFU.zip
EPFU,EPFU-33371.wav,7.446,256000,EPFU.zip
EPFU,EPFU-30384202.wav,2.998976,500000,EPFU.zip
EPFU,EPFU-28710597.wav,5.004,192000,EPFU.zip
EPFU,EPFU-29781506.wav,5.0,192000,EPFU.zip
EPFU,EPFU-73569999.wav,5.004,192000,EPFU.zip
EPFU,EPFU-29837753.wav,5.0,192000,EPFU.zip
EPFU,EPFU-60293520.wav,5.0,500000,EPFU.zip
EPFU,EPFU-28468767.wav,5.0,192000,EPFU.zip
EPFU,EPFU-29445607.wav,5.0,192000,EPFU.zip
EPFU,EPFU-60351805.wav,6.0,384000,EPFU.zip
EPFU,EPFU-3035909.wav,4.999022,500000,EPFU.zip
EPFU,EPFU-28524469.wav,5.0,192000,EPFU.zip
EPFU,EPFU-29297235.wav,5.004,192000,EPFU.zip
EPFU,EPFU-29724013.wav,5.004,192000,EPFU.zip
EPFU,EPFU-58050220.wav,5.0,500000,EPFU.zip
EPFU,EPFU-31664495.wav,4.99992,500000,EPFU.zip
EPFU,EPFU-57059149.wav,3.988,256000,EPFU.zip
EPFU,EPFU-29951278.wav,5.0,256000,EPFU.zip
EPFU,EPFU-33484690.wav,8.012,256000,EPFU.zip
EPFU,EPFU-31868738.wav,4.99992,500000,EPFU.zip
EPFU,EPFU-73536758.wav,5.004,192000,EPFU.zip
EPFU,EPFU-60293480.wav,5.0,500000,EPFU.zip
EPFU,EPFU-29720776.wav,5.0,192000,EPFU.zip
EPFU,EPFU-27206071.wav,2.998976,500000,EPFU.zip
EPFU,EPFU-60293864.wav,5.0,500000,EPFU.zip
EPFU,EPFU-29873305.wav,5.004,192000,EPFU.zip
EPFU,EPFU-63090446.wav,6.0,384000,EPFU.zip
EPFU,EPFU-30405420.wav,2.998976,500000,EPFU.zip
EPFU,EPFU-28392536.wav,6.0,384000,EPFU.zip
EPFU,EPFU-63090524.wav,6.0,384000,EPFU.zip
EPFU,EPFU-31678302.wav,4.99992,500000,EPFU.zip
EPFU,EPFU-29622528.wav,2.998976,500000,EPFU.zip
EPFU,EPFU-2071507.wav,4.998976,500000,EPFU.zip
EPFU,EPFU-57365873.wav,2.998976,500000,EPFU.zip
EPFU,EPFU-56678220.wav,2.995292,500000,EPFU.zip
EPFU,EPFU-64886535.wav,5.0,500000,EPFU.zip
EPFU,EPFU-30354602.wav,2.998976,500000,EPFU.zip
EPFU,EPFU-30603227.wav,2.998976,500000,EPFU.zip
EPFU,EPFU-1321460.wav,4.999022,500000,EPFU.zip
EPFU,EPFU-228217.wav,4.998976,500000,EPFU.zip
EPFU,EPFU-60489081.wav,5.0,500000,EPFU.zip
EPFU,EPFU-60370082.wav,7.828,256000,EPFU.zip
EPFU,EPFU-30332144.wav,2.998976,500000,EPFU.zip
EPFU,EPFU-34096476.wav,2.998976,500000,EPFU.zip
EPFU,EPFU-33535205.wav,4.998976,500000,EPFU.zip
EPFU,EPFU-29085905.wav,4.998976,500000,EPFU.zip
EPFU,EPFU-57346702.wav,4.998976,500000,EPFU.zip
EPFU,EPFU-28468814.wav,5.0,192000,EPFU.zip
EPFU,EPFU-73613520.wav,5.004,192000,EPFU.zip
EPFU,EPFU-73539941.wav,5.0,256000,EPFU.zip
EPFU,EPFU-28445332.wav,5.0,192000,EPFU.zip
EPFU,EPFU-29963446.wav,3.786,256000,EPFU.zip
EPFU,EPFU-28515212.wav,5.0,192000,EPFU.zip
EPFU,EPFU-30353427.wav,2.998976,500000,EPFU.zip
EPFU,EPFU-2029389.wav,5.614,256000,EPFU.zip
EPFU,EPFU-29819837.wav,5.004,192000,EPFU.zip
EPFU,EPFU-28485816.wav,5.0,192000,EPFU.zip
EPFU,EPFU-64877402.wav,5.0,500000,EPFU.zip
EPFU,EPFU-29717403.wav,5.0,192000,EPFU.zip
EPFU,EPFU-2950447.wav,4.995072,500000,EPFU.zip
EPFU,EPFU-29788720.wav,5.004,192000,EPFU.zip
EPFU,EPFU-57346703.wav,4.998976,500000,EPFU.zip
EPFU,EPFU-30353955.wav,2.998976,500000,EPFU.zip
EPFU,EPFU-33493249.wav,2.998976,500000,EPFU.zip
EPFU,EPFU-30353919.wav,2.998976,500000,EPFU.zip
EPFU,EPFU-73518296.wav,5.004,192000,EPFU.zip
EPFU,EPFU-28637602.wav,5.0,192000,EPFU.zip
EPFU,EPFU-29788694.wav,5.004,192000,EPFU.zip
EPFU,EPFU-3033727.wav,4.999022,500000,EPFU.zip
EPFU,EPFU-31630694.wav,4.99992,500000,EPFU.zip
EPFU,EPFU-29797805.wav,4.1546666666666665,192000,EPFU.zip
EPFU,EPFU-73600570.wav,5.0,256000,EPFU.zip
EPFU,EPFU-31869987.wav,4.99992,500000,EPFU.zip
EPFU,EPFU-28495546.wav,5.0,192000,EPFU.zip
EPFU,EPFU-55347772.wav,6.0,384000,EPFU.zip
EPFU,EPFU-29336405.wav,5.0,192000,EPFU.zip
EPFU,EPFU-73625098.wav,5.0,256000,EPFU.zip
EPFU,EPFU-29743233.wav,5.0,192000,EPFU.zip
EPFU,EPFU-29951300.wav,5.0,256000,EPFU.zip
EPFU,EPFU-56652177.wav,6.0,384000,EPFU.zip
EPFU,EPFU-29625201.wav,2.998976,500000,EPFU.zip
EPFU,EPFU-2880556.wav,5.0,256000,EPFU.zip
EPFU,EPFU-29841019.wav,5.004,192000,EPFU.zip
EPFU,EPFU-27206106.wav,2.998976,500000,EPFU.zip
EPFU,EPFU-1315733.wav,4.99837,300000,EPFU.zip
EPFU,EPFU-29840562.wav,3.477333333333333,192000,EPFU.zip
EPFU,EPFU-33493267.wav,2.998976,500000,EPFU.zip
EPFU,EPFU-30501938.wav,2.998976,500000,EPFU.zip
EPFU,EPFU-29855825.wav,4.998666666666667,192000,EPFU.zip
EPFU,EPFU-2043181.wav,4.999,256000,EPFU.zip
EPFU,EPFU-29934184.wav,5.2,256000,EPFU.zip
EPFU,EPFU-1555589.wav,7.098,256000,EPFU.zip
EPFU,EPFU-64879809.wav,5.0,500000,EPFU.zip
EPFU,EPFU-12632679.wav,4.998976,500000,EPFU.zip
EPFU,EPFU-28339053.wav,6.481,256000,EPFU.zip
EPFU,EPFU-31853949.wav,4.99992,500000,EPFU.zip
EPFU,EPFU-34095719.wav,2.998976,500000,EPFU.zip
EPFU,EPFU-34096007.wav,4.998976,500000,EPFU.zip
EPFU,EPFU-32855992.wav,7.284,256000,EPFU.zip
EPFU,EPFU-31847189.wav,4.99992,500000,EPFU.zip
EPFU,EPFU-28331972.wav,6.0,384000,EPFU.zip
EPFU,EPFU-64870564.wav,5.0,500000,EPFU.zip
EPFU,EPFU-2810312.wav,4.999022,500000,EPFU.zip
EPFU,EPFU-1936820.wav,4.999022,500000,EPFU.zip
EPFU,EPFU-13599635.wav,4.998976,500000,EPFU.zip
EPFU,EPFU-2068705.wav,4.998976,500000,EPFU.zip
EPFU,EPFU-30369478.wav,2.998976,500000,EPFU.zip
EPFU,EPFU-55384906.wav,4.998976,500000,EPFU.zip
EPFU,EPFU-29221188.wav,4.998976,500000,EPFU.zip
EPFU,EPFU-64880049.wav,5.0,500000,EPFU.zip
EPFU,EPFU-1922199.wav,7.589,256000,EPFU.zip
EPFU,EPFU-32903979.wav,6.864,256000,EPFU.zip
EPFU,EPFU-74890790.wav,6.744,256000,EPFU.zip
EPFU,EPFU-29836765.wav,4.957333333333334,192000,EPFU.zip
EPFU,EPFU-2871415.wav,4.999022,500000,EPFU.zip
EPFU,EPFU-30323604.wav,2.998976,500000,EPFU.zip
EPFU,EPFU-29872434.wav,5.004,192000,EPFU.zip
EPFU,EPFU-34095739.wav,2.998976,500000,EPFU.zip
EPFU,EPFU-64877403.wav,5.0,500000,EPFU.zip
EPFU,EPFU-28479061.wav,5.0,192000,EPFU.zip
EPFU,EPFU-28548915.wav,5.842666666666666,384000,EPFU.zip
EPFU,EPFU-2880425.wav,4.864,256000,EPFU.zip
EPFU,EPFU-2248398.wav,3.866,256000,EPFU.zip
EPFU,EPFU-29841542.wav,5.004,192000,EPFU.zip
EPFU,EPFU-30505318.wav,2.998976,500000,EPFU.zip
EPFU,EPFU-73600767.wav,5.0,256000,EPFU.zip
EPFU,EPFU-64894209.wav,5.0,500000,EPFU.zip
EPFU,EPFU-56650159.wav,6.0,384000,EPFU.zip
EPFU,EPFU-64894208.wav,5.0,500000,EPFU.zip
EPFU,EPFU-29307165.wav,4.998976,500000,EPFU.zip
EPFU,EPFU-213722.wav,4.998976,500000,EPFU.zip
EPFU,EPFU-2638355.wav,4.998976,500000,EPFU.zip
EPFU,EPFU-64895581.wav,3.0,500000,EPFU.zip
EPFU,EPFU-2029379.wav,7.43,256000,EPFU.zip
EPFU,EPFU-29810611.wav,4.890666666666666,192000,EPFU.zip
EPFU,EPFU-2638656.wav,4.998976,500000,EPFU.zip
EPFU,EPFU-2955506.wav,4.995072,500000,EPFU.zip
EPFU,EPFU-73535757.wav,5.004,192000,EPFU.zip
EPFU,EPFU-57097839.wav,4.998976,500000,EPFU.zip
EPFU,EPFU-56190549.wav,3.006,256000,EPFU.zip
EPFU,EPFU-55475926.wav,4.998976,500000,EPFU.zip
EPFU,EPFU-29930543.wav,7.796,256000,EPFU.zip
EPFU,EPFU-55408182.wav,3.784,256000,EPFU.zip
EPFU,EPFU-29963433.wav,5.0,256000,EPFU.zip
EPFU,EPFU-29960166.wav,4.999,256000,EPFU.zip
EPFU,EPFU-34095871.wav,4.998976,500000,EPFU.zip
EPFU,EPFU-73571456.wav,5.004,192000,EPFU.zip
EPFU,EPFU-32883123.wav,6.0,384000,EPFU.zip
EPFU,EPFU-64862050.wav,5.0,500000,EPFU.zip
EPFU,EPFU-60352012.wav,6.0,384000,EPFU.zip
EPFU,EPFU-2957122.wav,4.995072,500000,EPFU.zip
EPFU,EPFU-56742242.wav,8.046,256000,EPFU.zip
EPFU,EPFU-57370241.wav,2.998976,500000,EPFU.zip
EPFU,EPFU-29293768.wav,5.0,192000,EPFU.zip
EPFU,EPFU-73535563.wav,5.004,192000,EPFU.zip
EPFU,EPFU-28366146.wav,6.0,384000,EPFU.zip
EPFU,EPFU-30353933.wav,2.998976,500000,EPFU.zip
EPFU,EPFU-26714066.wav,6.0,384000,EPFU.zip
EPFU,EPFU-33622206.wav,4.998976,500000,EPFU.zip
EPFU,EPFU-53856915.wav,4.998976,500000,EPFU.zip
EPFU,EPFU-28524881.wav,5.0,192000,EPFU.zip
EPFU,EPFU-29951290.wav,3.434,256000,EPFU.zip
EPFU,EPFU-94769.wav,7.74,256000,EPFU.zip
EPFU,EPFU-28412885.wav,4.998976,500000,EPFU.zip
EPFU,EPFU-2255712.wav,2.554,256000,EPFU.zip
EPFU,EPFU-2930754.wav,4.995072,500000,EPFU.zip
EPFU,EPFU-30450921.wav,2.998976,500000,EPFU.zip
EPFU,EPFU-60293892.wav,3.0,500000,EPFU.zip
EPFU,EPFU-28518600.wav,5.0,192000,EPFU.zip
EPFU,EPFU-33846433.wav,6.0,384000,EPFU.zip
EPFU,EPFU-29717519.wav,5.0,192000,EPFU.zip
EPFU,EPFU-29841349.wav,5.004,192000,EPFU.zip
EPFU,EPFU-30501611.wav,2.998976,500000,EPFU.zip
EPFU,EPFU-3031151.wav,4.999022,500000,EPFU.zip
EPFU,EPFU-2044654.wav,3.876,256000,EPFU.zip
EPFU,EPFU-29784378.wav,4.346666666666667,192000,EPFU.zip
EPFU,EPFU-29838633.wav,5.004,192000,EPFU.zip
EPFU,EPFU-31627257.wav,4.99992,500000,EPFU.zip
EPFU,EPFU-73544799.wav,5.0,256000,EPFU.zip
EPFU,EPFU-29812996.wav,5.0,192000,EPFU.zip
EPFU,EPFU-35540786.wav,6.0,256000,EPFU.zip
EPFU,EPFU-29719353.wav,5.004,192000,EPFU.zip
EPFU,EPFU-29969041.wav,2.59,256000,EPFU.zip
EPFU,EPFU-29085904.wav,4.998976,500000,EPFU.zip
EPFU,EPFU-28442758.wav,4.7785520833333335,192000,EPFU.zip
EPFU,EPFU-2032403.wav,4.999,256000,EPFU.zip
EPFU,EPFU-73535712.wav,5.004,192000,EPFU.zip
EPFU,EPFU-1986521.wav,6.0,384000,EPFU.zip
EPFU,EPFU-30508034.wav,2.998976,500000,EPFU.zip
EPFU,EPFU-73592938.wav,5.0,256000,EPFU.zip
EPFU,EPFU-29931494.wav,5.846,256000,EPFU.zip
EPFU,EPFU-53855662.wav,4.999022,500000,EPFU.zip
EPFU,EPFU-2901855.wav,4.995072,500000,EPFU.zip
EPFU,EPFU-3045068.wav,4.999022,500000,EPFU.zip
EPFU,EPFU-73541419.wav,5.0,256000,EPFU.zip
EPFU,EPFU-28445891.wav,5.0,192000,EPFU.zip
EPFU,EPFU-29774790.wav,4.558666666666666,192000,EPFU.zip
EPFU,EPFU-73623647.wav,5.0,256000,EPFU.zip
EPFU,EPFU-57357465.wav,0.998976,500000,EPFU.zip
EPFU,EPFU-28599409.wav,5.0,192000,EPFU.zip
EPFU,EPFU-26713119.wav,6.0,384000,EPFU.zip
EPFU,EPFU-30501987.wav,2.998976,500000,EPFU.zip
EPFU,EPFU-31849275.wav,4.99992,500000,EPFU.zip
EPFU,EPFU-29924462.wav,4.999,256000,EPFU.zip
EPFU,EPFU-57092426.wav,4.998976,500000,EPFU.zip
EPFU,EPFU-2313877.wav,4.999022,500000,EPFU.zip
EPFU,EPFU-57092758.wav,4.998976,500000,EPFU.zip
EPFU,EPFU-29873654.wav,5.004,192000,EPFU.zip
EPFU,EPFU-28408494.wav,4.998976,500000,EPFU.zip
EPFU,EPFU-28709272.wav,5.004,192000,EPFU.zip
EPFU,EPFU-31637047.wav,4.99992,500000,EPFU.zip
EPFU,EPFU-29774801.wav,5.004,192000,EPFU.zip
EPFU,EPFU-29930435.wav,7.48,256000,EPFU.zip
EPFU,EPFU-28411769.wav,6.0,384000,EPFU.zip
EPFU,EPFU-33989620.wav,5.0,256000,EPFU.zip
EPFU,EPFU-31863418.wav,4.99992,500000,EPFU.zip
EPFU,EPFU-2916943.wav,4.995072,500000,EPFU.zip
EPFU,EPFU-5007.wav,6.0,384000,EPFU.zip
EPFU,EPFU-64894745.wav,5.0,500000,EPFU.zip
EPFU,EPFU-1986204.wav,6.0,384000,EPFU.zip
EPFU,EPFU-29718937.wav,4.998666666666667,192000,EPFU.zip
EPFU,EPFU-73571316.wav,5.004,192000,EPFU.zip
EPFU,EPFU-29934183.wav,8.01,256000,EPFU.zip
EPFU,EPFU-28372571.wav,4.998976,500000,EPFU.zip
EPFU,EPFU-1984562.wav,6.0,384000,EPFU.zip
EPFU,EPFU-29736890.wav,5.0,192000,EPFU.zip
EPFU,EPFU-29872745.wav,5.004,192000,EPFU.zip
EPFU,EPFU-30387591.wav,2.998976,500000,EPFU.zip
EPFU,EPFU-60354486.wav,6.0,384000,EPFU.zip
EPFU,EPFU-29620867.wav,2.998976,500000,EPFU.zip
EPFU,EPFU-29720703.wav,5.0,192000,EPFU.zip
EPFU,EPFU-28618838.wav,6.0,384000,EPFU.zip
EPFU,EPFU-64879808.wav,5.0,500000,EPFU.zip
EPFU,EPFU-64862049.wav,5.0,500000,EPFU.zip
EPFU,EPFU-63086554.wav,6.0,384000,EPFU.zip
EPFU,EPFU-29619365.wav,2.998976,500000,EPFU.zip
EPFU,EPFU-56652270.wav,6.0,384000,EPFU.zip
EPFU,EPFU-30325778.wav,2.998976,500000,EPFU.zip
EPFU,EPFU-30362082.wav,2.998976,500000,EPFU.zip
EPFU,EPFU-57364720.wav,2.998976,500000,EPFU.zip
EPFU,EPFU-60294140.wav,5.0,500000,EPFU.zip
EPFU,EPFU-74892967.wav,6.384,256000,EPFU.zip
EPFU,EPFU-29774890.wav,5.004,192000,EPFU.zip
EPFU,EPFU-63089858.wav,6.0,384000,EPFU.zip
EPFU,EPFU-73516382.wav,5.004,192000,EPFU.zip
EPFU,EPFU-73623708.wav,5.0,256000,EPFU.zip
EPFU,EPFU-57355596.wav,2.998976,500000,EPFU.zip
EPFU,EPFU-1949557.wav,4.999,256000,EPFU.zip
EPFU,EPFU-30659553.wav,4.998976,500000,EPFU.zip
EPFU,EPFU-1369309.wav,2.998976,500000,EPFU.zip
EPFU,EPFU-29924585.wav,4.882,256000,EPFU.zip
EPFU,EPFU-402174.wav,2.998976,500000,EPFU.zip
EPFU,EPFU-54139305.wav,4.998976,500000,EPFU.zip
EPFU,EPFU-12481291.wav,4.998976,500000,EPFU.zip
EPFU,EPFU-54299583.wav,6.0,384000,EPFU.zip
EPFU,EPFU-28352020.wav,4.998976,500000,EPFU.zip
EPFU,EPFU-55385783.wav,2.998976,500000,EPFU.zip
EPFU,EPFU-31849664.wav,4.99992,500000,EPFU.zip
EPFU,EPFU-2932989.wav,4.995072,500000,EPFU.zip
EPFU,EPFU-55412934.wav,6.842,256000,EPFU.zip
EPFU,EPFU-56652010.wav,6.0,384000,EPFU.zip
EPFU,EPFU-28367960.wav,4.998976,500000,EPFU.zip
EPFU,EPFU-64956511.wav,5.0,500000,EPFU.zip
EPFU,EPFU-64887439.wav,5.0,500000,EPFU.zip
EPFU,EPFU-33622200.wav,4.998976,500000,EPFU.zip
EPFU,EPFU-31627255.wav,4.99992,500000,EPFU.zip
EPFU,EPFU-28514548.wav,5.0,192000,EPFU.zip
EPFU,EPFU-1369388.wav,2.998976,500000,EPFU.zip
EPFU,EPFU-57092519.wav,4.998976,500000,EPFU.zip
EPFU,EPFU-28421459.wav,4.998976,500000,EPFU.zip
EPFU,EPFU-29719610.wav,4.528,192000,EPFU.zip
EPFU,EPFU-73521699.wav,5.004,192000,EPFU.zip
EPFU,EPFU-34095722.wav,2.998976,500000,EPFU.zip
EPFU,EPFU-2877595.wav,3.958,256000,EPFU.zip
EPFU,EPFU-29840430.wav,4.608,192000,EPFU.zip
EPFU,EPFU-28468700.wav,5.0,192000,EPFU.zip
EPFU,EPFU-73613514.wav,5.004,192000,EPFU.zip
EPFU,EPFU-55408187.wav,5.0,256000,EPFU.zip
EPFU,EPFU-29931496.wav,7.512,256000,EPFU.zip
EPFU,EPFU-30501989.wav,2.998976,500000,EPFU.zip
EPFU,EPFU-56655739.wav,4.995292,500000,EPFU.zip
EPFU,EPFU-29836749.wav,5.0,192000,EPFU.zip
EPFU,EPFU-2137385.wav,6.0,384000,EPFU.zip
EPFU,EPFU-33622142.wav,4.998976,500000,EPFU.zip
EPFU,EPFU-28297165.wav,5.0,192000,EPFU.zip
EPFU,EPFU-2858372.wav,4.999022,500000,EPFU.zip
EPFU,EPFU-28479088.wav,5.0,192000,EPFU.zip
EPFU,EPFU-2068968.wav,4.998976,500000,EPFU.zip
EPFU,EPFU-29617267.wav,2.998976,500000,EPFU.zip
EPFU,EPFU-64954375.wav,6.0,384000,EPFU.zip
EPFU,EPFU-64887440.wav,5.0,500000,EPFU.zip
EPFU,EPFU-28502820.wav,5.0,192000,EPFU.zip
EPFU,EPFU-55389284.wav,4.998976,500000,EPFU.zip
EPFU,EPFU-29779097.wav,5.004,192000,EPFU.zip
EPFU,EPFU-30382748.wav,2.998976,500000,EPFU.zip
EPFU,EPFU-2931531.wav,4.995072,500000,EPFU.zip
EPFU,EPFU-33492884.wav,4.998976,500000,EPFU.zip
EPFU,EPFU-28421695.wav,4.998976,500000,EPFU.zip
EPFU,EPFU-64894746.wav,5.0,500000,EPFU.zip
EPFU,EPFU-29304401.wav,4.998976,500000,EPFU.zip
EPFU,EPFU-2143047.wav,6.0,384000,EPFU.zip
EPFU,EPFU-30353912.wav,2.998976,500000,EPFU.zip
EPFU,EPFU-29617541.wav,2.998976,500000,EPFU.zip
EPFU,EPFU-57366653.wav,2.998976,500000,EPFU.zip
EPFU,EPFU-29841559.wav,5.004,192000,EPFU.zip
EPFU,EPFU-54149684.wav,4.998976,500000,EPFU.zip
EPFU,EPFU-2068132.wav,4.998976,500000,EPFU.zip
EPFU,EPFU-73586263.wav,5.0,256000,EPFU.zip
EPFU,EPFU-54144825.wav,4.998976,500000,EPFU.zip
EPFU,EPFU-28391267.wav,4.998976,500000,EPFU.zip
EPFU,EPFU-30369480.wav,2.998976,500000,EPFU.zip
EPFU,EPFU-26714065.wav,6.0,384000,EPFU.zip
EPFU,EPFU-29780028.wav,5.0,192000,EPFU.zip
EPFU,EPFU-32860801.wav,5.476,256000,EPFU.zip
EPFU,EPFU-95165.wav,8.024,256000,EPFU.zip
EPFU,EPFU-64869410.wav,5.0,500000,EPFU.zip
EPFU,EPFU-29783493.wav,5.0,192000,EPFU.zip
EPFU,EPFU-34087174.wav,6.677,256000,EPFU.zip
EPFU,EPFU-1369387.wav,2.998976,500000,EPFU.zip
EPFU,EPFU-56651516.wav,6.0,384000,EPFU.zip
EPFU,EPFU-28421457.wav,4.998976,500000,EPFU.zip
EPFU,EPFU-29959844.wav,4.999,256000,EPFU.zip
EPFU,EPFU-62886285.wav,5.222,256000,EPFU.zip
EPFU,EPFU-29924176.wav,4.999,256000,EPFU.zip
EPFU,EPFU-53853988.wav,4.998976,500000,EPFU.zip
EPFU,EPFU-34090154.wav,4.71,256000,EPFU.zip
EPFU,EPFU-2816634.wav,4.999022,500000,EPFU.zip
EPFU,EPFU-56653022.wav,6.0,384000,EPFU.zip
EPFU,EPFU-26590230.wav,5.171,256000,EPFU.zip
EPFU,EPFU-29951718.wav,3.738,256000,EPFU.zip
EPFU,EPFU-3027464.wav,4.999022,500000,EPFU.zip
EPFU,EPFU-29320071.wav,5.004,192000,EPFU.zip
EPFU,EPFU-2251804.wav,7.871,256000,EPFU.zip
EPFU,EPFU-28310710.wav,5.0,192000,EPFU.zip
EPFU,EPFU-28588312.wav,6.0,384000,EPFU.zip
EPFU,EPFU-16480163.wav,6.108,256000,EPFU.zip
EPFU,EPFU-36371963.wav,4.299,256000,EPFU.zip
EPFU,EPFU-53786695.wav,4.999022,500000,EPFU.zip
EPFU,EPFU-29296416.wav,5.0,192000,EPFU.zip
EPFU,EPFU-55475575.wav,4.998976,500000,EPFU.zip
EPFU,EPFU-60111189.wav,3.0,500000,EPFU.zip
EPFU,EPFU-29849459.wav,5.0,192000,EPFU.zip
EPFU,EPFU-30354579.wav,2.998976,500000,EPFU.zip
EPFU,EPFU-31662861.wav,4.99992,500000,EPFU.zip
EPFU,EPFU-29970252.wav,5.0,256000,EPFU.zip
EPFU,EPFU-60294341.wav,5.0,500000,EPFU.zip
EPFU,EPFU-2936028.wav,4.995072,500000,EPFU.zip
EPFU,EPFU-28518959.wav,5.0,192000,EPFU.zip
EPFU,EPFU-3014313.wav,4.999022,500000,EPFU.zip
EPFU,EPFU-63091668.wav,6.0,384000,EPFU.zip
EPFU,EPFU-2030360.wav,4.435,256000,EPFU.zip
EPFU,EPFU-27206105.wav,2.998976,500000,EPFU.zip
EPFU,EPFU-2039699.wav,3.685,256000,EPFU.zip
EPFU,EPFU-27202272.wav,2.998976,500000,EPFU.zip
EPFU,EPFU-2045510.wav,2.92,256000,EPFU.zip
EPFU,EPFU-12591042.wav,4.998976,500000,EPFU.zip
EPFU,EPFU-73593090.wav,5.0,256000,EPFU.zip
EPFU,EPFU-2854343.wav,2.999022,500000,EPFU.zip
EPFU,EPFU-28993414.wav,5.004,192000,EPFU.zip
EPFU,EPFU-64876487.wav,5.0,500000,EPFU.zip
EPFU,EPFU-28501414.wav,5.0,192000,EPFU.zip
EPFU,EPFU-29782523.wav,5.0,192000,EPFU.zip
EPFU,EPFU-29949909.wav,4.614,256000,EPFU.zip
EPFU,EPFU-29328863.wav,5.0,192000,EPFU.zip
EPFU,EPFU-29953781.wav,5.0,256000,EPFU.zip
EPFU,EPFU-30501685.wav,2.998976,500000,EPFU.zip
EPFU,EPFU-54149924.wav,4.998976,500000,EPFU.zip
EPFU,EPFU-58049232.wav,5.0,500000,EPFU.zip
EPFU,EPFU-28448597.wav,5.0,192000,EPFU.zip
EPFU,EPFU-33485896.wav,4.998976,500000,EPFU.zip
EPFU,EPFU-28519636.wav,5.0,192000,EPFU.zip
EPFU,EPFU-30360216.wav,2.998976,500000,EPFU.zip
EPFU,EPFU-28521713.wav,5.0,192000,EPFU.zip
EPFU,EPFU-269860.wav,5.704,256000,EPFU.zip
EPFU,EPFU-2272153.wav,7.008,256000,EPFU.zip
EPFU,EPFU-31621388.wav,4.99992,500000,EPFU.zip
EPFU,EPFU-29857027.wav,4.998666666666667,192000,EPFU.zip
EPFU,EPFU-55384795.wav,4.998976,500000,EPFU.zip
EPFU,EPFU-30594628.wav,2.998976,500000,EPFU.zip
EPFU,EPFU-30351132.wav,2.998976,500000,EPFU.zip
EPFU,EPFU-34382922.wav,2.998976,500000,EPFU.zip
EPFU,EPFU-28482755.wav,5.0,192000,EPFU.zip
EPFU,EPFU-1936819.wav,4.999022,500000,EPFU.zip
EPFU,EPFU-73597238.wav,4.994,256000,EPFU.zip
EPFU,EPFU-2849103.wav,4.999022,500000,EPFU.zip
EPFU,EPFU-60489093.wav,5.0,500000,EPFU.zip
EPFU,EPFU-73613509.wav,5.004,192000,EPFU.zip
EPFU,EPFU-28466466.wav,5.0,192000,EPFU.zip
EPFU,EPFU-29739836.wav,4.998666666666667,192000,EPFU.zip
EPFU,EPFU-54320001.wav,6.0,384000,EPFU.zip
EPFU,EPFU-1557050.wav,7.08,256000,EPFU.zip
EPFU,EPFU-2264087.wav,7.797,256000,EPFU.zip
EPFU,EPFU-26714197.wav,6.0,384000,EPFU.zip
EPFU,EPFU-29862521.wav,5.0,192000,EPFU.zip
EPFU,EPFU-28707748.wav,5.004,192000,EPFU.zip
EPFU,EPFU-32907137.wav,5.824,256000,EPFU.zip
EPFU,EPFU-53877271.wav,4.998976,500000,EPFU.zip
EPFU,EPFU-34095713.wav,2.998976,500000,EPFU.zip
EPFU,EPFU-2946087.wav,4.995072,500000,EPFU.zip
EPFU,EPFU-30354142.wav,2.998976,500000,EPFU.zip
EPFU,EPFU-30353930.wav,2.998976,500000,EPFU.zip
EPFU,EPFU-29838670.wav,5.004,192000,EPFU.zip
EPFU,EPFU-55478853.wav,4.998976,500000,EPFU.zip
EPFU,EPFU-30369464.wav,2.998976,500000,EPFU.zip
EPFU,EPFU-29784015.wav,5.0,192000,EPFU.zip
EPFU,EPFU-57092477.wav,4.998976,500000,EPFU.zip
EPFU,EPFU-63113826.wav,4.998976,500000,EPFU.zip
EPFU,EPFU-28499838.wav,5.0,192000,EPFU.zip
EPFU,EPFU-29284487.wav,5.0,192000,EPFU.zip
EPFU,EPFU-2071527.wav,4.998976,500000,EPFU.zip
EPFU,EPFU-58054936.wav,6.0,384000,EPFU.zip
EPFU,EPFU-57365042.wav,2.998976,500000,EPFU.zip
EPFU,EPFU-60293911.wav,5.0,500000,EPFU.zip
EPFU,EPFU-29617765.wav,2.998976,500000,EPFU.zip
EPFU,EPFU-28268803.wav,3.784,192000,EPFU.zip
EPFU,EPFU-28468681.wav,5.0,192000,EPFU.zip
EPFU,EPFU-2035832.wav,4.438,256000,EPFU.zip
EPFU,EPFU-34097468.wav,4.464,256000,EPFU.zip
EPFU,EPFU-60354240.wav,6.0,384000,EPFU.zip
EPFU,EPFU-64896949.wav,3.0,500000,EPFU.zip
EPFU,EPFU-31619593.wav,4.99992,500000,EPFU.zip
EPFU,EPFU-31638961.wav,4.99992,500000,EPFU.zip
EPFU,EPFU-60489069.wav,5.0,500000,EPFU.zip
EPFU,EPFU-2898084.wav,4.995072,500000,EPFU.zip
EPFU,EPFU-56678272.wav,2.995292,500000,EPFU.zip
EPFU,EPFU-55389247.wav,4.998976,500000,EPFU.zip
EPFU,EPFU-2244501.wav,4.482,256000,EPFU.zip
EPFU,EPFU-64897929.wav,5.0,500000,EPFU.zip
EPFU,EPFU-2903661.wav,4.995072,500000,EPFU.zip
EPFU,EPFU-53786608.wav,4.999022,500000,EPFU.zip
EPFU,EPFU-63085617.wav,6.0,384000,EPFU.zip
EPFU,EPFU-30501916.wav,2.998976,500000,EPFU.zip
EPFU,EPFU-3043680.wav,4.999022,500000,EPFU.zip
EPFU,EPFU-53786795.wav,4.999022,500000,EPFU.zip
EPFU,EPFU-2809844.wav,4.999022,500000,EPFU.zip
EPFU,EPFU-60354239.wav,6.0,384000,EPFU.zip
EPFU,EPFU-31633190.wav,4.99992,500000,EPFU.zip
EPFU,EPFU-60294106.wav,5.0,500000,EPFU.zip
EPFU,EPFU-3040154.wav,4.999022,500000,EPFU.zip
EPFU,EPFU-53855786.wav,4.999022,500000,EPFU.zip
EPFU,EPFU-73626240.wav,5.0,256000,EPFU.zip
EPFU,EPFU-30380847.wav,2.998976,500000,EPFU.zip
EPFU,EPFU-2632075.wav,4.998976,500000,EPFU.zip
EPFU,EPFU-30359179.wav,2.998976,500000,EPFU.zip
EPFU,EPFU-30377043.wav,4.995292,500000,EPFU.zip
EPFU,EPFU-29781287.wav,5.0,192000,EPFU.zip
EPFU,EPFU-36371815.wav,2.136,256000,EPFU.zip
EPFU,EPFU-54138870.wav,4.998976,500000,EPFU.zip
EPFU,EPFU-57346710.wav,4.998976,500000,EPFU.zip
EPFU,EPFU-2887253.wav,4.995072,500000,EPFU.zip
EPFU,EPFU-28468281.wav,5.0,192000,EPFU.zip
EPFU,EPFU-73608930.wav,5.0,256000,EPFU.zip
EPFU,EPFU-29874092.wav,5.004,192000,EPFU.zip
EPFU,EPFU-58766359.wav,4.998976,500000,EPFU.zip
EPFU,EPFU-33533781.wav,4.998976,500000,EPFU.zip
EPFU,EPFU-64895582.wav,3.0,500000,EPFU.zip
EPFU,EPFU-63090802.wav,6.0,384000,EPFU.zip
EPFU,EPFU-73525133.wav,5.004,192000,EPFU.zip
EPFU,EPFU-28361738.wav,6.0,384000,EPFU.zip
EPFU,EPFU-57366609.wav,2.998976,500000,EPFU.zip
EPFU,EPFU-28514537.wav,5.0,192000,EPFU.zip
EPFU,EPFU-3050802.wav,2.999022,500000,EPFU.zip
EPFU,EPFU-29619371.wav,2.998976,500000,EPFU.zip
EPFU,EPFU-28421880.wav,4.998976,500000,EPFU.zip
EPFU,EPFU-34095737.wav,2.998976,500000,EPFU.zip
EPFU,EPFU-62886339.wav,4.654,256000,EPFU.zip
EPFU,EPFU-29811653.wav,5.0,192000,EPFU.zip
EPFU,EPFU-30358730.wav,2.998976,500000,EPFU.zip
EPFU,EPFU-60351069.wav,4.344,384000,EPFU.zip
EPFU,EPFU-55408185.wav,5.0,256000,EPFU.zip
EPFU,EPFU-28473982.wav,5.0,192000,EPFU.zip
EPFU,EPFU-33622788.wav,4.998976,500000,EPFU.zip
EPFU,EPFU-53870451.wav,4.998976,500000,EPFU.zip
EPFU,EPFU-2040034.wav,4.999,256000,EPFU.zip
EPFU,EPFU-64879807.wav,5.0,500000,EPFU.zip
EPFU,EPFU-30505327.wav,2.998976,500000,EPFU.zip
EPFU,EPFU-57365603.wav,2.998976,500000,EPFU.zip
EPFU,EPFU-73544924.wav,5.0,256000,EPFU.zip
EPFU,EPFU-73525976.wav,5.0,256000,EPFU.zip
EPFU,EPFU-2072466.wav,4.998976,500000,EPFU.zip
EPFU,EPFU-29934188.wav,7.442,256000,EPFU.zip
EPFU,EPFU-64895580.wav,3.0,500000,EPFU.zip
EPFU,EPFU-29743080.wav,5.0,192000,EPFU.zip
EPFU,EPFU-2867752.wav,4.999022,500000,EPFU.zip
EPFU,EPFU-29619238.wav,2.998976,500000,EPFU.zip
EPFU,EPFU-55408186.wav,5.0,256000,EPFU.zip
EPFU,EPFU-31658605.wav,4.99992,500000,EPFU.zip
EPFU,EPFU-29342329.wav,5.0,192000,EPFU.zip
EPFU,EPFU-29284651.wav,5.0,192000,EPFU.zip
EPFU,EPFU-27217449.wav,2.998976,500000,EPFU.zip
EPFU,EPFU-34096441.wav,2.998976,500000,EPFU.zip
EPFU,EPFU-64873013.wav,5.0,500000,EPFU.zip
EPFU,EPFU-29221187.wav,4.998976,500000,EPFU.zip
EPFU,EPFU-28521810.wav,5.0,192000,EPFU.zip
EPFU,EPFU-34095711.wav,2.998976,500000,EPFU.zip
EPFU,EPFU-29698218.wav,5.004,192000,EPFU.zip
EPFU,EPFU-30358379.wav,2.998976,500000,EPFU.zip
EPFU,EPFU-3039552.wav,4.999022,500000,EPFU.zip
EPFU,EPFU-28452247.wav,5.0,192000,EPFU.zip
EPFU,EPFU-28504132.wav,5.0,192000,EPFU.zip
EPFU,EPFU-31705688.wav,4.99992,500000,EPFU.zip
EPFU,EPFU-57379270.wav,5.832,256000,EPFU.zip
EPFU,EPFU-30642071.wav,4.998976,500000,EPFU.zip
EPFU,EPFU-30380835.wav,2.998976,500000,EPFU.zip
EPFU,EPFU-54319999.wav,6.0,384000,EPFU.zip
EPFU,EPFU-60354241.wav,6.0,384000,EPFU.zip
EPFU,EPFU-58055216.wav,6.0,384000,EPFU.zip
EPFU,EPFU-30369452.wav,2.998976,500000,EPFU.zip
EPFU,EPFU-53854138.wav,4.998976,500000,EPFU.zip
EPFU,EPFU-30358578.wav,2.998976,500000,EPFU.zip
EPFU,EPFU-28521160.wav,5.0,192000,EPFU.zip
EPFU,EPFU-28412066.wav,4.998976,500000,EPFU.zip
EPFU,EPFU-31858220.wav,4.99992,500000,EPFU.zip
EPFU,EPFU-58043206.wav,5.766666666666667,384000,EPFU.zip
EPFU,EPFU-2900991.wav,4.995072,500000,EPFU.zip
EPFU,EPFU-2071503.wav,4.998976,500000,EPFU.zip
EPFU,EPFU-2280153.wav,5.22,256000,EPFU.zip
EPFU,EPFU-30501980.wav,2.998976,500000,EPFU.zip
EPFU,EPFU-28302625.wav,5.0,192000,EPFU.zip
EPFU,EPFU-2255616.wav,2.536,256000,EPFU.zip
EPFU,EPFU-30501978.wav,2.998976,500000,EPFU.zip
EPFU,EPFU-73570765.wav,5.004,192000,EPFU.zip
EPFU,EPFU-28271947.wav,6.0,384000,EPFU.zip
EPFU,EPFU-29821043.wav,5.0,192000,EPFU.zip
EPFU,EPFU-30320586.wav,2.998976,500000,EPFU.zip
EPFU,EPFU-28407450.wav,4.998976,500000,EPFU.zip
EPFU,EPFU-29788741.wav,3.054666666666667,192000,EPFU.zip
EPFU,EPFU-27206068.wav,2.998976,500000,EPFU.zip
EPFU,EPFU-28463948.wav,5.0,192000,EPFU.zip
EPFU,EPFU-29788659.wav,3.534666666666667,192000,EPFU.zip
EPFU,EPFU-28508008.wav,5.0,192000,EPFU.zip
EPFU,EPFU-30384196.wav,2.998976,500000,EPFU.zip
EPFU,EPFU-2274493.wav,5.43,256000,EPFU.zip
EPFU,EPFU-34097211.wav,4.557,256000,EPFU.zip
EPFU,EPFU-28267955.wav,3.066666666666667,192000,EPFU.zip
EPFU,EPFU-31663407.wav,4.99992,500000,EPFU.zip
EPFU,EPFU-28268971.wav,5.004,192000,EPFU.zip
EPFU,EPFU-29615757.wav,5.0,192000,EPFU.zip
EPFU,EPFU-2269645.wav,7.188,256000,EPFU.zip
EPFU,EPFU-2952490.wav,4.995072,500000,EPFU.zip
EPFU,EPFU-59344691.wav,2.998976,500000,EPFU.zip
EPFU,EPFU-64895482.wav,3.0,500000,EPFU.zip
EPFU,EPFU-1955123.wav,4.626,256000,EPFU.zip
EPFU,EPFU-28413088.wav,4.998976,500000,EPFU.zip
EPFU,EPFU-28391442.wav,4.998976,500000,EPFU.zip
EPFU,EPFU-28407547.wav,4.998976,500000,EPFU.zip
EPFU,EPFU-30319296.wav,2.998976,500000,EPFU.zip
EPFU,EPFU-30505304.wav,2.998976,500000,EPFU.zip
EPFU,EPFU-34095875.wav,4.998976,500000,EPFU.zip
EPFU,EPFU-34093940.wav,4.998976,500000,EPFU.zip
EPFU,EPFU-57407950.wav,2.998976,500000,EPFU.zip
EPFU,EPFU-31657318.wav,4.99992,500000,EPFU.zip
EPFU,EPFU-30353958.wav,2.998976,500000,EPFU.zip
EPFU,EPFU-28452561.wav,5.0,192000,EPFU.zip
EPFU,EPFU-56657965.wav,2.995292,500000,EPFU.zip
EPFU,EPFU-28282429.wav,5.004,192000,EPFU.zip
EPFU,EPFU-64889809.wav,1.31072,500000,EPFU.zip
EPFU,EPFU-28362611.wav,4.998976,500000,EPFU.zip
EPFU,EPFU-54149532.wav,4.998976,500000,EPFU.zip
EPFU,EPFU-57060439.wav,4.443,256000,EPFU.zip
EPFU,EPFU-28297298.wav,5.0,192000,EPFU.zip
EPFU,EPFU-34095731.wav,2.998976,500000,EPFU.zip
EPFU,EPFU-29780546.wav,4.994666666666666,192000,EPFU.zip
EPFU,EPFU-36372133.wav,1.797,256000,EPFU.zip
EPFU,EPFU-29461622.wav,4.998666666666667,192000,EPFU.zip
EPFU,EPFU-29840389.wav,3.424,192000,EPFU.zip
EPFU,EPFU-28268374.wav,5.0,192000,EPFU.zip
EPFU,EPFU-29617886.wav,2.998976,500000,EPFU.zip
EPFU,EPFU-29840383.wav,5.004,192000,EPFU.zip
EPFU,EPFU-29820972.wav,5.004,192000,EPFU.zip
EPFU,EPFU-28270936.wav,6.0,384000,EPFU.zip
EPFU,EPFU-30365602.wav,4.995292,500000,EPFU.zip
EPFU,EPFU-64878629.wav,5.0,500000,EPFU.zip
EPFU,EPFU-64869244.wav,5.0,500000,EPFU.zip
EPFU,EPFU-29624868.wav,2.998976,500000,EPFU.zip
EPFU,EPFU-28448600.wav,5.0,192000,EPFU.zip
EPFU,EPFU-29836721.wav,5.0,192000,EPFU.zip
EPFU,EPFU-31610617.wav,4.99992,500000,EPFU.zip
EPFU,EPFU-58026956.wav,4.246,256000,EPFU.zip
EPFU,EPFU-60293472.wav,5.0,500000,EPFU.zip
EPFU,EPFU-73591084.wav,5.0,256000,EPFU.zip
EPFU,EPFU-55468178.wav,4.998976,500000,EPFU.zip
EPFU,EPFU-57346719.wav,4.998976,500000,EPFU.zip
EPFU,EPFU-57370237.wav,2.998976,500000,EPFU.zip
EPFU,EPFU-16484863.wav,6.533,256000,EPFU.zip
EPFU,EPFU-56657991.wav,2.995292,500000,EPFU.zip
EPFU,EPFU-60111672.wav,3.0,500000,EPFU.zip
EPFU,EPFU-30354619.wav,2.998976,500000,EPFU.zip
EPFU,EPFU-2622678.wav,4.998976,500000,EPFU.zip
EPFU,EPFU-29839710.wav,4.421333333333333,192000,EPFU.zip
EPFU,EPFU-64861138.wav,5.0,500000,EPFU.zip
EPFU,EPFU-60489102.wav,5.0,500000,EPFU.zip
EPFU,EPFU-55474922.wav,4.998976,500000,EPFU.zip
EPFU,EPFU-28600239.wav,5.0,192000,EPFU.zip
EPFU,EPFU-2072454.wav,4.998976,500000,EPFU.zip
EPFU,EPFU-57367159.wav,2.998976,500000,EPFU.zip
EPFU,EPFU-28993456.wav,5.004,192000,EPFU.zip
EPFU,EPFU-57370238.wav,2.998976,500000,EPFU.zip
EPFU,EPFU-26590229.wav,6.436,256000,EPFU.zip
EPFU,EPFU-56652470.wav,6.0,384000,EPFU.zip
EPFU,EPFU-28997959.wav,6.196,256000,EPFU.zip
EPFU,EPFU-26714021.wav,6.0,384000,EPFU.zip
EPFU,EPFU-30501977.wav,2.998976,500000,EPFU.zip
EPFU,EPFU-30331960.wav,2.998976,500000,EPFU.zip
EPFU,EPFU-29872141.wav,5.004,192000,EPFU.zip
EPFU,EPFU-1951914.wav,4.999,256000,EPFU.zip
EPFU,EPFU-64892523.wav,5.0,500000,EPFU.zip
EPFU,EPFU-28500327.wav,5.0,192000,EPFU.zip
EPFU,EPFU-30354564.wav,2.998976,500000,EPFU.zip
EPFU,EPFU-27149691.wav,2.998976,500000,EPFU.zip
EPFU,EPFU-29836745.wav,5.0,192000,EPFU.zip
EPFU,EPFU-64954568.wav,6.0,384000,EPFU.zip
EPFU,EPFU-63086996.wav,6.0,384000,EPFU.zip
EPFU,EPFU-1365920.wav,4.999022,500000,EPFU.zip
EPFU,EPFU-54138993.wav,4.998976,500000,EPFU.zip
EPFU,EPFU-54321176.wav,5.6946666666666665,384000,EPFU.zip
EPFU,EPFU-30323264.wav,4.995292,500000,EPFU.zip
EPFU,EPFU-60370053.wav,7.218,256000,EPFU.zip
EPFU,EPFU-53870813.wav,4.998976,500000,EPFU.zip
EPFU,EPFU-29288370.wav,5.004,192000,EPFU.zip
EPFU,EPFU-2892500.wav,4.995072,500000,EPFU.zip
EPFU,EPFU-29321627.wav,5.0,192000,EPFU.zip
EPFU,EPFU-33489987.wav,4.998976,500000,EPFU.zip
EPFU,EPFU-3034174.wav,4.999022,500000,EPFU.zip
EPFU,EPFU-28421221.wav,4.998976,500000,EPFU.zip
EPFU,EPFU-29620490.wav,2.998976,500000,EPFU.zip
EPFU,EPFU-30355349.wav,2.998976,500000,EPFU.zip
EPFU,EPFU-2824428.wav,4.999022,500000,EPFU.zip
EPFU,EPFU-29299633.wav,5.004,192000,EPFU.zip
EPFU,EPFU-57357219.wav,0.998976,500000,EPFU.zip
EPFU,EPFU-36282690.wav,7.702,384000,EPFU.zip
EPFU,EPFU-29960167.wav,4.211,256000,EPFU.zip
EPFU,EPFU-482118.wav,3.688,256000,EPFU.zip
EPFU,EPFU-29284608.wav,5.0,192000,EPFU.zip
EPFU,EPFU-64895483.wav,3.0,500000,EPFU.zip
EPFU,EPFU-60294017.wav,5.0,500000,EPFU.zip
EPFU,EPFU-57368382.wav,2.998976,500000,EPFU.zip
EPFU,EPFU-34090204.wav,5.288,256000,EPFU.zip
EPFU,EPFU-29698229.wav,4.834666666666666,192000,EPFU.zip
EPFU,EPFU-64863157.wav,5.0,500000,EPFU.zip
EPFU,EPFU-73571795.wav,3.7373333333333334,192000,EPFU.zip
EPFU,EPFU-34093849.wav,2.998976,500000,EPFU.zip
EPFU,EPFU-29953660.wav,5.0,256000,EPFU.zip
EPFU,EPFU-31850134.wav,4.99992,500000,EPFU.zip
EPFU,EPFU-3806042.wav,2.985,256000,EPFU.zip
EPFU,EPFU-30353884.wav,2.998976,500000,EPFU.zip
EPFU,EPFU-2904075.wav,4.995072,500000,EPFU.zip
EPFU,EPFU-28400087.wav,5.0,192000,EPFU.zip
EPFU,EPFU-28413078.wav,4.998976,500000,EPFU.zip
EPFU,EPFU-28268925.wav,5.004,192000,EPFU.zip
EPFU,EPFU-1555652.wav,6.314,256000,EPFU.zip
EPFU,EPFU-36328153.wav,4.7,256000,EPFU.zip
EPFU,EPFU-56190378.wav,3.474,256000,EPFU.zip
EPFU,EPFU-55385436.wav,4.998976,500000,EPFU.zip
EPFU,EPFU-311025.wav,4.998976,500000,EPFU.zip
EPFU,EPFU-29617543.wav,2.998976,500000,EPFU.zip
EPFU,EPFU-28522352.wav,5.0,192000,EPFU.zip
EPFU,EPFU-63113698.wav,4.998976,500000,EPFU.zip
EPFU,EPFU-2845335.wav,4.999022,500000,EPFU.zip
EPFU,EPFU-30331030.wav,2.998976,500000,EPFU.zip
EPFU,EPFU-34095874.wav,4.998976,500000,EPFU.zip
EPFU,EPFU-29854199.wav,5.0,192000,EPFU.zip
EPFU,EPFU-28473792.wav,5.0,192000,EPFU.zip
EPFU,EPFU-53040020.wav,3.62496,500000,EPFU.zip
EPFU,EPFU-29967993.wav,3.348,256000,EPFU.zip
EPFU,EPFU-30358745.wav,2.998976,500000,EPFU.zip
EPFU,EPFU-2264162.wav,3.796,384000,EPFU.zip
EPFU,EPFU-31625753.wav,4.99992,500000,EPFU.zip
EPFU,EPFU-28588711.wav,6.0,384000,EPFU.zip
EPFU,EPFU-29954018.wav,4.92,256000,EPFU.zip
EPFU,EPFU-2892230.wav,4.995072,500000,EPFU.zip
EPFU,EPFU-64873015.wav,5.0,500000,EPFU.zip
EPFU,EPFU-29698090.wav,5.004,192000,EPFU.zip
EPFU,EPFU-28526650.wav,5.0,192000,EPFU.zip
EPFU,EPFU-28484065.wav,5.0,192000,EPFU.zip
EPFU,EPFU-74479707.wav,4.862,256000,EPFU.zip
EPFU,EPFU-29836758.wav,5.0,192000,EPFU.zip
EPFU,EPFU-30333143.wav,2.998976,500000,EPFU.zip
EPFU,EPFU-402173.wav,2.998976,500000,EPFU.zip
EPFU,EPFU-57220263.wav,5.768192,500000,EPFU.zip
EPFU,EPFU-3042338.wav,4.999022,500000,EPFU.zip
EPFU,EPFU-73600701.wav,5.0,256000,EPFU.zip
EPFU,EPFU-29959841.wav,3.218,256000,EPFU.zip
EPFU,EPFU-64955527.wav,6.0,384000,EPFU.zip
EPFU,EPFU-73593419.wav,5.0,256000,EPFU.zip
EPFU,EPFU-32860804.wav,6.582,256000,EPFU.zip
EPFU,EPFU-58048553.wav,5.0,500000,EPFU.zip
EPFU,EPFU-2271113.wav,3.854,384000,EPFU.zip
EPFU,EPFU-31632944.wav,4.99992,500000,EPFU.zip
EPFU,EPFU-28631544.wav,7.386,256000,EPFU.zip
EPFU,EPFU-53854354.wav,4.998976,500000,EPFU.zip
EPFU,EPFU-29796445.wav,5.0,192000,EPFU.zip
EPFU,EPFU-64875641.wav,5.0,500000,EPFU.zip
EPFU,EPFU-2923705.wav,4.995072,500000,EPFU.zip
EPFU,EPFU-212533.wav,4.998976,500000,EPFU.zip
EPFU,EPFU-31637090.wav,4.99992,500000,EPFU.zip
EPFU,EPFU-64867734.wav,5.0,500000,EPFU.zip
EPFU,EPFU-54139625.wav,4.998976,500000,EPFU.zip
EPFU,EPFU-58024122.wav,3.284,256000,EPFU.zip
EPFU,EPFU-29796945.wav,5.0,192000,EPFU.zip
EPFU,EPFU-34093840.wav,2.998976,500000,EPFU.zip
EPFU,EPFU-2154983.wav,6.0,384000,EPFU.zip
EPFU,EPFU-33487190.wav,4.998976,500000,EPFU.zip
EPFU,EPFU-29841516.wav,5.004,192000,EPFU.zip
EPFU,EPFU-63113241.wav,4.998976,500000,EPFU.zip
EPFU,EPFU-28317746.wav,5.0,192000,EPFU.zip
EPFU,EPFU-2877923.wav,5.0,256000,EPFU.zip
EPFU,EPFU-30505308.wav,2.998976,500000,EPFU.zip
EPFU,EPFU-54321388.wav,6.0,384000,EPFU.zip
EPFU,EPFU-57357018.wav,0.998976,500000,EPFU.zip
EPFU,EPFU-58054935.wav,6.0,384000,EPFU.zip
EPFU,EPFU-2953444.wav,4.995072,500000,EPFU.zip
EPFU,EPFU-29953536.wav,5.0,256000,EPFU.zip
EPFU,EPFU-29963399.wav,5.0,256000,EPFU.zip
EPFU,EPFU-3044530.wav,4.999022,500000,EPFU.zip
EPFU,EPFU-30505252.wav,2.998976,500000,EPFU.zip
EPFU,EPFU-1369399.wav,2.998976,500000,EPFU.zip
EPFU,EPFU-28448605.wav,5.0,192000,EPFU.zip
EPFU,EPFU-56656558.wav,4.995292,500000,EPFU.zip
EPFU,EPFU-3805912.wav,4.999,256000,EPFU.zip
EPFU,EPFU-53855764.wav,4.999022,500000,EPFU.zip
EPFU,EPFU-30380505.wav,2.998976,500000,EPFU.zip
EPFU,EPFU-35541505.wav,6.0,256000,EPFU.zip
EPFU,EPFU-28289909.wav,3.904,192000,EPFU.zip
EPFU,EPFU-28412818.wav,4.998976,500000,EPFU.zip
EPFU,EPFU-54299584.wav,6.0,384000,EPFU.zip
EPFU,EPFU-53872058.wav,4.998976,500000,EPFU.zip
EPFU,EPFU-28524356.wav,5.0,192000,EPFU.zip
EPFU,EPFU-58049821.wav,5.0,500000,EPFU.zip
EPFU,EPFU-29812998.wav,5.0,192000,EPFU.zip
EPFU,EPFU-64878632.wav,5.0,500000,EPFU.zip
EPFU,EPFU-34595823.wav,4.998976,500000,EPFU.zip
EPFU,EPFU-56685588.wav,2.995292,500000,EPFU.zip
EPFU,EPFU-29953883.wav,5.0,256000,EPFU.zip
EPFU,EPFU-28626099.wav,5.0,192000,EPFU.zip
EPFU,EPFU-29218090.wav,4.998976,500000,EPFU.zip
EPFU,EPFU-58049632.wav,5.0,500000,EPFU.zip
EPFU,EPFU-29854035.wav,5.0,192000,EPFU.zip
EPFU,EPFU-30382655.wav,2.998976,500000,EPFU.zip
EPFU,EPFU-29924175.wav,4.64,256000,EPFU.zip
EPFU,EPFU-53872525.wav,4.998976,500000,EPFU.zip
EPFU,EPFU-28373518.wav,4.998976,500000,EPFU.zip
EPFU,EPFU-28311939.wav,5.0,192000,EPFU.zip
EPFU,EPFU-2068970.wav,4.998976,500000,EPFU.zip
EPFU,EPFU-73526008.wav,5.0,256000,EPFU.zip
EPFU,EPFU-33846435.wav,6.0,384000,EPFU.zip
EPFU,EPFU-36263412.wav,4.99968,300000,EPFU.zip
EPFU,EPFU-35541108.wav,6.0,256000,EPFU.zip
EPFU,EPFU-64869412.wav,5.0,500000,EPFU.zip
EPFU,EPFU-2253330.wav,7.624,256000,EPFU.zip
EPFU,EPFU-30332867.wav,2.998976,500000,EPFU.zip
EPFU,EPFU-31677000.wav,4.99992,500000,EPFU.zip
EPFU,EPFU-73593209.wav,5.0,256000,EPFU.zip
EPFU,EPFU-34095733.wav,2.998976,500000,EPFU.zip
EPFU,EPFU-57364634.wav,2.998976,500000,EPFU.zip
EPFU,EPFU-58055218.wav,6.0,384000,EPFU.zip
EPFU,EPFU-35541425.wav,6.0,256000,EPFU.zip
EPFU,EPFU-33621962.wav,4.998976,500000,EPFU.zip
EPFU,EPFU-54310629.wav,6.0,384000,EPFU.zip
EPFU,EPFU-28518674.wav,5.0,192000,EPFU.zip
EPFU,EPFU-1986207.wav,6.0,384000,EPFU.zip
EPFU,EPFU-28339422.wav,6.0,384000,EPFU.zip
EPFU,EPFU-30501656.wav,2.998976,500000,EPFU.zip
EPFU,EPFU-28319027.wav,5.0,192000,EPFU.zip
EPFU,EPFU-31620602.wav,4.99992,500000,EPFU.zip
EPFU,EPFU-60111247.wav,3.0,500000,EPFU.zip
EPFU,EPFU-28302724.wav,5.0,192000,EPFU.zip
EUMA,EUMA-28564112.wav,6.0,384000,EUMA.zip
EUMA,EUMA-29073514.wav,4.998976,500000,EUMA.zip
EUMA,EUMA-26712150.wav,6.0,384000,EUMA.zip
EUMA,EUMA-29841568.wav,3.752,192000,EUMA.zip
EUMA,EUMA-29841082.wav,3.794666666666666,192000,EUMA.zip
EUMA,EUMA-28616222.wav,6.0,384000,EUMA.zip
EUMA,EUMA-28537314.wav,6.0,384000,EUMA.zip
EUMA,EUMA-33449836.wav,4.512,256000,EUMA.zip
EUMA,EUMA-210928.wav,4.998976,500000,EUMA.zip
EUMA,EUMA-3052275.wav,2.999022,500000,EUMA.zip
EUMA,EUMA-29086096.wav,4.998976,500000,EUMA.zip
EUMA,EUMA-28339555.wav,6.0,384000,EUMA.zip
EUMA,EUMA-73534889.wav,3.445333333333333,192000,EUMA.zip
EUMA,EUMA-28331825.wav,6.0,384000,EUMA.zip
EUMA,EUMA-2536321.wav,6.0,384000,EUMA.zip
EUMA,EUMA-33534286.wav,4.998976,500000,EUMA.zip
EUMA,EUMA-29840771.wav,2.26,192000,EUMA.zip
EUMA,EUMA-33493681.wav,4.998976,500000,EUMA.zip
EUMA,EUMA-6350.wav,6.0,384000,EUMA.zip
EUMA,EUMA-210925.wav,4.998976,500000,EUMA.zip
EUMA,EUMA-56652274.wav,6.0,384000,EUMA.zip
EUMA,EUMA-33846032.wav,6.0,384000,EUMA.zip
EUMA,EUMA-28345823.wav,6.0,384000,EUMA.zip
EUMA,EUMA-73527919.wav,2.732,192000,EUMA.zip
EUMA,EUMA-26714347.wav,6.0,384000,EUMA.zip
EUMA,EUMA-28348965.wav,6.0,384000,EUMA.zip
EUMA,EUMA-2458324.wav,5.162,256000,EUMA.zip
EUMA,EUMA-35908497.wav,6.0,384000,EUMA.zip
EUMA,EUMA-28558108.wav,5.414666666666666,384000,EUMA.zip
EUMA,EUMA-29304404.wav,4.998976,500000,EUMA.zip
EUMA,EUMA-2066143.wav,4.998976,500000,EUMA.zip
EUMA,EUMA-60370020.wav,7.276,256000,EUMA.zip
EUMA,EUMA-60353366.wav,6.0,384000,EUMA.zip
EUMA,EUMA-33449841.wav,4.8,256000,EUMA.zip
EUMA,EUMA-2536820.wav,6.0,384000,EUMA.zip
EUMA,EUMA-28338268.wav,6.0,384000,EUMA.zip
EUMA,EUMA-29163525.wav,4.998976,500000,EUMA.zip
EUMA,EUMA-28361995.wav,6.0,384000,EUMA.zip
EUMA,EUMA-33534324.wav,4.998976,500000,EUMA.zip
EUMA,EUMA-2538690.wav,6.0,384000,EUMA.zip
EUMA,EUMA-55474238.wav,4.998976,500000,EUMA.zip
EUMA,EUMA-28342070.wav,6.0,384000,EUMA.zip
EUMA,EUMA-64879854.wav,5.0,500000,EUMA.zip
EUMA,EUMA-14733.wav,6.0,384000,EUMA.zip
EUMA,EUMA-30582617.wav,4.998976,500000,EUMA.zip
EUMA,EUMA-28338333.wav,6.0,384000,EUMA.zip
EUMA,EUMA-1401905.wav,6.0,384000,EUMA.zip
EUMA,EUMA-4112924.wav,4.998976,500000,EUMA.zip
EUMA,EUMA-55477688.wav,4.998976,500000,EUMA.zip
EUMA,EUMA-28595395.wav,4.141333333333334,384000,EUMA.zip
EUMA,EUMA-54306330.wav,6.0,384000,EUMA.zip
EUMA,EUMA-28999055.wav,5.288,256000,EUMA.zip
EUMA,EUMA-73534859.wav,2.006666666666667,192000,EUMA.zip
EUMA,EUMA-28303540.wav,5.0,192000,EUMA.zip
EUMA,EUMA-2838913.wav,2.999022,500000,EUMA.zip
EUMA,EUMA-28355443.wav,6.0,384000,EUMA.zip
EUMA,EUMA-4113405.wav,4.998976,500000,EUMA.zip
EUMA,EUMA-33493691.wav,4.998976,500000,EUMA.zip
EUMA,EUMA-33449110.wav,4.844,256000,EUMA.zip
EUMA,EUMA-28532244.wav,6.0,384000,EUMA.zip
EUMA,EUMA-64879856.wav,5.0,500000,EUMA.zip
EUMA,EUMA-33447813.wav,4.254,256000,EUMA.zip
EUMA,EUMA-2845497.wav,2.999022,500000,EUMA.zip
EUMA,EUMA-28595399.wav,6.0,384000,EUMA.zip
EUMA,EUMA-33493619.wav,4.998976,500000,EUMA.zip
EUMA,EUMA-26713596.wav,6.0,384000,EUMA.zip
EUMA,EUMA-60370046.wav,7.252,256000,EUMA.zip
EUMA,EUMA-28590481.wav,6.0,384000,EUMA.zip
EUMA,EUMA-54299597.wav,6.0,384000,EUMA.zip
EUMA,EUMA-28595846.wav,6.0,384000,EUMA.zip
EUMA,EUMA-12632549.wav,4.998976,500000,EUMA.zip
EUMA,EUMA-2536323.wav,6.0,384000,EUMA.zip
EUMA,EUMA-29876535.wav,3.404,192000,EUMA.zip
EUMA,EUMA-55477703.wav,4.998976,500000,EUMA.zip
EUMA,EUMA-1327290.wav,4.302,256000,EUMA.zip
EUMA,EUMA-143297.wav,7.14,256000,EUMA.zip
EUMA,EUMA-60353545.wav,6.0,384000,EUMA.zip
EUMA,EUMA-28586599.wav,6.0,384000,EUMA.zip
EUMA,EUMA-1557872.wav,3.004,256000,EUMA.zip
EUMA,EUMA-29840892.wav,3.492,192000,EUMA.zip
EUMA,EUMA-28298743.wav,5.0,192000,EUMA.zip
EUMA,EUMA-102662.wav,7.248,256000,EUMA.zip
EUMA,EUMA-29304405.wav,4.998976,500000,EUMA.zip
EUMA,EUMA-29812430.wav,5.0,192000,EUMA.zip
EUMA,EUMA-28544269.wav,6.0,384000,EUMA.zip
EUMA,EUMA-28600852.wav,6.0,384000,EUMA.zip
EUMA,EUMA-1369729.wav,4.99837,300000,EUMA.zip
EUMA,EUMA-28533100.wav,6.0,384000,EUMA.zip
EUMA,EUMA-33846031.wav,6.0,384000,EUMA.zip
EUMA,EUMA-1334489.wav,6.51,256000,EUMA.zip
EUMA,EUMA-53850762.wav,4.998976,500000,EUMA.zip
EUMA,EUMA-33493555.wav,4.998976,500000,EUMA.zip
EUMA,EUMA-4112653.wav,4.998976,500000,EUMA.zip
EUMA,EUMA-29086102.wav,4.998976,500000,EUMA.zip
EUMA,EUMA-29086098.wav,4.998976,500000,EUMA.zip
EUMA,EUMA-28533316.wav,6.0,384000,EUMA.zip
EUMA,EUMA-53843962.wav,4.998976,500000,EUMA.zip
EUMA,EUMA-28544028.wav,4.516,384000,EUMA.zip
EUMA,EUMA-35908496.wav,6.0,384000,EUMA.zip
EUMA,EUMA-33846439.wav,6.0,384000,EUMA.zip
EUMA,EUMA-28337574.wav,6.0,384000,EUMA.zip
EUMA,EUMA-165258.wav,5.84,256000,EUMA.zip
EUMA,EUMA-29073804.wav,4.998976,500000,EUMA.zip
EUMA,EUMA-33447267.wav,4.204,256000,EUMA.zip
EUMA,EUMA-53845592.wav,4.998976,500000,EUMA.zip
EUMA,EUMA-29821816.wav,5.0,192000,EUMA.zip
EUMA,EUMA-33493751.wav,4.998976,500000,EUMA.zip
EUMA,EUMA-2538688.wav,6.0,384000,EUMA.zip
EUMA,EUMA-60353546.wav,6.0,384000,EUMA.zip
EUMA,EUMA-28412218.wav,6.0,384000,EUMA.zip
EUMA,EUMA-29163524.wav,4.998976,500000,EUMA.zip
EUMA,EUMA-29163523.wav,4.998976,500000,EUMA.zip
EUMA,EUMA-56652527.wav,5.898666666666666,384000,EUMA.zip
EUMA,EUMA-28621623.wav,6.0,384000,EUMA.zip
EUMA,EUMA-35908866.wav,6.0,384000,EUMA.zip
EUMA,EUMA-210914.wav,4.998976,500000,EUMA.zip
EUMA,EUMA-73527944.wav,4.577333333333334,192000,EUMA.zip
EUMA,EUMA-33448299.wav,6.28,256000,EUMA.zip
EUMA,EUMA-12632563.wav,4.998976,500000,EUMA.zip
EUMA,EUMA-28298026.wav,5.0,192000,EUMA.zip
EUMA,EUMA-2537438.wav,6.0,384000,EUMA.zip
EUMA,EUMA-73534886.wav,5.004,192000,EUMA.zip
EUMA,EUMA-33448307.wav,5.336,256000,EUMA.zip
EUMA,EUMA-73639507.wav,4.794,256000,EUMA.zip
EUMA,EUMA-28345427.wav,6.0,384000,EUMA.zip
EUMA,EUMA-54306329.wav,6.0,384000,EUMA.zip
EUMA,EUMA-28533744.wav,6.0,384000,EUMA.zip
EUMA,EUMA-54306331.wav,6.0,384000,EUMA.zip
EUMA,EUMA-102669.wav,5.444,256000,EUMA.zip
EUMA,EUMA-2537910.wav,6.0,384000,EUMA.zip
EUMA,EUMA-33846275.wav,6.0,384000,EUMA.zip
EUMA,EUMA-3061622.wav,2.999022,500000,EUMA.zip
EUMA,EUMA-12632687.wav,4.998976,500000,EUMA.zip
EUMA,EUMA-28551755.wav,6.0,384000,EUMA.zip
EUMA,EUMA-33846794.wav,6.0,384000,EUMA.zip
EUMA,EUMA-1401907.wav,6.0,384000,EUMA.zip
EUMA,EUMA-28338004.wav,5.249333333333333,384000,EUMA.zip
EUMA,EUMA-33493616.wav,4.998976,500000,EUMA.zip
EUMA,EUMA-53843675.wav,4.998976,500000,EUMA.zip
EUMA,EUMA-29416681.wav,2.832,192000,EUMA.zip
EUMA,EUMA-1402552.wav,6.0,384000,EUMA.zip
EUMA,EUMA-33493100.wav,4.998976,500000,EUMA.zip
EUMA,EUMA-102260.wav,7.226,256000,EUMA.zip
EUMA,EUMA-2537437.wav,6.0,384000,EUMA.zip
EUMA,EUMA-28298568.wav,5.0,192000,EUMA.zip
EUMA,EUMA-53844035.wav,4.998976,500000,EUMA.zip
EUMA,EUMA-3054366.wav,2.999022,500000,EUMA.zip
EUMA,EUMA-28984075.wav,4.998976,500000,EUMA.zip
EUMA,EUMA-29874845.wav,2.7453333333333334,192000,EUMA.zip
EUMA,EUMA-35908868.wav,6.0,384000,EUMA.zip
EUMA,EUMA-31620140.wav,4.99992,500000,EUMA.zip
EUMA,EUMA-210904.wav,4.998976,500000,EUMA.zip
EUMA,EUMA-33447783.wav,7.384,256000,EUMA.zip
EUMA,EUMA-53843688.wav,4.998976,500000,EUMA.zip
EUMA,EUMA-60370023.wav,4.022,256000,EUMA.zip
EUMA,EUMA-28350773.wav,4.649333333333334,384000,EUMA.zip
EUMA,EUMA-31613467.wav,4.99992,500000,EUMA.zip
EUMA,EUMA-54306328.wav,5.66,384000,EUMA.zip
EUMA,EUMA-60352481.wav,6.0,384000,EUMA.zip
EUMA,EUMA-54317047.wav,6.0,384000,EUMA.zip
EUMA,EUMA-33493549.wav,4.998976,500000,EUMA.zip
EUMA,EUMA-28364132.wav,6.0,384000,EUMA.zip
EUMA,EUMA-28348963.wav,6.0,384000,EUMA.zip
EUMA,EUMA-33204120.wav,6.966,256000,EUMA.zip
EUMA,EUMA-28621627.wav,6.0,384000,EUMA.zip
EUMA,EUMA-2537015.wav,6.0,384000,EUMA.zip
EUMA,EUMA-2539013.wav,6.0,384000,EUMA.zip
EUMA,EUMA-28338164.wav,6.0,384000,EUMA.zip
EUMA,EUMA-56652275.wav,6.0,384000,EUMA.zip
EUMA,EUMA-29086097.wav,4.998976,500000,EUMA.zip
EUMA,EUMA-29823176.wav,5.0,192000,EUMA.zip
EUMA,EUMA-1504683.wav,4.99837,300000,EUMA.zip
EUMA,EUMA-210869.wav,4.998976,500000,EUMA.zip
EUMA,EUMA-102313.wav,4.738,256000,EUMA.zip
EUMA,EUMA-33449088.wav,7.358,256000,EUMA.zip
EUMA,EUMA-33449741.wav,6.166,256000,EUMA.zip
EUMA,EUMA-33449854.wav,3.516,256000,EUMA.zip
EUMA,EUMA-54306327.wav,6.0,384000,EUMA.zip
EUMA,EUMA-2538689.wav,6.0,384000,EUMA.zip
EUMA,EUMA-73527841.wav,5.004,192000,EUMA.zip
EUMA,EUMA-33846287.wav,6.0,384000,EUMA.zip
EUMA,EUMA-28531511.wav,6.0,384000,EUMA.zip
EUMA,EUMA-28409597.wav,6.0,384000,EUMA.zip
EUMA,EUMA-28601381.wav,4.144,384000,EUMA.zip
EUMA,EUMA-29823175.wav,5.0,192000,EUMA.zip
EUMA,EUMA-33493102.wav,4.998976,500000,EUMA.zip
EUMA,EUMA-28300977.wav,5.0,192000,EUMA.zip
EUMA,EUMA-29840890.wav,5.004,192000,EUMA.zip
EUMA,EUMA-29086100.wav,4.998976,500000,EUMA.zip
EUMA,EUMA-60354424.wav,6.0,384000,EUMA.zip
EUMA,EUMA-28354133.wav,6.0,384000,EUMA.zip
EUMA,EUMA-33448326.wav,7.334,256000,EUMA.zip
EUMA,EUMA-1305483.wav,4.99837,300000,EUMA.zip
EUMA,EUMA-12479358.wav,4.998976,500000,EUMA.zip
EUMA,EUMA-12591043.wav,4.998976,500000,EUMA.zip
EUMA,EUMA-3062824.wav,2.999022,500000,EUMA.zip
EUMA,EUMA-28341953.wav,6.0,384000,EUMA.zip
EUMA,EUMA-13600596.wav,4.998976,500000,EUMA.zip
EUMA,EUMA-54299596.wav,3.485333333333333,384000,EUMA.zip
EUMA,EUMA-56652729.wav,5.656,384000,EUMA.zip
EUMA,EUMA-26713121.wav,6.0,384000,EUMA.zip
EUMA,EUMA-26713708.wav,6.0,384000,EUMA.zip
EUMA,EUMA-60370013.wav,5.674,256000,EUMA.zip
EUMA,EUMA-28539408.wav,6.0,384000,EUMA.zip
EUMA,EUMA-2853527.wav,2.999022,500000,EUMA.zip
EUMA,EUMA-33845790.wav,6.0,384000,EUMA.zip
EUMA,EUMA-73534888.wav,2.1266666666666665,192000,EUMA.zip
EUMA,EUMA-28540090.wav,6.0,384000,EUMA.zip
EUMA,EUMA-33493575.wav,4.998976,500000,EUMA.zip
EUMA,EUMA-33845723.wav,6.0,384000,EUMA.zip
EUMA,EUMA-28442894.wav,4.930666666666666,192000,EUMA.zip
EUMA,EUMA-28845841.wav,4.998976,500000,EUMA.zip
EUMA,EUMA-28978781.wav,4.998976,500000,EUMA.zip
EUMA,EUMA-28531238.wav,6.0,384000,EUMA.zip
EUMA,EUMA-53843780.wav,4.998976,500000,EUMA.zip
EUMA,EUMA-28297267.wav,4.0958854166666665,192000,EUMA.zip
EUMA,EUMA-210875.wav,4.998976,500000,EUMA.zip
EUMA,EUMA-1319953.wav,4.99837,300000,EUMA.zip
EUMA,EUMA-31676729.wav,4.99992,500000,EUMA.zip
EUMA,EUMA-2537077.wav,6.0,384000,EUMA.zip
EUMA,EUMA-98139.wav,7.122,256000,EUMA.zip
EUMA,EUMA-2536322.wav,6.0,384000,EUMA.zip
EUMA,EUMA-28418573.wav,6.0,384000,EUMA.zip
EUMA,EUMA-165261.wav,6.464,256000,EUMA.zip
EUMA,EUMA-28348758.wav,6.0,384000,EUMA.zip
EUMA,EUMA-29073515.wav,4.998976,500000,EUMA.zip
EUMA,EUMA-33493625.wav,4.998976,500000,EUMA.zip
EUMA,EUMA-33221273.wav,7.05,256000,EUMA.zip
EUMA,EUMA-210902.wav,4.998976,500000,EUMA.zip
EUMA,EUMA-28338911.wav,6.0,384000,EUMA.zip
EUMA,EUMA-210876.wav,4.998976,500000,EUMA.zip
EUMA,EUMA-28586875.wav,6.0,384000,EUMA.zip
EUMA,EUMA-28586874.wav,3.4053333333333335,384000,EUMA.zip
EUMA,EUMA-28545223.wav,6.0,384000,EUMA.zip
EUMA,EUMA-2535516.wav,4.676,384000,EUMA.zip
EUMA,EUMA-29416682.wav,3.941333333333333,192000,EUMA.zip
EUMA,EUMA-33493692.wav,4.998976,500000,EUMA.zip
EUMA,EUMA-2536216.wav,6.0,384000,EUMA.zip
EUMA,EUMA-33447810.wav,4.206,256000,EUMA.zip
EUMA,EUMA-28531678.wav,6.0,384000,EUMA.zip
EUMA,EUMA-35908867.wav,6.0,384000,EUMA.zip
EUMA,EUMA-33493622.wav,4.998976,500000,EUMA.zip
EUMA,EUMA-28345673.wav,3.944,384000,EUMA.zip
EUMA,EUMA-2066187.wav,4.998976,500000,EUMA.zip
EUMA,EUMA-29840891.wav,3.6066666666666665,192000,EUMA.zip
EUMA,EUMA-56652273.wav,6.0,384000,EUMA.zip
EUMA,EUMA-28297121.wav,4.7785520833333335,192000,EUMA.zip
EUMA,EUMA-2535482.wav,6.0,384000,EUMA.zip
EUMA,EUMA-33493099.wav,4.998976,500000,EUMA.zip
EUMA,EUMA-28534673.wav,6.0,384000,EUMA.zip
EUMA,EUMA-26712151.wav,6.0,384000,EUMA.zip
EUMA,EUMA-28536055.wav,6.0,384000,EUMA.zip
EUMA,EUMA-33447266.wav,3.36,256000,EUMA.zip
EUMA,EUMA-1518102.wav,4.99837,300000,EUMA.zip
EUMA,EUMA-64878315.wav,3.0,500000,EUMA.zip
EUMA,EUMA-2537016.wav,6.0,384000,EUMA.zip
EUMA,EUMA-73527946.wav,2.3813333333333335,192000,EUMA.zip
EUMA,EUMA-55478812.wav,4.998976,500000,EUMA.zip
EUMA,EUMA-60352479.wav,4.545333333333334,384000,EUMA.zip
EUMA,EUMA-29086099.wav,4.998976,500000,EUMA.zip
EUMA,EUMA-1504555.wav,4.99837,300000,EUMA.zip
EUMA,EUMA-53844838.wav,4.998976,500000,EUMA.zip
EUMA,EUMA-33493687.wav,4.998976,500000,EUMA.zip
EUMA,EUMA-28270359.wav,6.0,384000,EUMA.zip
EUMA,EUMA-60352480.wav,6.0,384000,EUMA.zip
EUMA,EUMA-2847968.wav,2.999022,500000,EUMA.zip
EUMA,EUMA-55477690.wav,4.998976,500000,EUMA.zip
EUMA,EUMA-28536511.wav,4.904,384000,EUMA.zip
EUMA,EUMA-26713709.wav,6.0,384000,EUMA.zip
EUMA,EUMA-29086103.wav,4.998976,500000,EUMA.zip
EUMA,EUMA-2852933.wav,2.999022,500000,EUMA.zip
EUMA,EUMA-33217870.wav,7.052,256000,EUMA.zip
EUMA,EUMA-29874837.wav,5.004,192000,EUMA.zip
EUMA,EUMA-28297800.wav,5.0,192000,EUMA.zip
EUMA,EUMA-29085972.wav,4.998976,500000,EUMA.zip
EUMA,EUMA-28586754.wav,6.0,384000,EUMA.zip
EUMA,EUMA-26713707.wav,6.0,384000,EUMA.zip
EUMA,EUMA-1401906.wav,6.0,384000,EUMA.zip
EUMA,EUMA-28558110.wav,6.0,384000,EUMA.zip
EUMA,EUMA-33492993.wav,4.998976,500000,EUMA.zip
LABL,LABL-29169241.wav,5.478,256000,LABL.zip
LABL,LABL-73564608.wav,2.868,256000,LABL.zip
LABL,LABL-54306332.wav,4.553333333333334,384000,LABL.zip
LABL,LABL-64894233.wav,5.0,500000,LABL.zip
LABL,LABL-2155975.wav,6.0,384000,LABL.zip
LABL,LABL-64862055.wav,5.0,500000,LABL.zip
LABL,LABL-64876197.wav,5.0,500000,LABL.zip
LABL,LABL-2154660.wav,5.888,384000,LABL.zip
LABL,LABL-32899905.wav,7.034,256000,LABL.zip
LABL,LABL-60287783.wav,5.896,384000,LABL.zip
LABL,LABL-55346827.wav,6.0,384000,LABL.zip
LABL,LABL-35540963.wav,3.756,256000,LABL.zip
LABL,LABL-64892252.wav,5.0,500000,LABL.zip
LABL,LABL-29170229.wav,7.952,256000,LABL.zip
LABL,LABL-63090100.wav,4.044,384000,LABL.zip
LABL,LABL-32908388.wav,3.836,256000,LABL.zip
LABL,LABL-266413.wav,6.464,256000,LABL.zip
LABL,LABL-63090219.wav,6.0,384000,LABL.zip
LABL,LABL-267794.wav,5.482,256000,LABL.zip
LABL,LABL-29169445.wav,6.21,256000,LABL.zip
LABL,LABL-63089865.wav,6.0,384000,LABL.zip
LABL,LABL-55346016.wav,6.0,384000,LABL.zip
LABL,LABL-35540186.wav,6.0,256000,LABL.zip
LABL,LABL-64893025.wav,5.0,500000,LABL.zip
LABL,LABL-29034135.wav,5.922,256000,LABL.zip
LABL,LABL-64886579.wav,5.0,500000,LABL.zip
LABL,LABL-29169422.wav,6.458,256000,LABL.zip
LABL,LABL-54322185.wav,6.0,384000,LABL.zip
LABL,LABL-54319824.wav,4.2973333333333334,384000,LABL.zip
LABL,LABL-64862056.wav,5.0,500000,LABL.zip
LABL,LABL-54322886.wav,3.68,384000,LABL.zip
LABL,LABL-55346536.wav,5.386666666666667,384000,LABL.zip
LABL,LABL-55346776.wav,6.0,384000,LABL.zip
LABL,LABL-64886582.wav,5.0,500000,LABL.zip
LABL,LABL-63090101.wav,3.74,384000,LABL.zip
LABL,LABL-64862054.wav,5.0,500000,LABL.zip
LABL,LABL-64869264.wav,5.0,500000,LABL.zip
LABL,LABL-29170081.wav,5.286,256000,LABL.zip
LABL,LABL-32909386.wav,4.058,256000,LABL.zip
LABL,LABL-63090805.wav,5.746666666666667,384000,LABL.zip
LABL,LABL-63090533.wav,5.274666666666667,384000,LABL.zip
LABL,LABL-55351736.wav,6.0,384000,LABL.zip
LABL,LABL-56650686.wav,3.712,384000,LABL.zip
LABL,LABL-54427528.wav,6.0,384000,LABL.zip
LABL,LABL-32910960.wav,5.852,256000,LABL.zip
LABL,LABL-64875643.wav,5.0,500000,LABL.zip
LABL,LABL-2154730.wav,6.0,384000,LABL.zip
LABL,LABL-32907172.wav,5.676,256000,LABL.zip
LABL,LABL-32902590.wav,3.164,256000,LABL.zip
LABL,LABL-28344718.wav,5.929333333333333,384000,LABL.zip
LABL,LABL-29169258.wav,4.27,256000,LABL.zip
LABL,LABL-32903985.wav,6.31,256000,LABL.zip
LABL,LABL-29169718.wav,6.144,256000,LABL.zip
LABL,LABL-64891111.wav,5.0,500000,LABL.zip
LABL,LABL-265400.wav,4.724,256000,LABL.zip
LABL,LABL-2153687.wav,4.248,384000,LABL.zip
LABL,LABL-64886580.wav,5.0,500000,LABL.zip
LABL,LABL-32906561.wav,5.966,256000,LABL.zip
LABL,LABL-63086677.wav,5.245333333333333,384000,LABL.zip
LABL,LABL-64876196.wav,5.0,500000,LABL.zip
LABL,LABL-54319825.wav,6.0,384000,LABL.zip
LABL,LABL-64869435.wav,5.0,500000,LABL.zip
LABL,LABL-29014938.wav,5.492,256000,LABL.zip
LABL,LABL-64896986.wav,3.0,500000,LABL.zip
LABL,LABL-35540983.wav,6.0,256000,LABL.zip
LABL,LABL-64862186.wav,5.0,500000,LABL.zip
LABL,LABL-64891112.wav,5.0,500000,LABL.zip
LABL,LABL-32908383.wav,6.693,256000,LABL.zip
LABL,LABL-55352043.wav,3.461333333333333,384000,LABL.zip
LABL,LABL-32899906.wav,4.276,256000,LABL.zip
LABL,LABL-64872099.wav,5.0,500000,LABL.zip
LABL,LABL-32909381.wav,2.785,256000,LABL.zip
LABL,LABL-64872098.wav,5.0,500000,LABL.zip
LABL,LABL-73564739.wav,3.914,256000,LABL.zip
LABL,LABL-2153565.wav,6.0,384000,LABL.zip
LABL,LABL-73585700.wav,5.0,256000,LABL.zip
LABL,LABL-3816426.wav,4.984,256000,LABL.zip
LABL,LABL-29169693.wav,5.074,256000,LABL.zip
LABL,LABL-32902576.wav,3.304,256000,LABL.zip
LABL,LABL-32899907.wav,6.514,256000,LABL.zip
LABL,LABL-54320080.wav,6.0,384000,LABL.zip
LABL,LABL-32902577.wav,3.624,256000,LABL.zip
LABL,LABL-30486522.wav,4.1226666666666665,384000,LABL.zip
LABL,LABL-64889817.wav,5.0,500000,LABL.zip
LABL,LABL-32905693.wav,4.482,256000,LABL.zip
LABL,LABL-63085762.wav,6.0,384000,LABL.zip
LABL,LABL-64864313.wav,5.0,500000,LABL.zip
LABL,LABL-32906560.wav,5.7,256000,LABL.zip
LABL,LABL-56649309.wav,4.42,384000,LABL.zip
LABL,LABL-55347132.wav,6.0,384000,LABL.zip
LABL,LABL-3817635.wav,5.44,256000,LABL.zip
LABL,LABL-64864307.wav,5.0,500000,LABL.zip
LABL,LABL-63090012.wav,6.0,384000,LABL.zip
LABL,LABL-28543999.wav,5.3773333333333335,384000,LABL.zip
LABL,LABL-267490.wav,6.796,256000,LABL.zip
LABL,LABL-29169395.wav,6.92,256000,LABL.zip
LABL,LABL-63089972.wav,6.0,384000,LABL.zip
LABL,LABL-64893026.wav,5.0,500000,LABL.zip
LABL,LABL-63089868.wav,4.8,384000,LABL.zip
LABL,LABL-55347446.wav,4.7026666666666666,384000,LABL.zip
LABL,LABL-54319827.wav,6.0,384000,LABL.zip
LABL,LABL-64953815.wav,3.8853333333333335,384000,LABL.zip
LABL,LABL-64875644.wav,5.0,500000,LABL.zip
LABL,LABL-32909374.wav,6.131,256000,LABL.zip
LABL,LABL-32899900.wav,4.746,256000,LABL.zip
LABL,LABL-64876198.wav,5.0,500000,LABL.zip
LABL,LABL-63085761.wav,6.0,384000,LABL.zip
LABL,LABL-64870583.wav,5.0,500000,LABL.zip
LABL,LABL-64864305.wav,5.0,500000,LABL.zip
LABL,LABL-33605117.wav,6.0,384000,LABL.zip
LABL,LABL-64892255.wav,5.0,500000,LABL.zip
LABL,LABL-73564611.wav,5.0,256000,LABL.zip
LABL,LABL-32907742.wav,7.614,256000,LABL.zip
LABL,LABL-2537130.wav,6.0,384000,LABL.zip
LABL,LABL-64875876.wav,5.0,500000,LABL.zip
LABL,LABL-73557855.wav,5.0,256000,LABL.zip
LABL,LABL-2153563.wav,6.0,384000,LABL.zip
LABL,LABL-55346774.wav,6.0,384000,LABL.zip
LABL,LABL-64875706.wav,5.0,500000,LABL.zip
LABL,LABL-32899899.wav,6.39,256000,LABL.zip
LABL,LABL-265554.wav,3.072,256000,LABL.zip
LABL,LABL-32899904.wav,5.334,256000,LABL.zip
LABL,LABL-73564745.wav,3.172,256000,LABL.zip
LABL,LABL-73564563.wav,5.0,256000,LABL.zip
LABL,LABL-63091047.wav,5.865333333333333,384000,LABL.zip
LABL,LABL-32905692.wav,5.126,256000,LABL.zip
LABL,LABL-32899901.wav,6.712,256000,LABL.zip
LABL,LABL-63090098.wav,5.952,384000,LABL.zip
LABL,LABL-63090929.wav,6.0,384000,LABL.zip
LABL,LABL-32899903.wav,6.834,256000,LABL.zip
LABL,LABL-55351742.wav,3.3466666666666667,384000,LABL.zip
LABL,LABL-64897935.wav,5.0,500000,LABL.zip
LABL,LABL-63091606.wav,6.0,384000,LABL.zip
LABL,LABL-29170109.wav,4.718,256000,LABL.zip
LABL,LABL-64875707.wav,5.0,500000,LABL.zip
LABL,LABL-54320300.wav,5.585333333333334,384000,LABL.zip
LABL,LABL-29168758.wav,4.936,256000,LABL.zip
LABL,LABL-64873730.wav,5.0,500000,LABL.zip
LABL,LABL-32899909.wav,7.048,256000,LABL.zip
LABL,LABL-3819897.wav,7.13,256000,LABL.zip
LABL,LABL-32905700.wav,2.81,256000,LABL.zip
LABL,LABL-2153828.wav,4.266666666666667,384000,LABL.zip
LABL,LABL-28531088.wav,6.0,384000,LABL.zip
LABL,LABL-32903983.wav,3.83,256000,LABL.zip
LABL,LABL-28338081.wav,6.0,384000,LABL.zip
LABL,LABL-32899908.wav,5.848,256000,LABL.zip
LABL,LABL-55346115.wav,6.0,384000,LABL.zip
LABL,LABL-64872100.wav,5.0,500000,LABL.zip
LABL,LABL-64892251.wav,5.0,500000,LABL.zip
LABL,LABL-64875875.wav,5.0,500000,LABL.zip
LABL,LABL-29169728.wav,7.82,256000,LABL.zip
LABL,LABL-64889815.wav,5.0,500000,LABL.zip
LABL,LABL-63089866.wav,5.468,384000,LABL.zip
LABL,LABL-64863158.wav,5.0,500000,LABL.zip
LABL,LABL-73585705.wav,5.0,256000,LABL.zip
LABL,LABL-63089978.wav,3.792,384000,LABL.zip
LABL,LABL-55345976.wav,6.0,384000,LABL.zip
LABO,LABO-56301060.wav,5.046,256000,LABO.zip
LABO,LABO-57172959.wav,4.998976,500000,LABO.zip
LABO,LABO-62046256.wav,4.898,256000,LABO.zip
LABO,LABO-55408142.wav,5.0,256000,LABO.zip
LABO,LABO-57186388.wav,5.166,256000,LABO.zip
LABO,LABO-30344451.wav,4.995292,500000,LABO.zip
LABO,LABO-2903983.wav,4.995072,500000,LABO.zip
LABO,LABO-2877238.wav,4.646,256000,LABO.zip
LABO,LABO-57173862.wav,4.998976,500000,LABO.zip
LABO,LABO-32030019.wav,2.998976,500000,LABO.zip
LABO,LABO-2032146.wav,4.999,256000,LABO.zip
LABO,LABO-211696.wav,4.998976,500000,LABO.zip
LABO,LABO-55403841.wav,3.854,256000,LABO.zip
LABO,LABO-26949151.wav,2.998976,500000,LABO.zip
LABO,LABO-2045505.wav,3.227,256000,LABO.zip
LABO,LABO-55403279.wav,3.56,256000,LABO.zip
LABO,LABO-57059591.wav,4.999,256000,LABO.zip
LABO,LABO-55408160.wav,5.0,256000,LABO.zip
LABO,LABO-29959420.wav,2.485,256000,LABO.zip
LABO,LABO-29923687.wav,3.612,256000,LABO.zip
LABO,LABO-56603401.wav,3.404,256000,LABO.zip
LABO,LABO-36262546.wav,4.99968,300000,LABO.zip
LABO,LABO-55413206.wav,3.774,256000,LABO.zip
LABO,LABO-1949964.wav,4.999,256000,LABO.zip
LABO,LABO-25976856.wav,4.998976,500000,LABO.zip
LABO,LABO-57367035.wav,2.998976,500000,LABO.zip
LABO,LABO-3815461.wav,6.286,256000,LABO.zip
LABO,LABO-2031536.wav,4.387,256000,LABO.zip
LABO,LABO-73564180.wav,5.0,256000,LABO.zip
LABO,LABO-2044927.wav,4.999,256000,LABO.zip
LABO,LABO-29794049.wav,4.149333333333334,192000,LABO.zip
LABO,LABO-57186419.wav,4.3,256000,LABO.zip
LABO,LABO-57376223.wav,5.626,256000,LABO.zip
LABO,LABO-2041448.wav,4.999,256000,LABO.zip
LABO,LABO-30508139.wav,2.998976,500000,LABO.zip
LABO,LABO-29927184.wav,4.999,256000,LABO.zip
LABO,LABO-57059043.wav,4.999,256000,LABO.zip
LABO,LABO-57332970.wav,5.884,256000,LABO.zip
LABO,LABO-36262659.wav,4.99968,300000,LABO.zip
LABO,LABO-29924086.wav,4.999,256000,LABO.zip
LABO,LABO-2801275.wav,3.65,256000,LABO.zip
LABO,LABO-27205116.wav,2.998976,500000,LABO.zip
LABO,LABO-33607534.wav,6.893,256000,LABO.zip
LABO,LABO-29974317.wav,3.098,256000,LABO.zip
LABO,LABO-36371821.wav,1.238,256000,LABO.zip
LABO,LABO-57379476.wav,5.588,256000,LABO.zip
LABO,LABO-34740182.wav,5.0,256000,LABO.zip
LABO,LABO-57173874.wav,4.998976,500000,LABO.zip
LABO,LABO-55408140.wav,4.53,256000,LABO.zip
LABO,LABO-2263097.wav,5.0,256000,LABO.zip
LABO,LABO-56624660.wav,6.928,256000,LABO.zip
LABO,LABO-57379470.wav,5.104,256000,LABO.zip
LABO,LABO-30323607.wav,2.998976,500000,LABO.zip
LABO,LABO-26949121.wav,2.998976,500000,LABO.zip
LABO,LABO-29934673.wav,7.87,256000,LABO.zip
LABO,LABO-36371915.wav,4.448,256000,LABO.zip
LABO,LABO-2269999.wav,2.258,256000,LABO.zip
LABO,LABO-56604638.wav,3.84,256000,LABO.zip
LABO,LABO-34749422.wav,5.0,256000,LABO.zip
LABO,LABO-55011112.wav,3.822,256000,LABO.zip
LABO,LABO-2951936.wav,4.995072,500000,LABO.zip
LABO,LABO-2795546.wav,2.802,256000,LABO.zip
LABO,LABO-16501248.wav,5.478,256000,LABO.zip
LABO,LABO-56661216.wav,2.995292,500000,LABO.zip
LABO,LABO-56660851.wav,2.995292,500000,LABO.zip
LABO,LABO-57364108.wav,2.998976,500000,LABO.zip
LABO,LABO-3808076.wav,3.943,256000,LABO.zip
LABO,LABO-2041372.wav,4.999,256000,LABO.zip
LABO,LABO-56338253.wav,4.984,256000,LABO.zip
LABO,LABO-802184.wav,2.998976,500000,LABO.zip
LABO,LABO-56618170.wav,6.258,256000,LABO.zip
LABO,LABO-55408151.wav,5.0,256000,LABO.zip
LABO,LABO-57255528.wav,7.186,256000,LABO.zip
LABO,LABO-30344261.wav,4.995292,500000,LABO.zip
LABO,LABO-57172923.wav,4.998976,500000,LABO.zip
LABO,LABO-57172757.wav,4.998976,500000,LABO.zip
LABO,LABO-30390872.wav,4.995292,500000,LABO.zip
LABO,LABO-57375858.wav,3.552,256000,LABO.zip
LABO,LABO-2276405.wav,3.756,256000,LABO.zip
LABO,LABO-26700899.wav,3.882,256000,LABO.zip
LABO,LABO-16485176.wav,4.705,256000,LABO.zip
LABO,LABO-36263353.wav,4.99968,300000,LABO.zip
LABO,LABO-55408159.wav,5.0,256000,LABO.zip
LABO,LABO-1951596.wav,4.999,256000,LABO.zip
LABO,LABO-29934835.wav,3.534,256000,LABO.zip
LABO,LABO-57363870.wav,2.998976,500000,LABO.zip
LABO,LABO-30367167.wav,4.995292,500000,LABO.zip
LABO,LABO-55407188.wav,4.226,256000,LABO.zip
LABO,LABO-26949061.wav,2.998976,500000,LABO.zip
LABO,LABO-33605491.wav,5.032,256000,LABO.zip
LABO,LABO-2033143.wav,2.845,256000,LABO.zip
LABO,LABO-57256389.wav,3.964,256000,LABO.zip
LABO,LABO-36371950.wav,0.841,256000,LABO.zip
LABO,LABO-36263320.wav,4.99968,300000,LABO.zip
LABO,LABO-55408136.wav,2.562,256000,LABO.zip
LABO,LABO-34098250.wav,6.219,256000,LABO.zip
LABO,LABO-57092841.wav,4.998976,500000,LABO.zip
LABO,LABO-29964750.wav,2.206,256000,LABO.zip
LABO,LABO-56607107.wav,4.368,256000,LABO.zip
LABO,LABO-57387801.wav,0.995292,500000,LABO.zip
LABO,LABO-2030880.wav,4.999,256000,LABO.zip
LABO,LABO-2042114.wav,4.187,256000,LABO.zip
LABO,LABO-29792804.wav,5.0,192000,LABO.zip
LABO,LABO-36262828.wav,4.99968,300000,LABO.zip
LABO,LABO-3807763.wav,4.999,256000,LABO.zip
LABO,LABO-34088116.wav,7.701,256000,LABO.zip
LABO,LABO-57059487.wav,4.999,256000,LABO.zip
LABO,LABO-29974920.wav,2.72,256000,LABO.zip
LABO,LABO-36282625.wav,4.825333333333333,384000,LABO.zip
LABO,LABO-26676845.wav,6.309,256000,LABO.zip
LABO,LABO-34747780.wav,3.546,256000,LABO.zip
LABO,LABO-55392939.wav,7.405333333333333,384000,LABO.zip
LABO,LABO-2044929.wav,4.999,256000,LABO.zip
LABO,LABO-36263083.wav,4.99968,300000,LABO.zip
LABO,LABO-29967073.wav,5.0,256000,LABO.zip
LABO,LABO-29923870.wav,4.999,256000,LABO.zip
LABO,LABO-36262734.wav,4.99968,300000,LABO.zip
LABO,LABO-57174006.wav,2.998976,500000,LABO.zip
LABO,LABO-57173877.wav,4.998976,500000,LABO.zip
LABO,LABO-2248231.wav,3.034,384000,LABO.zip
LABO,LABO-55408153.wav,5.0,256000,LABO.zip
LABO,LABO-33598538.wav,6.501,256000,LABO.zip
LABO,LABO-29774201.wav,4.602666666666667,192000,LABO.zip
LABO,LABO-25976870.wav,4.998976,500000,LABO.zip
LABO,LABO-34098158.wav,7.549,256000,LABO.zip
LABO,LABO-56698948.wav,4.476,256000,LABO.zip
LABO,LABO-57168589.wav,2.998976,500000,LABO.zip
LABO,LABO-29974918.wav,4.57,256000,LABO.zip
LABO,LABO-56588289.wav,2.382,256000,LABO.zip
LABO,LABO-57172932.wav,4.998976,500000,LABO.zip
LABO,LABO-55401831.wav,3.428,256000,LABO.zip
LABO,LABO-56301209.wav,6.386,256000,LABO.zip
LABO,LABO-34022281.wav,6.496,256000,LABO.zip
LABO,LABO-36263321.wav,4.99968,300000,LABO.zip
LABO,LABO-57098211.wav,4.998976,500000,LABO.zip
LABO,LABO-16478674.wav,7.317,256000,LABO.zip
LABO,LABO-57173926.wav,4.998976,500000,LABO.zip
LABO,LABO-74447471.wav,3.506,256000,LABO.zip
LABO,LABO-33610547.wav,2.881,256000,LABO.zip
LABO,LABO-56606582.wav,6.136,256000,LABO.zip
LABO,LABO-30388876.wav,2.998976,500000,LABO.zip
LABO,LABO-36263051.wav,4.99968,300000,LABO.zip
LABO,LABO-30325749.wav,2.998976,500000,LABO.zip
LABO,LABO-2877237.wav,5.0,256000,LABO.zip
LABO,LABO-55413134.wav,3.766,256000,LABO.zip
LABO,LABO-30359017.wav,2.998976,500000,LABO.zip
LABO,LABO-2044516.wav,4.999,256000,LABO.zip
LABO,LABO-29923872.wav,4.82,256000,LABO.zip
LABO,LABO-57375848.wav,4.978,256000,LABO.zip
LABO,LABO-2277955.wav,4.999333333333333,384000,LABO.zip
LABO,LABO-16501336.wav,3.05,256000,LABO.zip
LABO,LABO-1949440.wav,2.318,256000,LABO.zip
LABO,LABO-2804792.wav,4.474,256000,LABO.zip
LABO,LABO-36371794.wav,1.636,256000,LABO.zip
LABO,LABO-57254721.wav,4.102,256000,LABO.zip
LABO,LABO-55404357.wav,6.732,256000,LABO.zip
LABO,LABO-34087081.wav,7.871,256000,LABO.zip
LABO,LABO-57393495.wav,2.995292,500000,LABO.zip
LABO,LABO-34030099.wav,4.252,256000,LABO.zip
LABO,LABO-30505354.wav,2.998976,500000,LABO.zip
LABO,LABO-26704306.wav,7.02,256000,LABO.zip
LABO,LABO-26675019.wav,3.228,256000,LABO.zip
LABO,LABO-29964755.wav,2.474,256000,LABO.zip
LABO,LABO-57173900.wav,4.998976,500000,LABO.zip
LABO,LABO-56637366.wav,5.05,256000,LABO.zip
LABO,LABO-57173921.wav,4.998976,500000,LABO.zip
LABO,LABO-2256894.wav,1.9366666666666668,384000,LABO.zip
LABO,LABO-3811798.wav,4.999,256000,LABO.zip
LABO,LABO-27149686.wav,2.998976,500000,LABO.zip
LABO,LABO-29970887.wav,5.0,256000,LABO.zip
LABO,LABO-57254715.wav,5.558,256000,LABO.zip
LABO,LABO-63043847.wav,6.058,256000,LABO.zip
LABO,LABO-27205131.wav,2.998976,500000,LABO.zip
LABO,LABO-29931830.wav,4.182,256000,LABO.zip
LABO,LABO-56685312.wav,4.995292,500000,LABO.zip
LABO,LABO-2796127.wav,2.646,256000,LABO.zip
LABO,LABO-2892494.wav,4.995072,500000,LABO.zip
LABO,LABO-27145911.wav,2.998976,500000,LABO.zip
LABO,LABO-16485177.wav,4.238,256000,LABO.zip
LABO,LABO-56338666.wav,3.848,256000,LABO.zip
LABO,LABO-2264908.wav,3.704,256000,LABO.zip
LABO,LABO-29968008.wav,5.0,256000,LABO.zip
LABO,LABO-2877910.wav,5.0,256000,LABO.zip
LABO,LABO-2031952.wav,4.999,256000,LABO.zip
LABO,LABO-36371916.wav,3.673,256000,LABO.zip
LABO,LABO-36371543.wav,5.967,256000,LABO.zip
LABO,LABO-215349.wav,4.998976,500000,LABO.zip
LABO,LABO-29961819.wav,5.0,256000,LABO.zip
LABO,LABO-36263019.wav,4.99968,300000,LABO.zip
LABO,LABO-57379413.wav,3.834,256000,LABO.zip
LABO,LABO-26621183.wav,3.432,256000,LABO.zip
LABO,LABO-62886398.wav,7.116,256000,LABO.zip
LABO,LABO-2271944.wav,5.0,256000,LABO.zip
LABO,LABO-57173849.wav,4.998976,500000,LABO.zip
LABO,LABO-29931690.wav,4.684,256000,LABO.zip
LABO,LABO-27149717.wav,2.998976,500000,LABO.zip
LABO,LABO-34094299.wav,6.688,256000,LABO.zip
LABO,LABO-480095.wav,4.438,256000,LABO.zip
LABO,LABO-57093315.wav,4.998976,500000,LABO.zip
LABO,LABO-26601758.wav,2.695,256000,LABO.zip
LABO,LABO-56338656.wav,4.906,256000,LABO.zip
LABO,LABO-35100154.wav,4.692,256000,LABO.zip
LABO,LABO-36371835.wav,1.788,256000,LABO.zip
LABO,LABO-55403438.wav,3.492,256000,LABO.zip
LABO,LABO-30333551.wav,4.995292,500000,LABO.zip
LABO,LABO-55408162.wav,5.0,256000,LABO.zip
LABO,LABO-36262912.wav,4.99968,300000,LABO.zip
LABO,LABO-2886736.wav,4.995072,500000,LABO.zip
LABO,LABO-56585184.wav,4.258,256000,LABO.zip
LABO,LABO-56301212.wav,6.404,256000,LABO.zip
LABO,LABO-63044451.wav,6.216,256000,LABO.zip
LABO,LABO-26590174.wav,4.709,256000,LABO.zip
LABO,LABO-2903112.wav,4.995072,500000,LABO.zip
LABO,LABO-57375254.wav,6.058,256000,LABO.zip
LABO,LABO-57173903.wav,4.998976,500000,LABO.zip
LABO,LABO-57361647.wav,2.998976,500000,LABO.zip
LABO,LABO-73564408.wav,5.0,256000,LABO.zip
LABO,LABO-2276634.wav,1.9606666666666663,384000,LABO.zip
LABO,LABO-29975103.wav,4.083,256000,LABO.zip
LABO,LABO-57168600.wav,2.998976,500000,LABO.zip
LABO,LABO-57255639.wav,6.88,256000,LABO.zip
LABO,LABO-57372703.wav,6.63,256000,LABO.zip
LABO,LABO-2276724.wav,5.0,256000,LABO.zip
LABO,LABO-55011178.wav,4.87,256000,LABO.zip
LABO,LABO-57059210.wav,4.999,256000,LABO.zip
LABO,LABO-57379480.wav,4.93,256000,LABO.zip
LABO,LABO-29931910.wav,7.72,256000,LABO.zip
LABO,LABO-2265323.wav,3.572,256000,LABO.zip
LABO,LABO-2946094.wav,4.995072,500000,LABO.zip
LABO,LABO-2920567.wav,4.995072,500000,LABO.zip
LABO,LABO-2041041.wav,4.999,256000,LABO.zip
LABO,LABO-29932451.wav,3.498,256000,LABO.zip
LABO,LABO-57254697.wav,6.602,256000,LABO.zip
LABO,LABO-2265373.wav,7.672,256000,LABO.zip
LABO,LABO-57173953.wav,4.998976,500000,LABO.zip
LABO,LABO-57092802.wav,4.998976,500000,LABO.zip
LABO,LABO-33605701.wav,3.491,256000,LABO.zip
LABO,LABO-29924474.wav,3.924,256000,LABO.zip
LABO,LABO-29734014.wav,5.0,192000,LABO.zip
LABO,LABO-36263124.wav,4.99968,300000,LABO.zip
LABO,LABO-34098228.wav,5.213,256000,LABO.zip
LABO,LABO-25976864.wav,4.998976,500000,LABO.zip
LABO,LABO-60111598.wav,3.0,500000,LABO.zip
LABO,LABO-29931688.wav,6.15,256000,LABO.zip
LABO,LABO-59347673.wav,4.998976,500000,LABO.zip
LABO,LABO-2043461.wav,4.999,256000,LABO.zip
LABO,LABO-57173878.wav,4.998976,500000,LABO.zip
LABO,LABO-30358940.wav,2.998976,500000,LABO.zip
LABO,LABO-57270996.wav,5.174,256000,LABO.zip
LABO,LABO-55404674.wav,6.208,256000,LABO.zip
LABO,LABO-2795550.wav,4.01,256000,LABO.zip
LABO,LABO-30377046.wav,4.995292,500000,LABO.zip
LABO,LABO-56588311.wav,2.616,256000,LABO.zip
LABO,LABO-29923797.wav,2.284,256000,LABO.zip
LABO,LABO-29927837.wav,2.295,256000,LABO.zip
LABO,LABO-32030020.wav,2.998976,500000,LABO.zip
LABO,LABO-55408135.wav,5.0,256000,LABO.zip
LABO,LABO-29932068.wav,2.546,256000,LABO.zip
LABO,LABO-55408144.wav,3.44,256000,LABO.zip
LABO,LABO-29959857.wav,4.386,256000,LABO.zip
LABO,LABO-30509107.wav,2.998976,500000,LABO.zip
LABO,LABO-29960788.wav,5.0,256000,LABO.zip
LABO,LABO-29774157.wav,3.12,192000,LABO.zip
LABO,LABO-55408141.wav,3.732,256000,LABO.zip
LABO,LABO-55402360.wav,5.204,256000,LABO.zip
LABO,LABO-57373320.wav,4.8,256000,LABO.zip
LABO,LABO-57254716.wav,2.372,256000,LABO.zip
LABO,LABO-3805771.wav,4.999,256000,LABO.zip
LABO,LABO-57176742.wav,4.998976,500000,LABO.zip
LABO,LABO-36263186.wav,4.99968,300000,LABO.zip
LABO,LABO-63044701.wav,4.694,256000,LABO.zip
LABO,LABO-2272068.wav,2.9053333333333335,384000,LABO.zip
LABO,LABO-56338683.wav,5.14,256000,LABO.zip
LABO,LABO-29934675.wav,5.708,256000,LABO.zip
LABO,LABO-57393886.wav,2.995292,500000,LABO.zip
LABO,LABO-57054934.wav,4.999333333333333,384000,LABO.zip
LABO,LABO-55407059.wav,6.21,256000,LABO.zip
LABO,LABO-29926570.wav,4.999,256000,LABO.zip
LABO,LABO-29927799.wav,4.999,256000,LABO.zip
LABO,LABO-26675749.wav,7.727,256000,LABO.zip
LABO,LABO-33598641.wav,5.666,256000,LABO.zip
LABO,LABO-36262687.wav,4.99968,300000,LABO.zip
LABO,LABO-29951691.wav,3.248,256000,LABO.zip
LABO,LABO-29968006.wav,5.0,256000,LABO.zip
LABO,LABO-29959406.wav,4.999,256000,LABO.zip
LABO,LABO-36372640.wav,2.151,256000,LABO.zip
LABO,LABO-34748504.wav,4.804,256000,LABO.zip
LABO,LABO-57168597.wav,2.998976,500000,LABO.zip
LABO,LABO-57379475.wav,2.012,256000,LABO.zip
LABO,LABO-57378854.wav,7.012,256000,LABO.zip
LABO,LABO-2043185.wav,4.999,256000,LABO.zip
LABO,LABO-26590241.wav,4.62,256000,LABO.zip
LABO,LABO-29931913.wav,5.92,256000,LABO.zip
LABO,LABO-34089034.wav,2.335,256000,LABO.zip
LABO,LABO-33605994.wav,5.128,256000,LABO.zip
LABO,LABO-56627844.wav,5.0,256000,LABO.zip
LABO,LABO-16485268.wav,6.183,256000,LABO.zip
LABO,LABO-2796124.wav,5.0,256000,LABO.zip
LABO,LABO-16475716.wav,5.555,256000,LABO.zip
LABO,LABO-29926571.wav,4.999,256000,LABO.zip
LABO,LABO-54323572.wav,6.706,256000,LABO.zip
LABO,LABO-27202334.wav,2.998976,500000,LABO.zip
LABO,LABO-27220869.wav,2.998976,500000,LABO.zip
LABO,LABO-57358848.wav,2.998976,500000,LABO.zip
LABO,LABO-29950954.wav,3.968,256000,LABO.zip
LABO,LABO-211328.wav,4.998976,500000,LABO.zip
LABO,LABO-57172709.wav,4.998976,500000,LABO.zip
LABO,LABO-34747907.wav,5.0,256000,LABO.zip
LABO,LABO-56694704.wav,4.772,256000,LABO.zip
LABO,LABO-30390807.wav,4.995292,500000,LABO.zip
LABO,LABO-36263166.wav,4.99968,300000,LABO.zip
LABO,LABO-26676007.wav,5.442,256000,LABO.zip
LABO,LABO-26703353.wav,4.11,256000,LABO.zip
LABO,LABO-480093.wav,6.334,256000,LABO.zip
LABO,LABO-57168598.wav,2.998976,500000,LABO.zip
LABO,LABO-56625786.wav,5.806,256000,LABO.zip
LABO,LABO-30365662.wav,4.995292,500000,LABO.zip
LABO,LABO-56301130.wav,6.6,256000,LABO.zip
LABO,LABO-57379311.wav,6.106,256000,LABO.zip
LABO,LABO-29970368.wav,5.0,256000,LABO.zip
LABO,LABO-56512466.wav,7.584,256000,LABO.zip
LABO,LABO-29951690.wav,5.804,256000,LABO.zip
LABO,LABO-57168588.wav,2.998976,500000,LABO.zip
LABO,LABO-55401280.wav,4.294,256000,LABO.zip
LABO,LABO-33591615.wav,3.135,256000,LABO.zip
LABO,LABO-2804351.wav,7.806,256000,LABO.zip
LABO,LABO-57172691.wav,4.998976,500000,LABO.zip
LABO,LABO-55407953.wav,5.0,256000,LABO.zip
LABO,LABO-2877798.wav,4.178,256000,LABO.zip
LABO,LABO-35909703.wav,5.07,256000,LABO.zip
LABO,LABO-56509733.wav,6.994,256000,LABO.zip
LABO,LABO-55403437.wav,4.408,256000,LABO.zip
LABO,LABO-2887025.wav,4.995072,500000,LABO.zip
LABO,LABO-29974090.wav,4.856,256000,LABO.zip
LABO,LABO-36263122.wav,4.99968,300000,LABO.zip
LABO,LABO-56301111.wav,4.23,256000,LABO.zip
LABO,LABO-29971367.wav,4.158,256000,LABO.zip
LABO,LABO-55408134.wav,2.588,256000,LABO.zip
LABO,LABO-27149741.wav,2.998976,500000,LABO.zip
LABO,LABO-27149720.wav,2.998976,500000,LABO.zip
LABO,LABO-26949122.wav,2.998976,500000,LABO.zip
LABO,LABO-29959423.wav,4.218,256000,LABO.zip
LABO,LABO-55402914.wav,4.956,256000,LABO.zip
LABO,LABO-2253313.wav,3.138,256000,LABO.zip
LABO,LABO-2243482.wav,4.19,256000,LABO.zip
LABO,LABO-2031953.wav,4.999,256000,LABO.zip
LABO,LABO-33605470.wav,6.955,256000,LABO.zip
LABO,LABO-16479586.wav,2.882,256000,LABO.zip
LABO,LABO-36263352.wav,4.99968,300000,LABO.zip
LABO,LABO-3807942.wav,4.999,256000,LABO.zip
LABO,LABO-30319424.wav,2.998976,500000,LABO.zip
LABO,LABO-56636301.wav,5.966,256000,LABO.zip
LABO,LABO-36262698.wav,4.99968,300000,LABO.zip
LABO,LABO-476489.wav,2.436,256000,LABO.zip
LABO,LABO-55408147.wav,2.31,256000,LABO.zip
LABO,LABO-55408148.wav,4.478,256000,LABO.zip
LABO,LABO-36262826.wav,4.99968,300000,LABO.zip
LABO,LABO-57056416.wav,2.6333333333333333,384000,LABO.zip
LABO,LABO-56589625.wav,3.692,256000,LABO.zip
LABO,LABO-57255589.wav,2.832,256000,LABO.zip
LABO,LABO-56301121.wav,3.734,256000,LABO.zip
LABO,LABO-57168586.wav,2.998976,500000,LABO.zip
LABO,LABO-2248325.wav,3.058,256000,LABO.zip
LABO,LABO-30508129.wav,2.998976,500000,LABO.zip
LABO,LABO-3805546.wav,4.999,256000,LABO.zip
LABO,LABO-2940195.wav,4.995072,500000,LABO.zip
LABO,LABO-476490.wav,2.558,256000,LABO.zip
LABO,LABO-36262624.wav,4.99968,300000,LABO.zip
LABO,LABO-55408163.wav,5.0,256000,LABO.zip
LABO,LABO-35099014.wav,6.022,256000,LABO.zip
LABO,LABO-29790812.wav,3.525333333333333,192000,LABO.zip
LABO,LABO-57092798.wav,4.998976,500000,LABO.zip
LABO,LABO-29790815.wav,3.736,192000,LABO.zip
LABO,LABO-3805979.wav,3.835,256000,LABO.zip
LABO,LABO-34090071.wav,4.853,256000,LABO.zip
LABO,LABO-57186603.wav,3.906,256000,LABO.zip
LABO,LABO-2795885.wav,5.0,256000,LABO.zip
LABO,LABO-29949917.wav,2.586,256000,LABO.zip
LABO,LABO-36262697.wav,4.99968,300000,LABO.zip
LABO,LABO-29848339.wav,5.004,192000,LABO.zip
LABO,LABO-55393797.wav,4.984666666666667,384000,LABO.zip
LABO,LABO-215662.wav,4.998976,500000,LABO.zip
LABO,LABO-56694705.wav,5.972,256000,LABO.zip
LABO,LABO-56742180.wav,2.466,256000,LABO.zip
LABO,LABO-56590658.wav,6.238,256000,LABO.zip
LABO,LABO-57093322.wav,4.998976,500000,LABO.zip
LABO,LABO-2267399.wav,3.954,256000,LABO.zip
LABO,LABO-56594880.wav,4.468,256000,LABO.zip
LABO,LABO-31542642.wav,4.998976,500000,LABO.zip
LABO,LABO-57173954.wav,4.998976,500000,LABO.zip
LABO,LABO-55401832.wav,3.016,256000,LABO.zip
LABO,LABO-55403234.wav,2.768,256000,LABO.zip
LABO,LABO-2066585.wav,4.998976,500000,LABO.zip
LABO,LABO-56338238.wav,4.91,256000,LABO.zip
LABO,LABO-30505353.wav,2.998976,500000,LABO.zip
LABO,LABO-57365887.wav,2.998976,500000,LABO.zip
LABO,LABO-57168591.wav,2.998976,500000,LABO.zip
LABO,LABO-57060185.wav,4.331,256000,LABO.zip
LABO,LABO-34740323.wav,5.0,256000,LABO.zip
LABO,LABO-55412975.wav,6.376,256000,LABO.zip
LABO,LABO-57394654.wav,2.995292,500000,LABO.zip
LABO,LABO-29796323.wav,3.5866666666666664,192000,LABO.zip
LABO,LABO-2253180.wav,2.4066666666666667,384000,LABO.zip
LABO,LABO-26704304.wav,5.89,256000,LABO.zip
LABO,LABO-2035967.wav,4.937,256000,LABO.zip
LABO,LABO-26615314.wav,6.276,256000,LABO.zip
LABO,LABO-55408165.wav,2.368,256000,LABO.zip
LABO,LABO-56655639.wav,2.576,256000,LABO.zip
LABO,LABO-56620480.wav,7.686,256000,LABO.zip
LABO,LABO-29951326.wav,4.914,256000,LABO.zip
LABO,LABO-57172089.wav,4.998976,500000,LABO.zip
LABO,LABO-28414402.wav,4.998976,500000,LABO.zip
LABO,LABO-1951921.wav,2.023,256000,LABO.zip
LABO,LABO-34087728.wav,3.31,256000,LABO.zip
LABO,LABO-1950281.wav,4.323,256000,LABO.zip
LABO,LABO-29931518.wav,3.238,256000,LABO.zip
LABO,LABO-2042783.wav,4.9,256000,LABO.zip
LABO,LABO-26621148.wav,4.4,256000,LABO.zip
LABO,LABO-29783463.wav,5.0,192000,LABO.zip
LABO,LABO-34094143.wav,2.195,256000,LABO.zip
LABO,LABO-27220848.wav,2.998976,500000,LABO.zip
LABO,LABO-33610511.wav,2.078,256000,LABO.zip
LABO,LABO-2271143.wav,2.3173333333333335,384000,LABO.zip
LABO,LABO-36263102.wav,4.99968,300000,LABO.zip
LABO,LABO-2044453.wav,4.999,256000,LABO.zip
LABO,LABO-57173905.wav,4.998976,500000,LABO.zip
LABO,LABO-2804405.wav,6.538,256000,LABO.zip
LABO,LABO-36263332.wav,4.99968,300000,LABO.zip
LABO,LABO-2040366.wav,4.999,256000,LABO.zip
LABO,LABO-1949966.wav,4.999,256000,LABO.zip
LABO,LABO-32030030.wav,2.998976,500000,LABO.zip
LABO,LABO-63043670.wav,6.454,256000,LABO.zip
LABO,LABO-56698982.wav,2.434,256000,LABO.zip
LABO,LABO-33627405.wav,7.362,256000,LABO.zip
LABO,LABO-34749397.wav,5.0,256000,LABO.zip
LABO,LABO-57379269.wav,3.71,256000,LABO.zip
LABO,LABO-2257681.wav,5.0,256000,LABO.zip
LABO,LABO-55408133.wav,3.992,256000,LABO.zip
LABO,LABO-57378844.wav,6.95,256000,LABO.zip
LABO,LABO-57174680.wav,2.998976,500000,LABO.zip
LABO,LABO-34031741.wav,5.751,256000,LABO.zip
LABO,LABO-27205995.wav,2.998976,500000,LABO.zip
LABO,LABO-30350690.wav,2.998976,500000,LABO.zip
LABO,LABO-55393669.wav,6.456666666666667,384000,LABO.zip
LABO,LABO-16501222.wav,4.736,256000,LABO.zip
LABO,LABO-30354075.wav,2.998976,500000,LABO.zip
LABO,LABO-57365698.wav,2.998976,500000,LABO.zip
LABO,LABO-57372987.wav,4.99,256000,LABO.zip
LABO,LABO-3811960.wav,4.999,256000,LABO.zip
LABO,LABO-57060513.wav,3.639,256000,LABO.zip
LABO,LABO-73626547.wav,5.0,256000,LABO.zip
LABO,LABO-57254720.wav,5.652,256000,LABO.zip
LABO,LABO-402290.wav,2.998976,500000,LABO.zip
LABO,LABO-55408155.wav,5.0,256000,LABO.zip
LABO,LABO-56627360.wav,5.0,256000,LABO.zip
LABO,LABO-34089302.wav,5.657,256000,LABO.zip
LABO,LABO-60359382.wav,2.998976,500000,LABO.zip
LABO,LABO-2804459.wav,5.276,256000,LABO.zip
LABO,LABO-55400716.wav,2.518,256000,LABO.zip
LABO,LABO-29924472.wav,2.882,256000,LABO.zip
LABO,LABO-36371544.wav,2.847,256000,LABO.zip
LABO,LABO-2270003.wav,4.064,256000,LABO.zip
LABO,LABO-58733669.wav,5.863,256000,LABO.zip
LABO,LABO-1950891.wav,4.999,256000,LABO.zip
LABO,LABO-29960703.wav,4.21,256000,LABO.zip
LABO,LABO-2266513.wav,4.999333333333333,384000,LABO.zip
LABO,LABO-56338644.wav,3.254,256000,LABO.zip
LABO,LABO-28368199.wav,4.998976,500000,LABO.zip
LABO,LABO-55408150.wav,3.598,256000,LABO.zip
LABO,LABO-2801760.wav,3.75,256000,LABO.zip
LABO,LABO-63043870.wav,4.063,256000,LABO.zip
LABO,LABO-26949187.wav,2.998976,500000,LABO.zip
LABO,LABO-55413200.wav,2.424,256000,LABO.zip
LABO,LABO-29950896.wav,4.148,256000,LABO.zip
LABO,LABO-57173845.wav,4.998976,500000,LABO.zip
LABO,LABO-30347994.wav,4.995292,500000,LABO.zip
LABO,LABO-62886380.wav,6.211,256000,LABO.zip
LABO,LABO-57172955.wav,4.998976,500000,LABO.zip
LABO,LABO-56338024.wav,2.344,256000,LABO.zip
LABO,LABO-1949430.wav,4.999,256000,LABO.zip
LABO,LABO-29959490.wav,4.999,256000,LABO.zip
LABO,LABO-55408154.wav,5.0,256000,LABO.zip
LABO,LABO-3806367.wav,2.184,256000,LABO.zip
LABO,LABO-29962470.wav,3.99,256000,LABO.zip
LABO,LABO-60111399.wav,3.0,500000,LABO.zip
LABO,LABO-2877235.wav,3.352,256000,LABO.zip
LABO,LABO-56338635.wav,7.222,256000,LABO.zip
LABO,LABO-34094007.wav,5.171,256000,LABO.zip
LABO,LABO-55393177.wav,4.800666666666666,384000,LABO.zip
LABO,LABO-29974316.wav,6.793,256000,LABO.zip
LABO,LABO-29967071.wav,4.656,256000,LABO.zip
LABO,LABO-33595395.wav,4.71,256000,LABO.zip
LABO,LABO-55402989.wav,5.21,256000,LABO.zip
LABO,LABO-2277972.wav,4.999333333333333,384000,LABO.zip
LABO,LABO-55402596.wav,4.988,256000,LABO.zip
LABO,LABO-57379401.wav,3.942,256000,LABO.zip
LABO,LABO-36263008.wav,4.99968,300000,LABO.zip
LABO,LABO-55401830.wav,3.446,256000,LABO.zip
LABO,LABO-2279036.wav,7.886,256000,LABO.zip
LABO,LABO-29923989.wav,2.722,256000,LABO.zip
LABO,LABO-56618088.wav,5.818,256000,LABO.zip
LABO,LABO-34749298.wav,5.0,256000,LABO.zip
LABO,LABO-55402768.wav,2.992,256000,LABO.zip
LABO,LABO-56655933.wav,2.995292,500000,LABO.zip
LABO,LABO-29927764.wav,4.999,256000,LABO.zip
LABO,LABO-57092807.wav,4.998976,500000,LABO.zip
LABO,LABO-57264160.wav,6.562,256000,LABO.zip
LABO,LABO-33593899.wav,6.593,256000,LABO.zip
LABO,LABO-26949212.wav,2.998976,500000,LABO.zip
LABO,LABO-56589574.wav,2.588,256000,LABO.zip
LABO,LABO-30344472.wav,2.998976,500000,LABO.zip
LABO,LABO-56641257.wav,4.98,256000,LABO.zip
LABO,LABO-3811704.wav,4.211,256000,LABO.zip
LABO,LABO-55402647.wav,6.096,256000,LABO.zip
LABO,LABO-29926120.wav,4.999,256000,LABO.zip
LABO,LABO-56338646.wav,3.584,256000,LABO.zip
LABO,LABO-30383280.wav,4.995292,500000,LABO.zip
LABO,LABO-29967068.wav,5.0,256000,LABO.zip
LABO,LABO-29732850.wav,5.0,192000,LABO.zip
LABO,LABO-57256033.wav,6.812,256000,LABO.zip
LABO,LABO-2046594.wav,4.999,256000,LABO.zip
LABO,LABO-30334388.wav,4.995292,500000,LABO.zip
LABO,LABO-36371914.wav,4.314,256000,LABO.zip
LABO,LABO-36262688.wav,4.99968,300000,LABO.zip
LABO,LABO-55402561.wav,5.558,256000,LABO.zip
LABO,LABO-33610593.wav,5.274,256000,LABO.zip
LABO,LABO-29774456.wav,3.302666666666666,192000,LABO.zip
LABO,LABO-56338640.wav,5.732,256000,LABO.zip
LABO,LABO-26674979.wav,3.806,256000,LABO.zip
LABO,LABO-57393501.wav,2.995292,500000,LABO.zip
LABO,LABO-30320557.wav,2.998976,500000,LABO.zip
LABO,LABO-29974615.wav,7.034,256000,LABO.zip
LABO,LABO-2274461.wav,7.14,256000,LABO.zip
LABO,LABO-36262981.wav,4.99968,300000,LABO.zip
LABO,LABO-34089433.wav,6.357,256000,LABO.zip
LABO,LABO-29923988.wav,4.062,256000,LABO.zip
LABO,LABO-29733586.wav,5.0,192000,LABO.zip
LABO,LABO-36262853.wav,4.99968,300000,LABO.zip
LABO,LABO-29974091.wav,5.0,256000,LABO.zip
LABO,LABO-29951123.wav,3.428,256000,LABO.zip
LABO,LABO-56521000.wav,7.362,256000,LABO.zip
LABO,LABO-57173326.wav,2.998976,500000,LABO.zip
LABO,LABO-57173875.wav,4.998976,500000,LABO.zip
LABO,LABO-34094138.wav,3.07,256000,LABO.zip
LABO,LABO-2877354.wav,5.0,256000,LABO.zip
LABO,LABO-29960715.wav,2.744,256000,LABO.zip
LABO,LABO-34088752.wav,4.985,256000,LABO.zip
LABO,LABO-36263088.wav,4.99968,300000,LABO.zip
LABO,LABO-57173977.wav,1.781806,500000,LABO.zip
LABO,LABO-29932496.wav,3.386,256000,LABO.zip
LABO,LABO-3805978.wav,4.999,256000,LABO.zip
LABO,LABO-29971068.wav,5.0,256000,LABO.zip
LABO,LABO-29959493.wav,4.999,256000,LABO.zip
LABO,LABO-56592752.wav,5.866,256000,LABO.zip
LABO,LABO-57176438.wav,4.998976,500000,LABO.zip
LABO,LABO-56625333.wav,5.898,256000,LABO.zip
LABO,LABO-2272065.wav,2.9013333333333335,384000,LABO.zip
LABO,LABO-2804297.wav,7.346,256000,LABO.zip
LABO,LABO-57173995.wav,2.998976,500000,LABO.zip
LABO,LABO-57271036.wav,3.17,256000,LABO.zip
LABO,LABO-57172966.wav,4.998976,500000,LABO.zip
LABO,LABO-16485285.wav,6.218,256000,LABO.zip
LABO,LABO-56626904.wav,5.0,256000,LABO.zip
LABO,LABO-34088788.wav,5.437,256000,LABO.zip
LABO,LABO-2928246.wav,4.995072,500000,LABO.zip
LABO,LABO-55393524.wav,7.146,384000,LABO.zip
LABO,LABO-29924600.wav,4.999,256000,LABO.zip
LABO,LABO-55408161.wav,5.0,256000,LABO.zip
LABO,LABO-57172960.wav,4.998976,500000,LABO.zip
LABO,LABO-29975636.wav,5.701,256000,LABO.zip
LABO,LABO-2037431.wav,4.999,256000,LABO.zip
LABO,LABO-29926572.wav,4.999,256000,LABO.zip
LABO,LABO-29295919.wav,5.0,192000,LABO.zip
LABO,LABO-28262464.wav,3.623,256000,LABO.zip
LABO,LABO-1309313.wav,5.234,256000,LABO.zip
LABO,LABO-26703854.wav,7.818,256000,LABO.zip
LABO,LABO-29975535.wav,4.426,256000,LABO.zip
LABO,LABO-2046592.wav,4.999,256000,LABO.zip
LABO,LABO-57256634.wav,6.754,256000,LABO.zip
LABO,LABO-25991293.wav,4.998976,500000,LABO.zip
LABO,LABO-26948974.wav,2.998976,500000,LABO.zip
LABO,LABO-56338217.wav,2.28,256000,LABO.zip
LABO,LABO-55406995.wav,5.504,256000,LABO.zip
LABO,LABO-57093033.wav,4.998976,500000,LABO.zip
LABO,LABO-30354138.wav,2.998976,500000,LABO.zip
LABO,LABO-56602464.wav,5.868,256000,LABO.zip
LABO,LABO-34022272.wav,5.703,256000,LABO.zip
LABO,LABO-29948523.wav,5.156,256000,LABO.zip
LABO,LABO-30408853.wav,2.998976,500000,LABO.zip
LABO,LABO-36262694.wav,4.99968,300000,LABO.zip
LABO,LABO-56660902.wav,2.995292,500000,LABO.zip
LABO,LABO-2804070.wav,4.208,256000,LABO.zip
LABO,LABO-2892982.wav,4.995072,500000,LABO.zip
LABO,LABO-2238548.wav,4.995292,500000,LABO.zip
LABO,LABO-26590144.wav,6.082,256000,LABO.zip
LABO,LABO-30358847.wav,2.998976,500000,LABO.zip
LABO,LABO-57379423.wav,3.62,256000,LABO.zip
LABO,LABO-2804073.wav,7.86,256000,LABO.zip
LABO,LABO-2800972.wav,5.28,256000,LABO.zip
LABO,LABO-29951148.wav,5.0,256000,LABO.zip
LABO,LABO-2801186.wav,7.32,256000,LABO.zip
LABO,LABO-29961825.wav,5.0,256000,LABO.zip
LABO,LABO-36263144.wav,4.99968,300000,LABO.zip
LABO,LABO-34087994.wav,6.742,256000,LABO.zip
LABO,LABO-34097140.wav,2.296,256000,LABO.zip
LABO,LABO-2894417.wav,4.995072,500000,LABO.zip
LABO,LABO-29975366.wav,4.041,256000,LABO.zip
LABO,LABO-29949915.wav,2.598,256000,LABO.zip
LABO,LABO-57092884.wav,4.998976,500000,LABO.zip
LABO,LABO-29959801.wav,2.899,256000,LABO.zip
LABO,LABO-2924512.wav,4.995072,500000,LABO.zip
LABO,LABO-57366874.wav,2.998976,500000,LABO.zip
LABO,LABO-56626182.wav,6.034,256000,LABO.zip
LABO,LABO-2066592.wav,4.998976,500000,LABO.zip
LABO,LABO-54323488.wav,4.014,256000,LABO.zip
LABO,LABO-15805285.wav,2.414,256000,LABO.zip
LABO,LABO-29970660.wav,5.0,256000,LABO.zip
LABO,LABO-34087964.wav,4.254,256000,LABO.zip
LABO,LABO-56301118.wav,4.57,256000,LABO.zip
LABO,LABO-60359383.wav,2.998976,500000,LABO.zip
LABO,LABO-60110690.wav,3.0,500000,LABO.zip
LABO,LABO-29951198.wav,5.0,256000,LABO.zip
LABO,LABO-55408156.wav,5.0,256000,LABO.zip
LABO,LABO-57173941.wav,4.998976,500000,LABO.zip
LABO,LABO-29735196.wav,3.3786666666666667,192000,LABO.zip
LABO,LABO-56301093.wav,7.252,256000,LABO.zip
LABO,LABO-28441702.wav,5.0,192000,LABO.zip
LABO,LABO-57054872.wav,4.999333333333333,384000,LABO.zip
LABO,LABO-55403840.wav,4.794,256000,LABO.zip
LABO,LABO-820797.wav,2.998976,500000,LABO.zip
LABO,LABO-27149706.wav,2.998976,500000,LABO.zip
LABO,LABO-1949629.wav,3.759,256000,LABO.zip
LABO,LABO-57054922.wav,3.288,384000,LABO.zip
LABO,LABO-26948965.wav,2.998976,500000,LABO.zip
LABO,LABO-1950886.wav,4.999,256000,LABO.zip
LABO,LABO-34094034.wav,4.116,256000,LABO.zip
LABO,LABO-480494.wav,3.884,256000,LABO.zip
LABO,LABO-29970665.wav,5.0,256000,LABO.zip
LABO,LABO-57393276.wav,2.995292,500000,LABO.zip
LABO,LABO-29932494.wav,7.594,256000,LABO.zip
LABO,LABO-56518611.wav,4.98,256000,LABO.zip
LABO,LABO-73597394.wav,5.0,256000,LABO.zip
LABO,LABO-2043184.wav,4.999,256000,LABO.zip
LABO,LABO-3805545.wav,4.902,256000,LABO.zip
LABO,LABO-73597395.wav,5.0,256000,LABO.zip
LABO,LABO-2804059.wav,6.42,256000,LABO.zip
LABO,LABO-57093035.wav,4.998976,500000,LABO.zip
LABO,LABO-29965933.wav,5.0,256000,LABO.zip
LABO,LABO-26704307.wav,5.558,256000,LABO.zip
LABO,LABO-35909735.wav,3.76,256000,LABO.zip
LABO,LABO-56640780.wav,5.338,256000,LABO.zip
LABO,LABO-27149684.wav,2.998976,500000,LABO.zip
LABO,LABO-34090253.wav,5.494,256000,LABO.zip
LABO,LABO-29970884.wav,5.0,256000,LABO.zip
LABO,LABO-30343735.wav,2.998976,500000,LABO.zip
LABO,LABO-55402950.wav,3.916,256000,LABO.zip
LABO,LABO-55407427.wav,7.26,256000,LABO.zip
LABO,LABO-2929404.wav,4.995072,500000,LABO.zip
LABO,LABO-3806313.wav,4.999,256000,LABO.zip
LABO,LABO-30355650.wav,2.998976,500000,LABO.zip
LABO,LABO-3805980.wav,4.762,256000,LABO.zip
LABO,LABO-29924087.wav,4.834,256000,LABO.zip
LABO,LABO-33595614.wav,5.707,256000,LABO.zip
LABO,LABO-57172930.wav,4.998976,500000,LABO.zip
LABO,LABO-57173318.wav,2.998976,500000,LABO.zip
LABO,LABO-57335148.wav,4.988,256000,LABO.zip
LABO,LABO-57254728.wav,6.474,256000,LABO.zip
LABO,LABO-36263417.wav,4.99968,300000,LABO.zip
LABO,LABO-27149733.wav,2.998976,500000,LABO.zip
LABO,LABO-57379404.wav,7.432,256000,LABO.zip
LABO,LABO-35914703.wav,3.601,256000,LABO.zip
LABO,LABO-56301122.wav,5.278,256000,LABO.zip
LABO,LABO-57387632.wav,0.995292,500000,LABO.zip
LABO,LABO-36263011.wav,4.99968,300000,LABO.zip
LABO,LABO-30345249.wav,2.998976,500000,LABO.zip
LABO,LABO-36372665.wav,1.848,256000,LABO.zip
LABO,LABO-29951405.wav,4.854,256000,LABO.zip
LABO,LABO-2259236.wav,2.178,256000,LABO.zip
LABO,LABO-55402507.wav,7.364,256000,LABO.zip
LABO,LABO-29923871.wav,4.999,256000,LABO.zip
LABO,LABO-57092799.wav,4.998976,500000,LABO.zip
LABO,LABO-2278831.wav,5.0,256000,LABO.zip
LABO,LABO-2066584.wav,4.998976,500000,LABO.zip
LABO,LABO-2804777.wav,6.942,256000,LABO.zip
LABO,LABO-57379308.wav,7.554,256000,LABO.zip
LABO,LABO-36262943.wav,4.99968,300000,LABO.zip
LABO,LABO-2066587.wav,4.998976,500000,LABO.zip
LABO,LABO-29923985.wav,3.195,256000,LABO.zip
LABO,LABO-55408157.wav,3.906,256000,LABO.zip
LABO,LABO-57255592.wav,4.668,256000,LABO.zip
LABO,LABO-30596364.wav,2.998976,500000,LABO.zip
LABO,LABO-2278755.wav,5.888,256000,LABO.zip
LABO,LABO-2922733.wav,4.995072,500000,LABO.zip
LABO,LABO-34089323.wav,4.026,256000,LABO.zip
LABO,LABO-29948524.wav,3.438,256000,LABO.zip
LABO,LABO-35099055.wav,2.712,256000,LABO.zip
LABO,LABO-2794914.wav,2.55,256000,LABO.zip
LABO,LABO-2031537.wav,4.659,256000,LABO.zip
LABO,LABO-56190289.wav,5.424,256000,LABO.zip
LABO,LABO-27149718.wav,2.998976,500000,LABO.zip
LABO,LABO-57172967.wav,4.998976,500000,LABO.zip
LABO,LABO-58222580.wav,4.998976,500000,LABO.zip
LABO,LABO-29974864.wav,3.986,256000,LABO.zip
LABO,LABO-36263009.wav,4.99968,300000,LABO.zip
LABO,LABO-58733741.wav,7.879,256000,LABO.zip
LABO,LABO-57373301.wav,7.33,256000,LABO.zip
LABO,LABO-34088239.wav,5.099,256000,LABO.zip
LABO,LABO-57172789.wav,4.998976,500000,LABO.zip
LABO,LABO-2066580.wav,4.998976,500000,LABO.zip
LABO,LABO-55408143.wav,5.0,256000,LABO.zip
LABO,LABO-36262922.wav,4.99968,300000,LABO.zip
LABO,LABO-57393476.wav,2.995292,500000,LABO.zip
LABO,LABO-57358274.wav,0.998976,500000,LABO.zip
LABO,LABO-57092795.wav,4.998976,500000,LABO.zip
LABO,LABO-56620269.wav,4.928,256000,LABO.zip
LABO,LABO-2033149.wav,3.147,256000,LABO.zip
LABO,LABO-57373396.wav,4.71,256000,LABO.zip
LABO,LABO-29924473.wav,2.556,256000,LABO.zip
LABO,LABO-29934666.wav,6.738,256000,LABO.zip
LABO,LABO-57058728.wav,4.999,256000,LABO.zip
LABO,LABO-2249520.wav,4.999333333333333,384000,LABO.zip
LABO,LABO-57173927.wav,4.998976,500000,LABO.zip
LABO,LABO-3806358.wav,2.993,256000,LABO.zip
LABO,LABO-57172185.wav,4.998976,500000,LABO.zip
LABO,LABO-30343724.wav,2.998976,500000,LABO.zip
LABO,LABO-26949221.wav,2.998976,500000,LABO.zip
LABO,LABO-55413131.wav,4.082,256000,LABO.zip
LABO,LABO-2044455.wav,4.999,256000,LABO.zip
LABO,LABO-57173919.wav,4.998976,500000,LABO.zip
LABO,LABO-29960359.wav,5.0,256000,LABO.zip
LABO,LABO-36262840.wav,4.99968,300000,LABO.zip
LABO,LABO-55403058.wav,3.894,256000,LABO.zip
LABO,LABO-55408146.wav,2.744,256000,LABO.zip
LABO,LABO-56590502.wav,3.472,256000,LABO.zip
LABO,LABO-29961856.wav,5.0,256000,LABO.zip
LABO,LABO-33606280.wav,4.363,256000,LABO.zip
LABO,LABO-57093314.wav,4.998976,500000,LABO.zip
LABO,LABO-57255603.wav,4.116,256000,LABO.zip
LABO,LABO-57172964.wav,4.998976,500000,LABO.zip
LABO,LABO-29931271.wav,5.612,256000,LABO.zip
LABO,LABO-2067478.wav,4.998976,500000,LABO.zip
LABO,LABO-29965951.wav,5.0,256000,LABO.zip
LABO,LABO-58029379.wav,7.144,256000,LABO.zip
LABO,LABO-57174592.wav,2.998976,500000,LABO.zip
LABO,LABO-29796176.wav,5.0,192000,LABO.zip
LABO,LABO-29924089.wav,2.722,256000,LABO.zip
LABO,LABO-2958241.wav,4.995072,500000,LABO.zip
LABO,LABO-55408137.wav,3.288,256000,LABO.zip
LABO,LABO-26615926.wav,5.001,256000,LABO.zip
LABO,LABO-55394193.wav,6.094666666666667,384000,LABO.zip
LABO,LABO-57256122.wav,7.384,256000,LABO.zip
LABO,LABO-2804229.wav,3.692,256000,LABO.zip
LABO,LABO-55408139.wav,5.0,256000,LABO.zip
LABO,LABO-29333697.wav,2.998976,500000,LABO.zip
LABO,LABO-215649.wav,4.998976,500000,LABO.zip
LABO,LABO-56606220.wav,4.532,256000,LABO.zip
LABO,LABO-29924602.wav,4.444,256000,LABO.zip
LABO,LABO-30320551.wav,2.998976,500000,LABO.zip
LABO,LABO-29931827.wav,6.398,256000,LABO.zip
LABO,LABO-36263010.wav,4.99968,300000,LABO.zip
LABO,LABO-34089487.wav,3.529,256000,LABO.zip
LABO,LABO-34496934.wav,5.376,256000,LABO.zip
LABO,LABO-30333301.wav,2.998976,500000,LABO.zip
LABO,LABO-29971065.wav,5.0,256000,LABO.zip
LABO,LABO-57367794.wav,2.998976,500000,LABO.zip
LABO,LABO-57331869.wav,2.94,256000,LABO.zip
LABO,LABO-56607134.wav,6.496,256000,LABO.zip
LABO,LABO-55402508.wav,3.302,256000,LABO.zip
LABO,LABO-63043848.wav,6.033,256000,LABO.zip
LABO,LABO-29924601.wav,4.444,256000,LABO.zip
LABO,LABO-55408149.wav,2.404,256000,LABO.zip
LABO,LABO-29974919.wav,3.534,256000,LABO.zip
LABO,LABO-55408158.wav,4.536,256000,LABO.zip
LABO,LABO-57168599.wav,2.998976,500000,LABO.zip
LABO,LABO-1950210.wav,4.999,256000,LABO.zip
LABO,LABO-677288.wav,4.996,256000,LABO.zip
LABO,LABO-2885633.wav,4.995072,500000,LABO.zip
LABO,LABO-29924842.wav,4.999,256000,LABO.zip
LABO,LABO-29287557.wav,5.004,192000,LABO.zip
LABO,LABO-2276795.wav,2.72,256000,LABO.zip
LABO,LABO-56655353.wav,5.726,256000,LABO.zip
LABO,LABO-56619906.wav,2.062,256000,LABO.zip
LABO,LABO-2031534.wav,4.999,256000,LABO.zip
LABO,LABO-2034229.wav,3.782,256000,LABO.zip
LABO,LABO-29948602.wav,4.374,256000,LABO.zip
LABO,LABO-57393274.wav,2.995292,500000,LABO.zip
LABO,LABO-36371621.wav,1.987,256000,LABO.zip
LABO,LABO-29931270.wav,5.612,256000,LABO.zip
LABO,LABO-56338241.wav,2.174,256000,LABO.zip
LABO,LABO-57262049.wav,7.052,256000,LABO.zip
LABO,LABO-29794018.wav,5.0,192000,LABO.zip
LABO,LABO-27217407.wav,2.998976,500000,LABO.zip
LABO,LABO-29965950.wav,5.0,256000,LABO.zip
LABO,LABO-2278961.wav,2.0806666666666667,384000,LABO.zip
LABO,LABO-213231.wav,4.998976,500000,LABO.zip
LABO,LABO-29927181.wav,4.999,256000,LABO.zip
LABO,LABO-34089654.wav,5.793,256000,LABO.zip
LABO,LABO-29790838.wav,5.0,192000,LABO.zip
LABO,LABO-29781827.wav,4.784,192000,LABO.zip
LABO,LABO-2804142.wav,7.048,256000,LABO.zip
LABO,LABO-217065.wav,4.998976,500000,LABO.zip
LABO,LABO-55408152.wav,4.44,256000,LABO.zip
LABO,LABO-55408138.wav,4.622,256000,LABO.zip
LABO,LABO-29934672.wav,6.666,256000,LABO.zip
LABO,LABO-56593227.wav,2.456,256000,LABO.zip
LABO,LABO-29931520.wav,7.124,256000,LABO.zip
LABO,LABO-33606083.wav,5.021,256000,LABO.zip
LABO,LABO-2878299.wav,4.8,256000,LABO.zip
LABO,LABO-2276480.wav,5.0,256000,LABO.zip
LABO,LABO-56301066.wav,6.466,256000,LABO.zip
LABO,LABO-57367043.wav,2.998976,500000,LABO.zip
LABO,LABO-55401282.wav,6.454,256000,LABO.zip
LABO,LABO-32030031.wav,2.998976,500000,LABO.zip
LABO,LABO-55011084.wav,5.424,256000,LABO.zip
LABO,LABO-2040565.wav,4.999,256000,LABO.zip
LABO,LABO-57168601.wav,2.998976,500000,LABO.zip
LACI,LACI-32995785.wav,2.998976,500000,LACI.zip
LACI,LACI-55476581.wav,4.998976,500000,LACI.zip
LACI,LACI-29836706.wav,4.1866666666666665,192000,LACI.zip
LACI,LACI-264229.wav,4.834,256000,LACI.zip
LACI,LACI-145002.wav,4.998976,500000,LACI.zip
LACI,LACI-57176607.wav,4.998976,500000,LACI.zip
LACI,LACI-29852163.wav,2.018666666666667,192000,LACI.zip
LACI,LACI-73595824.wav,5.0,256000,LACI.zip
LACI,LACI-31707298.wav,4.99992,500000,LACI.zip
LACI,LACI-25991276.wav,4.998976,500000,LACI.zip
LACI,LACI-64897891.wav,5.0,500000,LACI.zip
LACI,LACI-33846935.wav,5.582666666666666,384000,LACI.zip
LACI,LACI-31636632.wav,4.99992,500000,LACI.zip
LACI,LACI-28992914.wav,5.0,192000,LACI.zip
LACI,LACI-58026676.wav,4.276,256000,LACI.zip
LACI,LACI-64891933.wav,5.0,500000,LACI.zip
LACI,LACI-29780197.wav,5.0,192000,LACI.zip
LACI,LACI-36263312.wav,4.99968,300000,LACI.zip
LACI,LACI-28413086.wav,4.998976,500000,LACI.zip
LACI,LACI-60352739.wav,6.0,384000,LACI.zip
LACI,LACI-29221225.wav,4.998976,500000,LACI.zip
LACI,LACI-36262569.wav,4.99968,300000,LACI.zip
LACI,LACI-28485283.wav,3.7386666666666666,192000,LACI.zip
LACI,LACI-2879269.wav,4.888,256000,LACI.zip
LACI,LACI-1944440.wav,2.998976,500000,LACI.zip
LACI,LACI-73638353.wav,3.212,256000,LACI.zip
LACI,LACI-1550524.wav,5.048,256000,LACI.zip
LACI,LACI-73620401.wav,3.86,256000,LACI.zip
LACI,LACI-30598956.wav,2.998976,500000,LACI.zip
LACI,LACI-1986192.wav,4.684,384000,LACI.zip
LACI,LACI-57174564.wav,2.998976,500000,LACI.zip
LACI,LACI-29837825.wav,4.824,192000,LACI.zip
LACI,LACI-57366128.wav,2.998976,500000,LACI.zip
LACI,LACI-73591675.wav,5.0,256000,LACI.zip
LACI,LACI-28456952.wav,5.0,192000,LACI.zip
LACI,LACI-2155661.wav,4.777333333333333,384000,LACI.zip
LACI,LACI-28351533.wav,4.998976,500000,LACI.zip
LACI,LACI-57060250.wav,4.999,256000,LACI.zip
LACI,LACI-36263200.wav,4.99968,300000,LACI.zip
LACI,LACI-28441397.wav,5.0,192000,LACI.zip
LACI,LACI-56660625.wav,2.995292,500000,LACI.zip
LACI,LACI-32875373.wav,4.998976,500000,LACI.zip
LACI,LACI-30383758.wav,4.995292,500000,LACI.zip
LACI,LACI-60291848.wav,5.0,500000,LACI.zip
LACI,LACI-30497457.wav,6.0,384000,LACI.zip
LACI,LACI-268493.wav,4.118,256000,LACI.zip
LACI,LACI-54308452.wav,3.574666666666667,384000,LACI.zip
LACI,LACI-57186349.wav,5.626,256000,LACI.zip
LACI,LACI-29745434.wav,5.0,192000,LACI.zip
LACI,LACI-28460138.wav,4.8453333333333335,192000,LACI.zip
LACI,LACI-31614126.wav,4.99992,500000,LACI.zip
LACI,LACI-58032255.wav,5.666,256000,LACI.zip
LACI,LACI-54423680.wav,5.690666666666667,384000,LACI.zip
LACI,LACI-28445145.wav,5.0,192000,LACI.zip
LACI,LACI-31637445.wav,4.99992,500000,LACI.zip
LACI,LACI-56618012.wav,4.734,256000,LACI.zip
LACI,LACI-57060367.wav,4.999,256000,LACI.zip
LACI,LACI-26675997.wav,5.003,256000,LACI.zip
LACI,LACI-73582831.wav,5.0,256000,LACI.zip
LACI,LACI-28525850.wav,5.0,192000,LACI.zip
LACI,LACI-28476569.wav,5.0,192000,LACI.zip
LACI,LACI-36262690.wav,4.99968,300000,LACI.zip
LACI,LACI-64888514.wav,5.0,500000,LACI.zip
LACI,LACI-29858887.wav,4.289333333333333,192000,LACI.zip
LACI,LACI-53786818.wav,4.999022,500000,LACI.zip
LACI,LACI-57173910.wav,1.94911,500000,LACI.zip
LACI,LACI-31611465.wav,4.99992,500000,LACI.zip
LACI,LACI-29281159.wav,4.998666666666667,192000,LACI.zip
LACI,LACI-73598285.wav,3.49,256000,LACI.zip
LACI,LACI-60291979.wav,3.0,500000,LACI.zip
LACI,LACI-54312680.wav,6.0,384000,LACI.zip
LACI,LACI-28280863.wav,4.641333333333334,192000,LACI.zip
LACI,LACI-33490312.wav,4.998976,500000,LACI.zip
LACI,LACI-53843277.wav,4.998976,500000,LACI.zip
LACI,LACI-2044135.wav,4.999022,500000,LACI.zip
LACI,LACI-29012180.wav,4.998976,500000,LACI.zip
LACI,LACI-28466473.wav,5.0,192000,LACI.zip
LACI,LACI-54420569.wav,6.925,256000,LACI.zip
LACI,LACI-64956912.wav,5.0,500000,LACI.zip
LACI,LACI-29722136.wav,5.0,192000,LACI.zip
LACI,LACI-29951694.wav,3.302,256000,LACI.zip
LACI,LACI-54422465.wav,6.0,384000,LACI.zip
LACI,LACI-28460372.wav,5.0,192000,LACI.zip
LACI,LACI-57098392.wav,4.998976,500000,LACI.zip
LACI,LACI-29287440.wav,5.004,192000,LACI.zip
LACI,LACI-31850143.wav,4.99992,500000,LACI.zip
LACI,LACI-54312101.wav,6.0,384000,LACI.zip
LACI,LACI-55384580.wav,4.998976,500000,LACI.zip
LACI,LACI-28473274.wav,4.0,192000,LACI.zip
LACI,LACI-30492341.wav,5.392,384000,LACI.zip
LACI,LACI-28277423.wav,5.004,192000,LACI.zip
LACI,LACI-34097497.wav,3.049,256000,LACI.zip
LACI,LACI-28321637.wav,5.0,192000,LACI.zip
LACI,LACI-25976146.wav,4.387,256000,LACI.zip
LACI,LACI-29951693.wav,3.972,256000,LACI.zip
LACI,LACI-29319380.wav,5.004,192000,LACI.zip
LACI,LACI-33493261.wav,2.998976,500000,LACI.zip
LACI,LACI-64878316.wav,3.0,500000,LACI.zip
LACI,LACI-55350792.wav,6.0,384000,LACI.zip
LACI,LACI-53279743.wav,4.998976,500000,LACI.zip
LACI,LACI-73641629.wav,2.806,256000,LACI.zip
LACI,LACI-478810.wav,3.628,256000,LACI.zip
LACI,LACI-28479244.wav,3.826666666666666,192000,LACI.zip
LACI,LACI-29345448.wav,4.998976,500000,LACI.zip
LACI,LACI-2936032.wav,4.995072,500000,LACI.zip
LACI,LACI-28463648.wav,5.0,192000,LACI.zip
LACI,LACI-28345590.wav,6.0,384000,LACI.zip
LACI,LACI-29951430.wav,5.0,256000,LACI.zip
LACI,LACI-16501247.wav,2.425,256000,LACI.zip
LACI,LACI-31622824.wav,4.99992,500000,LACI.zip
LACI,LACI-28472378.wav,5.0,192000,LACI.zip
LACI,LACI-27205378.wav,2.998976,500000,LACI.zip
LACI,LACI-56502018.wav,3.598,256000,LACI.zip
LACI,LACI-52782103.wav,7.382,256000,LACI.zip
LACI,LACI-29841758.wav,3.136,192000,LACI.zip
LACI,LACI-29338497.wav,5.0,192000,LACI.zip
LACI,LACI-60111680.wav,3.0,500000,LACI.zip
LACI,LACI-2269846.wav,2.036666666666666,384000,LACI.zip
LACI,LACI-29011265.wav,4.998976,500000,LACI.zip
LACI,LACI-57367065.wav,2.998976,500000,LACI.zip
LACI,LACI-73558992.wav,2.028,256000,LACI.zip
LACI,LACI-28527269.wav,5.0,192000,LACI.zip
LACI,LACI-28421446.wav,4.998976,500000,LACI.zip
LACI,LACI-95176.wav,6.234,256000,LACI.zip
LACI,LACI-2915235.wav,4.995072,500000,LACI.zip
LACI,LACI-31708878.wav,4.99992,500000,LACI.zip
LACI,LACI-28517647.wav,5.0,192000,LACI.zip
LACI,LACI-63113512.wav,4.998976,500000,LACI.zip
LACI,LACI-29148577.wav,4.998976,500000,LACI.zip
LACI,LACI-1557865.wav,4.854,256000,LACI.zip
LACI,LACI-2853302.wav,4.999022,500000,LACI.zip
LACI,LACI-60111504.wav,3.0,500000,LACI.zip
LACI,LACI-2843953.wav,4.999022,500000,LACI.zip
LACI,LACI-29679972.wav,5.0,192000,LACI.zip
LACI,LACI-64862317.wav,5.0,500000,LACI.zip
LACI,LACI-1359553.wav,4.999022,500000,LACI.zip
LACI,LACI-73641936.wav,3.507,256000,LACI.zip
LACI,LACI-28422080.wav,4.998976,500000,LACI.zip
LACI,LACI-73534008.wav,4.978666666666666,192000,LACI.zip
LACI,LACI-2540920.wav,4.998976,500000,LACI.zip
LACI,LACI-73598279.wav,3.784,256000,LACI.zip
LACI,LACI-2908105.wav,4.995072,500000,LACI.zip
LACI,LACI-28523086.wav,4.8693333333333335,192000,LACI.zip
LACI,LACI-36262792.wav,4.99968,300000,LACI.zip
LACI,LACI-28527085.wav,4.061333333333334,192000,LACI.zip
LACI,LACI-73642597.wav,5.0,256000,LACI.zip
LACI,LACI-57092309.wav,2.998976,500000,LACI.zip
LACI,LACI-2881923.wav,6.088,256000,LACI.zip
LACI,LACI-29931940.wav,4.216,256000,LACI.zip
LACI,LACI-33483483.wav,6.536,256000,LACI.zip
LACI,LACI-54401322.wav,6.0,384000,LACI.zip
LACI,LACI-31658190.wav,4.99992,500000,LACI.zip
LACI,LACI-33614002.wav,4.998976,500000,LACI.zip
LACI,LACI-33591639.wav,5.464,256000,LACI.zip
LACI,LACI-73638344.wav,4.73,256000,LACI.zip
LACI,LACI-64889835.wav,5.0,500000,LACI.zip
LACI,LACI-73614051.wav,2.256,192000,LACI.zip
LACI,LACI-64956905.wav,5.0,500000,LACI.zip
LACI,LACI-28586313.wav,6.0,384000,LACI.zip
LACI,LACI-74444286.wav,6.0,384000,LACI.zip
LACI,LACI-2880450.wav,5.0,256000,LACI.zip
LACI,LACI-94426.wav,6.568,256000,LACI.zip
LACI,LACI-56652151.wav,6.0,384000,LACI.zip
LACI,LACI-58032264.wav,4.244,256000,LACI.zip
LACI,LACI-28469897.wav,5.0,192000,LACI.zip
LACI,LACI-31864968.wav,4.99992,500000,LACI.zip
LACI,LACI-64886585.wav,5.0,500000,LACI.zip
LACI,LACI-28479050.wav,4.618666666666667,192000,LACI.zip
LACI,LACI-60369894.wav,6.228,256000,LACI.zip
LACI,LACI-64897696.wav,5.0,500000,LACI.zip
LACI,LACI-29717324.wav,4.278666666666667,192000,LACI.zip
LACI,LACI-29768767.wav,5.0,192000,LACI.zip
LACI,LACI-3027701.wav,4.999022,500000,LACI.zip
LACI,LACI-28336174.wav,6.0,384000,LACI.zip
LACI,LACI-55478552.wav,4.998976,500000,LACI.zip
LACI,LACI-28512709.wav,5.0,192000,LACI.zip
LACI,LACI-60291889.wav,5.0,500000,LACI.zip
LACI,LACI-29864609.wav,5.0,192000,LACI.zip
LACI,LACI-28978487.wav,4.998976,500000,LACI.zip
LACI,LACI-30508116.wav,2.998976,500000,LACI.zip
LACI,LACI-29732827.wav,5.0,192000,LACI.zip
LACI,LACI-28448036.wav,5.0,192000,LACI.zip
LACI,LACI-33619976.wav,5.0,192000,LACI.zip
LACI,LACI-28443020.wav,4.789333333333333,192000,LACI.zip
LACI,LACI-64862058.wav,5.0,500000,LACI.zip
LACI,LACI-54416812.wav,5.961,256000,LACI.zip
LACI,LACI-28508028.wav,3.925333333333333,192000,LACI.zip
LACI,LACI-28484730.wav,4.946666666666666,192000,LACI.zip
LACI,LACI-29833439.wav,5.0,192000,LACI.zip
LACI,LACI-29796312.wav,3.16,192000,LACI.zip
LACI,LACI-28509104.wav,4.210666666666667,192000,LACI.zip
LACI,LACI-57363837.wav,2.998976,500000,LACI.zip
LACI,LACI-1377885.wav,4.999022,500000,LACI.zip
LACI,LACI-29841451.wav,5.004,192000,LACI.zip
LACI,LACI-2053419.wav,6.506,256000,LACI.zip
LACI,LACI-1553058.wav,7.242,256000,LACI.zip
LACI,LACI-31632818.wav,4.99992,500000,LACI.zip
LACI,LACI-55385232.wav,4.998976,500000,LACI.zip
LACI,LACI-28485300.wav,5.0,192000,LACI.zip
LACI,LACI-3045896.wav,4.999022,500000,LACI.zip
LACI,LACI-31623823.wav,4.99992,500000,LACI.zip
LACI,LACI-34087861.wav,4.284,256000,LACI.zip
LACI,LACI-31865459.wav,4.99992,500000,LACI.zip
LACI,LACI-72113250.wav,2.998976,500000,LACI.zip
LACI,LACI-3939815.wav,6.0,384000,LACI.zip
LACI,LACI-28312523.wav,3.3946666666666667,192000,LACI.zip
LACI,LACI-28473266.wav,5.0,192000,LACI.zip
LACI,LACI-29720185.wav,5.0,192000,LACI.zip
LACI,LACI-28501285.wav,5.0,192000,LACI.zip
LACI,LACI-73564186.wav,5.0,256000,LACI.zip
LACI,LACI-32908409.wav,7.521,256000,LACI.zip
LACI,LACI-56502015.wav,6.768,256000,LACI.zip
LACI,LACI-29744979.wav,5.0,192000,LACI.zip
LACI,LACI-29743083.wav,5.0,192000,LACI.zip
LACI,LACI-64891932.wav,5.0,500000,LACI.zip
LACI,LACI-56660644.wav,4.995292,500000,LACI.zip
LACI,LACI-73612445.wav,5.0,256000,LACI.zip
LACI,LACI-28977649.wav,4.998976,500000,LACI.zip
LACI,LACI-54420605.wav,4.158,256000,LACI.zip
LACI,LACI-30494997.wav,5.1306666666666665,384000,LACI.zip
LACI,LACI-29720336.wav,3.84,192000,LACI.zip
LACI,LACI-33490323.wav,4.998976,500000,LACI.zip
LACI,LACI-73550907.wav,6.81,256000,LACI.zip
LACI,LACI-29363955.wav,4.998976,500000,LACI.zip
LACI,LACI-2880327.wav,5.0,256000,LACI.zip
LACI,LACI-29732826.wav,5.0,192000,LACI.zip
LACI,LACI-73513861.wav,5.0,256000,LACI.zip
LACI,LACI-35541529.wav,5.654,256000,LACI.zip
LACI,LACI-31545645.wav,4.998976,500000,LACI.zip
LACI,LACI-3947007.wav,6.0,384000,LACI.zip
LACI,LACI-64875570.wav,5.0,500000,LACI.zip
LACI,LACI-57254712.wav,6.32,256000,LACI.zip
LACI,LACI-57060204.wav,4.999,256000,LACI.zip
LACI,LACI-54316467.wav,5.6226666666666665,384000,LACI.zip
LACI,LACI-56774542.wav,3.51,256000,LACI.zip
LACI,LACI-13758375.wav,4.998976,500000,LACI.zip
LACI,LACI-55384823.wav,4.998976,500000,LACI.zip
LACI,LACI-73511664.wav,5.0,256000,LACI.zip
LACI,LACI-55408101.wav,5.0,256000,LACI.zip
LACI,LACI-1321422.wav,4.998976,500000,LACI.zip
LACI,LACI-28523114.wav,5.0,192000,LACI.zip
LACI,LACI-35098062.wav,7.598,256000,LACI.zip
LACI,LACI-29784411.wav,5.0,192000,LACI.zip
LACI,LACI-2931524.wav,4.995072,500000,LACI.zip
LACI,LACI-29363953.wav,4.998976,500000,LACI.zip
LACI,LACI-73591564.wav,5.0,256000,LACI.zip
LACI,LACI-31862335.wav,4.99992,500000,LACI.zip
LACI,LACI-55402725.wav,4.198,256000,LACI.zip
LACI,LACI-73588286.wav,4.205,256000,LACI.zip
LACI,LACI-145162.wav,4.998976,500000,LACI.zip
LACI,LACI-28544742.wav,6.0,384000,LACI.zip
LACI,LACI-73614403.wav,5.0,256000,LACI.zip
LACI,LACI-3045492.wav,4.999022,500000,LACI.zip
LACI,LACI-29876192.wav,5.004,192000,LACI.zip
LACI,LACI-1940498.wav,4.999022,500000,LACI.zip
LACI,LACI-29149138.wav,4.998976,500000,LACI.zip
LACI,LACI-33448404.wav,6.698,256000,LACI.zip
LACI,LACI-29732342.wav,3.2346666666666666,192000,LACI.zip
LACI,LACI-57376256.wav,3.274,256000,LACI.zip
LACI,LACI-55475968.wav,4.998976,500000,LACI.zip
LACI,LACI-29218091.wav,4.998976,500000,LACI.zip
LACI,LACI-191481.wav,4.998976,500000,LACI.zip
LACI,LACI-28442811.wav,3.689333333333334,192000,LACI.zip
LACI,LACI-1375673.wav,4.999022,500000,LACI.zip
LACI,LACI-29951316.wav,4.17,256000,LACI.zip
LACI,LACI-2274348.wav,2.958,384000,LACI.zip
LACI,LACI-28269699.wav,2.712,192000,LACI.zip
LACI,LACI-31626868.wav,4.99992,500000,LACI.zip
LACI,LACI-54320293.wav,6.0,384000,LACI.zip
LACI,LACI-33484726.wav,2.23,256000,LACI.zip
LACI,LACI-33431718.wav,4.452,256000,LACI.zip
LACI,LACI-33485166.wav,4.562,256000,LACI.zip
LACI,LACI-36262637.wav,4.99968,300000,LACI.zip
LACI,LACI-73599163.wav,5.0,256000,LACI.zip
LACI,LACI-31633342.wav,4.99992,500000,LACI.zip
LACI,LACI-2853308.wav,4.999022,500000,LACI.zip
LACI,LACI-28483267.wav,5.0,192000,LACI.zip
LACI,LACI-29851992.wav,5.0,192000,LACI.zip
LACI,LACI-28295483.wav,5.004,192000,LACI.zip
LACI,LACI-28448615.wav,5.0,192000,LACI.zip
LACI,LACI-29780213.wav,5.0,192000,LACI.zip
LACI,LACI-28479200.wav,5.0,192000,LACI.zip
LACI,LACI-73582942.wav,5.0,256000,LACI.zip
LACI,LACI-29793263.wav,1.36521875,192000,LACI.zip
LACI,LACI-28449684.wav,4.8533333333333335,192000,LACI.zip
LACI,LACI-53786768.wav,4.999022,500000,LACI.zip
LACI,LACI-73525769.wav,3.52,256000,LACI.zip
LACI,LACI-73552528.wav,4.344,256000,LACI.zip
LACI,LACI-28456984.wav,5.0,192000,LACI.zip
LACI,LACI-55476557.wav,4.998976,500000,LACI.zip
LACI,LACI-73582832.wav,5.0,256000,LACI.zip
LACI,LACI-3038867.wav,4.999022,500000,LACI.zip
LACI,LACI-29933734.wav,2.956,256000,LACI.zip
LACI,LACI-33490553.wav,4.998976,500000,LACI.zip
LACI,LACI-31623632.wav,4.99992,500000,LACI.zip
LACI,LACI-1550733.wav,7.956,256000,LACI.zip
LACI,LACI-57375610.wav,4.128,256000,LACI.zip
LACI,LACI-28362610.wav,4.998976,500000,LACI.zip
LACI,LACI-55478804.wav,4.998976,500000,LACI.zip
LACI,LACI-29822365.wav,5.0,192000,LACI.zip
LACI,LACI-2914259.wav,4.995072,500000,LACI.zip
LACI,LACI-28415091.wav,4.998976,500000,LACI.zip
LACI,LACI-29931850.wav,4.78,256000,LACI.zip
LACI,LACI-29950893.wav,5.0,256000,LACI.zip
LACI,LACI-402338.wav,2.998976,500000,LACI.zip
LACI,LACI-29841643.wav,2.26,192000,LACI.zip
LACI,LACI-28484771.wav,4.1146666666666665,192000,LACI.zip
LACI,LACI-64953819.wav,5.3213333333333335,384000,LACI.zip
LACI,LACI-2638024.wav,3.349,256000,LACI.zip
LACI,LACI-2248394.wav,6.022,256000,LACI.zip
LACI,LACI-28354003.wav,6.0,384000,LACI.zip
LACI,LACI-33431742.wav,5.136,256000,LACI.zip
LACI,LACI-2262870.wav,4.999333333333333,384000,LACI.zip
LACI,LACI-2274186.wav,5.0,256000,LACI.zip
LACI,LACI-28518784.wav,3.936,192000,LACI.zip
LACI,LACI-29363945.wav,4.998976,500000,LACI.zip
LACI,LACI-73625964.wav,4.764,256000,LACI.zip
LACI,LACI-32899915.wav,6.248,256000,LACI.zip
LACI,LACI-29854789.wav,3.528,192000,LACI.zip
LACI,LACI-28467924.wav,5.0,192000,LACI.zip
LACI,LACI-54401325.wav,6.0,384000,LACI.zip
LACI,LACI-28523113.wav,5.0,192000,LACI.zip
LACI,LACI-28504240.wav,5.0,192000,LACI.zip
LACI,LACI-28459612.wav,4.986666666666666,192000,LACI.zip
LACI,LACI-2578963.wav,4.998976,500000,LACI.zip
LACI,LACI-32907755.wav,5.627,256000,LACI.zip
LACI,LACI-28523108.wav,5.0,192000,LACI.zip
LACI,LACI-28998121.wav,7.048,256000,LACI.zip
LACI,LACI-28479210.wav,5.0,192000,LACI.zip
LACI,LACI-73613927.wav,3.582666666666667,192000,LACI.zip
LACI,LACI-29286181.wav,3.1426666666666665,192000,LACI.zip
LACI,LACI-55408105.wav,5.0,256000,LACI.zip
LACI,LACI-36263267.wav,4.99968,300000,LACI.zip
LACI,LACI-26704349.wav,5.222,256000,LACI.zip
LACI,LACI-2903984.wav,4.995072,500000,LACI.zip
LACI,LACI-33493007.wav,4.998976,500000,LACI.zip
LACI,LACI-73588085.wav,3.697,256000,LACI.zip
LACI,LACI-28494931.wav,3.685333333333334,192000,LACI.zip
LACI,LACI-56607391.wav,4.992,256000,LACI.zip
LACI,LACI-31641203.wav,4.99992,500000,LACI.zip
LACI,LACI-1552921.wav,7.246,256000,LACI.zip
LACI,LACI-28337730.wav,4.493333333333333,192000,LACI.zip
LACI,LACI-33431451.wav,4.134,256000,LACI.zip
LACI,LACI-29779361.wav,5.004,192000,LACI.zip
LACI,LACI-28522057.wav,5.0,192000,LACI.zip
LACI,LACI-35541452.wav,6.0,256000,LACI.zip
LACI,LACI-28331341.wav,5.0,192000,LACI.zip
LACI,LACI-29963370.wav,5.0,256000,LACI.zip
LACI,LACI-57173312.wav,4.998976,500000,LACI.zip
LACI,LACI-57092619.wav,4.998976,500000,LACI.zip
LACI,LACI-28508351.wav,5.0,192000,LACI.zip
LACI,LACI-30585305.wav,4.998976,500000,LACI.zip
LACI,LACI-3799616.wav,4.856,256000,LACI.zip
LACI,LACI-28526558.wav,5.0,192000,LACI.zip
LACI,LACI-12632730.wav,4.998976,500000,LACI.zip
LACI,LACI-29769418.wav,4.792,192000,LACI.zip
LACI,LACI-28527905.wav,5.0,192000,LACI.zip
LACI,LACI-55408111.wav,5.0,256000,LACI.zip
LACI,LACI-57098564.wav,4.998976,500000,LACI.zip
LACI,LACI-28291091.wav,5.004,192000,LACI.zip
LACI,LACI-60432926.wav,5.356,384000,LACI.zip
LACI,LACI-57367428.wav,2.998976,500000,LACI.zip
LACI,LACI-263344.wav,6.378,256000,LACI.zip
LACI,LACI-2879619.wav,5.0,256000,LACI.zip
LACI,LACI-73597430.wav,5.0,256000,LACI.zip
LACI,LACI-29868940.wav,5.0,192000,LACI.zip
LACI,LACI-28483503.wav,5.0,192000,LACI.zip
LACI,LACI-73624649.wav,3.93,256000,LACI.zip
LACI,LACI-28269816.wav,3.912,192000,LACI.zip
LACI,LACI-28463217.wav,5.0,192000,LACI.zip
LACI,LACI-29743607.wav,5.0,192000,LACI.zip
LACI,LACI-31630300.wav,4.99992,500000,LACI.zip
LACI,LACI-73627925.wav,5.0,256000,LACI.zip
LACI,LACI-2050941.wav,4.23,256000,LACI.zip
LACI,LACI-28529994.wav,5.0,192000,LACI.zip
LACI,LACI-29931939.wav,5.464,256000,LACI.zip
LACI,LACI-29717027.wav,5.0,192000,LACI.zip
LACI,LACI-28269600.wav,2.868,192000,LACI.zip
LACI,LACI-63086196.wav,6.0,384000,LACI.zip
LACI,LACI-60291811.wav,5.0,500000,LACI.zip
LACI,LACI-53784144.wav,4.998976,500000,LACI.zip
LACI,LACI-28482871.wav,5.0,192000,LACI.zip
LACI,LACI-33844799.wav,6.0,384000,LACI.zip
LACI,LACI-55399580.wav,6.054666666666667,384000,LACI.zip
LACI,LACI-58044534.wav,5.952,384000,LACI.zip
LACI,LACI-33622241.wav,5.0,192000,LACI.zip
LACI,LACI-2625178.wav,4.998976,500000,LACI.zip
LACI,LACI-29319020.wav,2.6493333333333333,192000,LACI.zip
LACI,LACI-57173911.wav,4.998976,500000,LACI.zip
LACI,LACI-73524698.wav,5.004,192000,LACI.zip
LACI,LACI-28512245.wav,5.0,192000,LACI.zip
LACI,LACI-55475798.wav,4.998976,500000,LACI.zip
LACI,LACI-73639685.wav,5.0,256000,LACI.zip
LACI,LACI-3030565.wav,4.999022,500000,LACI.zip
LACI,LACI-29779348.wav,4.370666666666667,192000,LACI.zip
LACI,LACI-402309.wav,2.998976,500000,LACI.zip
LACI,LACI-57367798.wav,2.998976,500000,LACI.zip
LACI,LACI-27220884.wav,2.998976,500000,LACI.zip
LACI,LACI-261065.wav,5.324,256000,LACI.zip
LACI,LACI-33493538.wav,4.998976,500000,LACI.zip
LACI,LACI-31658141.wav,4.99992,500000,LACI.zip
LACI,LACI-73614069.wav,3.38,192000,LACI.zip
LACI,LACI-36263307.wav,4.99968,300000,LACI.zip
LACI,LACI-27149682.wav,2.998976,500000,LACI.zip
LACI,LACI-28508985.wav,3.776,192000,LACI.zip
LACI,LACI-29732341.wav,4.1386666666666665,192000,LACI.zip
LACI,LACI-1552776.wav,6.816,256000,LACI.zip
LACI,LACI-28536832.wav,4.669,256000,LACI.zip
LACI,LACI-31638495.wav,4.99992,500000,LACI.zip
LACI,LACI-27149681.wav,2.998976,500000,LACI.zip
LACI,LACI-55413389.wav,5.031,256000,LACI.zip
LACI,LACI-29316693.wav,4.344,192000,LACI.zip
LACI,LACI-29719159.wav,4.998666666666667,192000,LACI.zip
LACI,LACI-25976941.wav,4.998976,500000,LACI.zip
LACI,LACI-34094564.wav,4.998976,500000,LACI.zip
LACI,LACI-29294202.wav,3.12,192000,LACI.zip
LACI,LACI-29949931.wav,4.42,256000,LACI.zip
LACI,LACI-29286187.wav,2.6533333333333333,192000,LACI.zip
LACI,LACI-73638354.wav,4.49,256000,LACI.zip
LACI,LACI-2920786.wav,4.995072,500000,LACI.zip
LACI,LACI-28351531.wav,4.998976,500000,LACI.zip
LACI,LACI-33438873.wav,6.538,256000,LACI.zip
LACI,LACI-73550572.wav,6.104,256000,LACI.zip
LACI,LACI-2578965.wav,4.998976,500000,LACI.zip
LACI,LACI-2043189.wav,4.842,256000,LACI.zip
LACI,LACI-54418207.wav,5.024,256000,LACI.zip
LACI,LACI-28469555.wav,5.0,192000,LACI.zip
LACI,LACI-29279692.wav,4.998976,500000,LACI.zip
LACI,LACI-28485183.wav,5.0,192000,LACI.zip
LACI,LACI-64869443.wav,5.0,500000,LACI.zip
LACI,LACI-64862316.wav,5.0,500000,LACI.zip
LACI,LACI-28525666.wav,5.0,192000,LACI.zip
LACI,LACI-29742545.wav,5.0,192000,LACI.zip
LACI,LACI-31622833.wav,4.99992,500000,LACI.zip
LACI,LACI-57055802.wav,4.999333333333333,384000,LACI.zip
LACI,LACI-29735959.wav,4.809333333333333,192000,LACI.zip
LACI,LACI-73614264.wav,5.004,192000,LACI.zip
LACI,LACI-28481519.wav,4.2,192000,LACI.zip
LACI,LACI-60292169.wav,5.0,500000,LACI.zip
LACI,LACI-1985196.wav,4.974666666666667,384000,LACI.zip
LACI,LACI-35914557.wav,4.61,256000,LACI.zip
LACI,LACI-56694721.wav,4.234,256000,LACI.zip
LACI,LACI-73591472.wav,5.0,256000,LACI.zip
LACI,LACI-28507044.wav,5.0,192000,LACI.zip
LACI,LACI-33493262.wav,2.998976,500000,LACI.zip
LACI,LACI-73607017.wav,5.0,256000,LACI.zip
LACI,LACI-28993548.wav,2.004,192000,LACI.zip
LACI,LACI-28995156.wav,4.998666666666667,192000,LACI.zip
LACI,LACI-36263206.wav,4.99968,300000,LACI.zip
LACI,LACI-64892224.wav,5.0,500000,LACI.zip
LACI,LACI-73638340.wav,4.132,256000,LACI.zip
LACI,LACI-28991871.wav,5.0,192000,LACI.zip
LACI,LACI-28473305.wav,5.0,192000,LACI.zip
LACI,LACI-2836096.wav,4.999022,500000,LACI.zip
LACI,LACI-28448428.wav,5.0,192000,LACI.zip
LACI,LACI-2032399.wav,4.999,256000,LACI.zip
LACI,LACI-31624297.wav,4.99992,500000,LACI.zip
LACI,LACI-64891935.wav,5.0,500000,LACI.zip
LACI,LACI-57057656.wav,4.999,256000,LACI.zip
LACI,LACI-211685.wav,4.998976,500000,LACI.zip
LACI,LACI-64887503.wav,5.0,500000,LACI.zip
LACI,LACI-28495507.wav,5.0,192000,LACI.zip
LACI,LACI-29717133.wav,2.530666666666667,192000,LACI.zip
LACI,LACI-55407062.wav,3.41,256000,LACI.zip
LACI,LACI-1943560.wav,2.998976,500000,LACI.zip
LACI,LACI-56189602.wav,7.656,256000,LACI.zip
LACI,LACI-3043580.wav,4.999022,500000,LACI.zip
LACI,LACI-57092336.wav,4.998976,500000,LACI.zip
LACI,LACI-73556447.wav,4.93,256000,LACI.zip
LACI,LACI-29769423.wav,4.1546666666666665,192000,LACI.zip
LACI,LACI-2155833.wav,6.0,384000,LACI.zip
LACI,LACI-28472248.wav,4.477333333333333,192000,LACI.zip
LACI,LACI-58048821.wav,5.0,500000,LACI.zip
LACI,LACI-3017985.wav,4.999022,500000,LACI.zip
LACI,LACI-2405059.wav,4.998976,500000,LACI.zip
LACI,LACI-1326579.wav,3.61,256000,LACI.zip
LACI,LACI-28479245.wav,5.0,192000,LACI.zip
LACI,LACI-31850132.wav,4.99992,500000,LACI.zip
LACI,LACI-28986704.wav,3.104,192000,LACI.zip
LACI,LACI-212275.wav,4.998976,500000,LACI.zip
LACI,LACI-25976934.wav,4.998976,500000,LACI.zip
LACI,LACI-29782504.wav,5.0,192000,LACI.zip
LACI,LACI-29142807.wav,4.998976,500000,LACI.zip
LACI,LACI-32995934.wav,2.998976,500000,LACI.zip
LACI,LACI-28481520.wav,5.0,192000,LACI.zip
LACI,LACI-2458593.wav,5.008,256000,LACI.zip
LACI,LACI-55385221.wav,4.998976,500000,LACI.zip
LACI,LACI-31631953.wav,4.99992,500000,LACI.zip
LACI,LACI-28483600.wav,5.0,192000,LACI.zip
LACI,LACI-3024080.wav,4.999022,500000,LACI.zip
LACI,LACI-29617006.wav,4.998666666666667,192000,LACI.zip
LACI,LACI-29332711.wav,5.0,192000,LACI.zip
LACI,LACI-28508019.wav,5.0,192000,LACI.zip
LACI,LACI-31665026.wav,2.99992,500000,LACI.zip
LACI,LACI-64952304.wav,6.0,384000,LACI.zip
LACI,LACI-2880402.wav,5.0,256000,LACI.zip
LACI,LACI-2279166.wav,3.602,256000,LACI.zip
LACI,LACI-1944314.wav,2.998976,500000,LACI.zip
LACI,LACI-2265403.wav,6.496,256000,LACI.zip
LACI,LACI-2030498.wav,3.692,256000,LACI.zip
LACI,LACI-57363880.wav,2.998976,500000,LACI.zip
LACI,LACI-28412751.wav,4.998976,500000,LACI.zip
LACI,LACI-1321423.wav,4.998976,500000,LACI.zip
LACI,LACI-28415078.wav,4.998976,500000,LACI.zip
LACI,LACI-57363835.wav,2.998976,500000,LACI.zip
LACI,LACI-60291629.wav,5.0,500000,LACI.zip
LACI,LACI-55389269.wav,4.998976,500000,LACI.zip
LACI,LACI-36262963.wav,4.99968,300000,LACI.zip
LACI,LACI-33493544.wav,4.998976,500000,LACI.zip
LACI,LACI-2879933.wav,5.0,256000,LACI.zip
LACI,LACI-33443529.wav,7.164,256000,LACI.zip
LACI,LACI-56685332.wav,4.995292,500000,LACI.zip
LACI,LACI-73644394.wav,3.71,256000,LACI.zip
LACI,LACI-1309485.wav,4.998976,500000,LACI.zip
LACI,LACI-28475532.wav,5.0,192000,LACI.zip
LACI,LACI-16480207.wav,5.053,256000,LACI.zip
LACI,LACI-73628026.wav,2.328,256000,LACI.zip
LACI,LACI-28492475.wav,5.0,192000,LACI.zip
LACI,LACI-73644267.wav,5.0,256000,LACI.zip
LACI,LACI-28455992.wav,5.0,192000,LACI.zip
LACI,LACI-55413704.wav,5.031,256000,LACI.zip
LACI,LACI-33493264.wav,2.998976,500000,LACI.zip
LACI,LACI-31714929.wav,4.99992,500000,LACI.zip
LACI,LACI-29747303.wav,4.044,192000,LACI.zip
LACI,LACI-33593559.wav,5.95,256000,LACI.zip
LACI,LACI-28291370.wav,4.998666666666667,192000,LACI.zip
LACI,LACI-55478990.wav,4.998976,500000,LACI.zip
LACI,LACI-58023598.wav,5.598,256000,LACI.zip
LACI,LACI-55476434.wav,4.998976,500000,LACI.zip
LACI,LACI-31658546.wav,4.99992,500000,LACI.zip
LACI,LACI-33437706.wav,8.06,256000,LACI.zip
LACI,LACI-54319875.wav,6.0,384000,LACI.zip
LACI,LACI-29149139.wav,4.998976,500000,LACI.zip
LACI,LACI-3055747.wav,4.999022,500000,LACI.zip
LACI,LACI-2808688.wav,4.999022,500000,LACI.zip
LACI,LACI-29865370.wav,2.6266666666666665,192000,LACI.zip
LACI,LACI-36263179.wav,4.99968,300000,LACI.zip
LACI,LACI-73622861.wav,3.952,256000,LACI.zip
LACI,LACI-31853362.wav,4.99992,500000,LACI.zip
LACI,LACI-52781942.wav,5.856,256000,LACI.zip
LACI,LACI-73556599.wav,5.0,256000,LACI.zip
LACI,LACI-29283752.wav,5.0,192000,LACI.zip
LACI,LACI-2067451.wav,4.998976,500000,LACI.zip
LACI,LACI-33438857.wav,5.586,256000,LACI.zip
LACI,LACI-29780948.wav,3.1733333333333333,192000,LACI.zip
LACI,LACI-73427339.wav,6.0,384000,LACI.zip
LACI,LACI-28466477.wav,5.0,192000,LACI.zip
LACI,LACI-54428771.wav,6.0,384000,LACI.zip
LACI,LACI-36263293.wav,4.99968,300000,LACI.zip
LACI,LACI-3043699.wav,4.999022,500000,LACI.zip
LACI,LACI-3042516.wav,4.999022,500000,LACI.zip
LACI,LACI-28981001.wav,5.004,192000,LACI.zip
LACI,LACI-28992915.wav,5.0,192000,LACI.zip
LACI,LACI-58021881.wav,3.34,256000,LACI.zip
LACI,LACI-28978551.wav,4.998976,500000,LACI.zip
LACI,LACI-55386013.wav,4.998976,500000,LACI.zip
LACI,LACI-54401243.wav,6.0,384000,LACI.zip
LACI,LACI-73588109.wav,2.924,256000,LACI.zip
LACI,LACI-33493420.wav,4.998976,500000,LACI.zip
LACI,LACI-57055804.wav,4.999333333333333,384000,LACI.zip
LACI,LACI-57092523.wav,4.998976,500000,LACI.zip
LACI,LACI-2879542.wav,5.0,256000,LACI.zip
LACI,LACI-63089885.wav,6.0,384000,LACI.zip
LACI,LACI-29836253.wav,4.998666666666667,192000,LACI.zip
LACI,LACI-73578015.wav,5.004,192000,LACI.zip
LACI,LACI-60111449.wav,3.0,500000,LACI.zip
LACI,LACI-1556996.wav,4.764,256000,LACI.zip
LACI,LACI-28310497.wav,5.004,192000,LACI.zip
LACI,LACI-28262224.wav,4.606,256000,LACI.zip
LACI,LACI-28408688.wav,4.998976,500000,LACI.zip
LACI,LACI-28522066.wav,5.0,192000,LACI.zip
LACI,LACI-56301042.wav,2.6,256000,LACI.zip
LACI,LACI-57176599.wav,4.998976,500000,LACI.zip
LACI,LACI-31545018.wav,4.998976,500000,LACI.zip
LACI,LACI-28995755.wav,4.998666666666667,192000,LACI.zip
LACI,LACI-29732854.wav,5.0,192000,LACI.zip
LACI,LACI-64875572.wav,5.0,500000,LACI.zip
LACI,LACI-3035853.wav,4.999022,500000,LACI.zip
LACI,LACI-95567.wav,3.432,256000,LACI.zip
LACI,LACI-28530022.wav,3.936,192000,LACI.zip
LACI,LACI-35912128.wav,5.139,256000,LACI.zip
LACI,LACI-64897698.wav,5.0,500000,LACI.zip
LACI,LACI-2870585.wav,4.999022,500000,LACI.zip
LACI,LACI-33621901.wav,4.998976,500000,LACI.zip
LACI,LACI-3042168.wav,4.999022,500000,LACI.zip
LACI,LACI-60292194.wav,5.0,500000,LACI.zip
LACI,LACI-63090934.wav,6.0,384000,LACI.zip
LACI,LACI-73587630.wav,3.051,256000,LACI.zip
LACI,LACI-36263159.wav,4.99968,300000,LACI.zip
LACI,LACI-28484614.wav,5.0,192000,LACI.zip
LACI,LACI-36262691.wav,4.99968,300000,LACI.zip
LACI,LACI-73614170.wav,2.005333333333333,192000,LACI.zip
LACI,LACI-73628445.wav,5.0,256000,LACI.zip
LACI,LACI-31635435.wav,4.99992,500000,LACI.zip
LACI,LACI-33534861.wav,4.998976,500000,LACI.zip
LACI,LACI-29790810.wav,5.0,192000,LACI.zip
LACI,LACI-28484296.wav,3.928,192000,LACI.zip
LACI,LACI-29287599.wav,4.094666666666667,192000,LACI.zip
LACI,LACI-1987822.wav,6.0,384000,LACI.zip
LACI,LACI-56648905.wav,6.0,384000,LACI.zip
LACI,LACI-31632806.wav,4.99992,500000,LACI.zip
LACI,LACI-29719659.wav,2.144,192000,LACI.zip
LACI,LACI-28528105.wav,5.0,192000,LACI.zip
LACI,LACI-57186437.wav,3.736,256000,LACI.zip
LACI,LACI-31622229.wav,4.99992,500000,LACI.zip
LACI,LACI-1441613.wav,5.506,256000,LACI.zip
LACI,LACI-1313204.wav,4.999022,500000,LACI.zip
LACI,LACI-73552523.wav,3.77,256000,LACI.zip
LACI,LACI-29283494.wav,5.0,192000,LACI.zip
LACI,LACI-73630522.wav,3.904,256000,LACI.zip
LACI,LACI-28977639.wav,4.998976,500000,LACI.zip
LACI,LACI-64891129.wav,5.0,500000,LACI.zip
LACI,LACI-3042477.wav,4.999022,500000,LACI.zip
LACI,LACI-73587865.wav,4.999,256000,LACI.zip
LACI,LACI-55407823.wav,5.0,256000,LACI.zip
LACI,LACI-54320342.wav,6.0,384000,LACI.zip
LACI,LACI-55350810.wav,6.0,384000,LACI.zip
LACI,LACI-29788896.wav,5.0,192000,LACI.zip
LACI,LACI-73596863.wav,5.69,256000,LACI.zip
LACI,LACI-57097954.wav,2.998976,500000,LACI.zip
LACI,LACI-56653058.wav,6.0,384000,LACI.zip
LACI,LACI-56652471.wav,4.3293333333333335,384000,LACI.zip
LACI,LACI-29004066.wav,6.304,256000,LACI.zip
LACI,LACI-73587311.wav,4.999,256000,LACI.zip
LACI,LACI-29283528.wav,5.0,192000,LACI.zip
LACI,LACI-33622327.wav,4.998976,500000,LACI.zip
LACI,LACI-28389726.wav,4.998976,500000,LACI.zip
LACI,LACI-31851067.wav,4.99992,500000,LACI.zip
LACI,LACI-28508056.wav,5.0,192000,LACI.zip
LACI,LACI-28506587.wav,5.0,192000,LACI.zip
LACI,LACI-55348052.wav,5.889333333333333,384000,LACI.zip
LACI,LACI-53870952.wav,4.998976,500000,LACI.zip
LACI,LACI-28415092.wav,4.998976,500000,LACI.zip
LACI,LACI-33535256.wav,4.998976,500000,LACI.zip
LACI,LACI-28530634.wav,4.730666666666667,192000,LACI.zip
LACI,LACI-2040631.wav,4.999,256000,LACI.zip
LACI,LACI-31630564.wav,4.99992,500000,LACI.zip
LACI,LACI-56651765.wav,6.0,384000,LACI.zip
LACI,LACI-32997940.wav,2.998976,500000,LACI.zip
LACI,LACI-53784115.wav,4.998976,500000,LACI.zip
LACI,LACI-73641845.wav,4.588,256000,LACI.zip
LACI,LACI-28468163.wav,5.0,192000,LACI.zip
LACI,LACI-28977652.wav,4.998976,500000,LACI.zip
LACI,LACI-64895497.wav,3.0,500000,LACI.zip
LACI,LACI-63090138.wav,5.404,384000,LACI.zip
LACI,LACI-27202292.wav,2.998976,500000,LACI.zip
LACI,LACI-73533845.wav,3.953333333333333,192000,LACI.zip
LACI,LACI-73552812.wav,3.73,256000,LACI.zip
LACI,LACI-54418218.wav,6.477,256000,LACI.zip
LACI,LACI-31624701.wav,4.99992,500000,LACI.zip
LACI,LACI-54417994.wav,3.356,256000,LACI.zip
LACI,LACI-29294243.wav,3.0453333333333332,192000,LACI.zip
LACI,LACI-28512192.wav,5.0,192000,LACI.zip
LACI,LACI-2255713.wav,3.006,256000,LACI.zip
LACI,LACI-73641632.wav,5.0,256000,LACI.zip
LACI,LACI-27090170.wav,2.998976,500000,LACI.zip
LACI,LACI-3046194.wav,2.999022,500000,LACI.zip
LACI,LACI-29720858.wav,4.76,192000,LACI.zip
LACI,LACI-60353547.wav,6.0,384000,LACI.zip
LACI,LACI-28296008.wav,4.998666666666667,192000,LACI.zip
LACI,LACI-27218242.wav,2.998976,500000,LACI.zip
LACI,LACI-73588067.wav,4.999,256000,LACI.zip
LACI,LACI-54416381.wav,7.069,256000,LACI.zip
LACI,LACI-29717007.wav,4.234666666666667,192000,LACI.zip
LACI,LACI-28475373.wav,5.0,192000,LACI.zip
LACI,LACI-3048130.wav,4.999022,500000,LACI.zip
LACI,LACI-2539881.wav,4.998976,500000,LACI.zip
LACI,LACI-28322627.wav,5.004,192000,LACI.zip
LACI,LACI-73583173.wav,5.0,256000,LACI.zip
LACI,LACI-36263288.wav,4.99968,300000,LACI.zip
LACI,LACI-56773786.wav,3.984,256000,LACI.zip
LACI,LACI-57407942.wav,2.998976,500000,LACI.zip
LACI,LACI-2271879.wav,3.194,256000,LACI.zip
LACI,LACI-36262588.wav,4.99968,300000,LACI.zip
LACI,LACI-2278760.wav,3.292,256000,LACI.zip
LACI,LACI-55386068.wav,4.998976,500000,LACI.zip
LACI,LACI-29768407.wav,3.058666666666667,192000,LACI.zip
LACI,LACI-55386877.wav,4.998976,500000,LACI.zip
LACI,LACI-57254717.wav,5.746,256000,LACI.zip
LACI,LACI-28491637.wav,4.685333333333333,192000,LACI.zip
LACI,LACI-2879532.wav,5.0,256000,LACI.zip
LACI,LACI-29834470.wav,3.2586666666666666,192000,LACI.zip
LACI,LACI-30488914.wav,4.108,384000,LACI.zip
LACI,LACI-28530736.wav,5.277333333333333,192000,LACI.zip
LACI,LACI-55389282.wav,4.998976,500000,LACI.zip
LACI,LACI-64862585.wav,5.0,500000,LACI.zip
LACI,LACI-29840474.wav,5.004,192000,LACI.zip
LACI,LACI-36263351.wav,4.99968,300000,LACI.zip
LACI,LACI-64895612.wav,3.0,500000,LACI.zip
LACI,LACI-35099062.wav,3.051,256000,LACI.zip
LACI,LACI-94992.wav,7.534,256000,LACI.zip
LACI,LACI-29279930.wav,4.998976,500000,LACI.zip
LACI,LACI-32899911.wav,7.828,256000,LACI.zip
LACI,LACI-29720418.wav,5.0,192000,LACI.zip
LACI,LACI-73560764.wav,5.0,256000,LACI.zip
LACI,LACI-57092329.wav,2.998976,500000,LACI.zip
LACI,LACI-1987508.wav,6.0,384000,LACI.zip
LACI,LACI-53844825.wav,4.998976,500000,LACI.zip
LACI,LACI-29461620.wav,4.998666666666667,192000,LACI.zip
LACI,LACI-28484499.wav,5.0,192000,LACI.zip
LACI,LACI-16501253.wav,4.334,256000,LACI.zip
LACI,LACI-29840467.wav,5.004,192000,LACI.zip
LACI,LACI-28441275.wav,4.998666666666667,192000,LACI.zip
LACI,LACI-33441628.wav,5.116,256000,LACI.zip
LACI,LACI-55386010.wav,4.998976,500000,LACI.zip
LACI,LACI-28472429.wav,5.0,192000,LACI.zip
LACI,LACI-28530141.wav,5.0,192000,LACI.zip
LACI,LACI-29302754.wav,4.621333333333333,192000,LACI.zip
LACI,LACI-29618955.wav,5.0,192000,LACI.zip
LACI,LACI-28484774.wav,5.0,192000,LACI.zip
LACI,LACI-34087857.wav,7.61,256000,LACI.zip
LACI,LACI-64895617.wav,3.0,500000,LACI.zip
LACI,LACI-55389280.wav,4.998976,500000,LACI.zip
LACI,LACI-58032266.wav,3.918,256000,LACI.zip
LACI,LACI-55474923.wav,4.998976,500000,LACI.zip
LACI,LACI-30386029.wav,2.998976,500000,LACI.zip
LACI,LACI-54401371.wav,6.0,384000,LACI.zip
LACI,LACI-28992554.wav,5.004,192000,LACI.zip
LACI,LACI-73525963.wav,5.0,256000,LACI.zip
LACI,LACI-30668510.wav,4.998976,500000,LACI.zip
LACI,LACI-57186446.wav,6.496,256000,LACI.zip
LACI,LACI-55476578.wav,4.998976,500000,LACI.zip
LACI,LACI-33430814.wav,4.628,256000,LACI.zip
LACI,LACI-57092299.wav,2.998976,500000,LACI.zip
LACI,LACI-57092436.wav,4.998976,500000,LACI.zip
LACI,LACI-2880461.wav,5.0,256000,LACI.zip
LACI,LACI-29840523.wav,3.989333333333333,192000,LACI.zip
LACI,LACI-28475476.wav,5.0,192000,LACI.zip
LACI,LACI-73512883.wav,5.0,256000,LACI.zip
LACI,LACI-64862586.wav,5.0,500000,LACI.zip
LACI,LACI-28508021.wav,5.0,192000,LACI.zip
LACI,LACI-53843498.wav,4.998976,500000,LACI.zip
LACI,LACI-60353548.wav,4.442666666666667,384000,LACI.zip
LACI,LACI-58049627.wav,5.0,500000,LACI.zip
LACI,LACI-60352233.wav,4.858666666666666,384000,LACI.zip
LACI,LACI-29836223.wav,4.998666666666667,192000,LACI.zip
LACI,LACI-28549857.wav,6.0,384000,LACI.zip
LACI,LACI-31619599.wav,4.99992,500000,LACI.zip
LACI,LACI-28445130.wav,3.208,192000,LACI.zip
LACI,LACI-73627926.wav,3.87,256000,LACI.zip
LACI,LACI-2069703.wav,4.998976,500000,LACI.zip
LACI,LACI-2065844.wav,4.998976,500000,LACI.zip
LACI,LACI-29840448.wav,5.004,192000,LACI.zip
LACI,LACI-28468077.wav,5.0,192000,LACI.zip
LACI,LACI-33490464.wav,4.998976,500000,LACI.zip
LACI,LACI-3027889.wav,4.999022,500000,LACI.zip
LACI,LACI-57373024.wav,7.026,256000,LACI.zip
LACI,LACI-196128.wav,3.648,256000,LACI.zip
LACI,LACI-55479010.wav,4.998976,500000,LACI.zip
LACI,LACI-1360937.wav,4.999022,500000,LACI.zip
LACI,LACI-56626718.wav,4.548,256000,LACI.zip
LACI,LACI-28470814.wav,2.896,192000,LACI.zip
LACI,LACI-28507043.wav,5.0,192000,LACI.zip
LACI,LACI-55386083.wav,4.998976,500000,LACI.zip
LACI,LACI-56655901.wav,2.995292,500000,LACI.zip
LACI,LACI-36262649.wav,4.99968,300000,LACI.zip
LACI,LACI-28492470.wav,4.808,192000,LACI.zip
LACI,LACI-56617523.wav,7.044,256000,LACI.zip
LACI,LACI-56518756.wav,5.628,256000,LACI.zip
LACI,LACI-28519296.wav,5.0,192000,LACI.zip
LACI,LACI-28997142.wav,6.122,256000,LACI.zip
LACI,LACI-54315921.wav,6.0,384000,LACI.zip
LACI,LACI-31677500.wav,4.99992,500000,LACI.zip
LACI,LACI-29732243.wav,4.741333333333333,192000,LACI.zip
LACI,LACI-2885788.wav,4.995072,500000,LACI.zip
LACI,LACI-29756572.wav,4.741333333333333,192000,LACI.zip
LACI,LACI-29950918.wav,5.0,256000,LACI.zip
LACI,LACI-2935245.wav,4.995072,500000,LACI.zip
LACI,LACI-53854202.wav,4.998976,500000,LACI.zip
LACI,LACI-29792731.wav,3.6506666666666665,192000,LACI.zip
LACI,LACI-2457989.wav,4.142,256000,LACI.zip
LACI,LACI-26676027.wav,6.181,256000,LACI.zip
LACI,LACI-28478822.wav,5.0,192000,LACI.zip
LACI,LACI-29319381.wav,5.004,192000,LACI.zip
LACI,LACI-31622827.wav,4.99992,500000,LACI.zip
LACI,LACI-73559840.wav,5.0,256000,LACI.zip
LACI,LACI-73525961.wav,2.718,256000,LACI.zip
LACI,LACI-29971175.wav,2.032,256000,LACI.zip
LACI,LACI-31613477.wav,4.99992,500000,LACI.zip
LACI,LACI-56655903.wav,2.995292,500000,LACI.zip
LACI,LACI-57373586.wav,5.676,256000,LACI.zip
LACI,LACI-2816393.wav,4.999022,500000,LACI.zip
LACI,LACI-212653.wav,4.998976,500000,LACI.zip
LACI,LACI-2250925.wav,4.194,256000,LACI.zip
LACI,LACI-53280495.wav,4.998976,500000,LACI.zip
LACI,LACI-2355909.wav,5.152,256000,LACI.zip
LACI,LACI-64954383.wav,4.990666666666667,384000,LACI.zip
LACI,LACI-73590360.wav,5.0,256000,LACI.zip
LACI,LACI-29769468.wav,5.0,192000,LACI.zip
LACI,LACI-36263214.wav,4.99968,300000,LACI.zip
LACI,LACI-30502549.wav,6.0,384000,LACI.zip
LACI,LACI-29834844.wav,4.912,192000,LACI.zip
LACI,LACI-29284468.wav,5.004,192000,LACI.zip
LACI,LACI-33844800.wav,6.0,384000,LACI.zip
LACI,LACI-29933733.wav,4.094,256000,LACI.zip
LACI,LACI-29864630.wav,5.0,192000,LACI.zip
LACI,LACI-3799600.wav,3.858,256000,LACI.zip
LACI,LACI-28521850.wav,5.0,192000,LACI.zip
LACI,LACI-10315.wav,5.862666666666667,384000,LACI.zip
LACI,LACI-3820680.wav,5.26,256000,LACI.zip
LACI,LACI-31631944.wav,4.99992,500000,LACI.zip
LACI,LACI-2074639.wav,6.0,384000,LACI.zip
LACI,LACI-73628014.wav,5.0,256000,LACI.zip
LACI,LACI-29728537.wav,5.004,192000,LACI.zip
LACI,LACI-1356670.wav,4.999022,500000,LACI.zip
LACI,LACI-2928904.wav,4.995072,500000,LACI.zip
LACI,LACI-28526839.wav,4.6,192000,LACI.zip
LACI,LACI-29731883.wav,5.0,192000,LACI.zip
LACI,LACI-29796619.wav,5.0,192000,LACI.zip
LACI,LACI-56589584.wav,2.75,256000,LACI.zip
LACI,LACI-28443028.wav,3.062666666666667,192000,LACI.zip
LACI,LACI-31715418.wav,4.99992,500000,LACI.zip
LACI,LACI-53842218.wav,4.999022,500000,LACI.zip
LACI,LACI-56607957.wav,2.896,256000,LACI.zip
LACI,LACI-1302776.wav,3.24,256000,LACI.zip
LACI,LACI-57058654.wav,4.999,256000,LACI.zip
LACI,LACI-36285521.wav,4.995292,500000,LACI.zip
LACI,LACI-73596935.wav,7.658,256000,LACI.zip
LACI,LACI-28455966.wav,5.0,192000,LACI.zip
LACI,LACI-34031407.wav,6.407,256000,LACI.zip
LACI,LACI-35540989.wav,3.728,256000,LACI.zip
LACI,LACI-64956927.wav,5.0,500000,LACI.zip
LACI,LACI-480097.wav,3.928,256000,LACI.zip
LACI,LACI-55406910.wav,5.768,256000,LACI.zip
LACI,LACI-35099193.wav,3.141,256000,LACI.zip
LACI,LACI-33493150.wav,4.998976,500000,LACI.zip
LACI,LACI-57366132.wav,2.998976,500000,LACI.zip
LACI,LACI-28477349.wav,3.712,192000,LACI.zip
LACI,LACI-29874787.wav,5.004,192000,LACI.zip
LACI,LACI-31638498.wav,4.99992,500000,LACI.zip
LACI,LACI-56774598.wav,8.0,256000,LACI.zip
LACI,LACI-3012507.wav,4.999022,500000,LACI.zip
LACI,LACI-56627989.wav,5.0,256000,LACI.zip
LACI,LACI-29841369.wav,5.004,192000,LACI.zip
LACI,LACI-2923696.wav,4.995072,500000,LACI.zip
LACI,LACI-29854092.wav,2.608,192000,LACI.zip
LACI,LACI-29742693.wav,4.7785520833333335,192000,LACI.zip
LACI,LACI-32905730.wav,7.508,256000,LACI.zip
LACI,LACI-28472084.wav,5.0,192000,LACI.zip
LACI,LACI-57060100.wav,3.805,256000,LACI.zip
LACI,LACI-28463262.wav,5.0,192000,LACI.zip
LACI,LACI-56774381.wav,6.296,256000,LACI.zip
LACI,LACI-28472265.wav,2.592,192000,LACI.zip
LACI,LACI-26676264.wav,4.978,256000,LACI.zip
LACI,LACI-28979027.wav,4.998976,500000,LACI.zip
LACI,LACI-53786735.wav,4.999022,500000,LACI.zip
LACI,LACI-3799594.wav,2.716,256000,LACI.zip
LACI,LACI-2030905.wav,4.999,256000,LACI.zip
LACI,LACI-55413705.wav,4.565,256000,LACI.zip
LACI,LACI-73635869.wav,2.973333333333333,192000,LACI.zip
LACI,LACI-2818651.wav,4.999022,500000,LACI.zip
LACI,LACI-57363836.wav,2.998976,500000,LACI.zip
LACI,LACI-2153287.wav,6.0,384000,LACI.zip
LACI,LACI-29971176.wav,2.876,256000,LACI.zip
LACI,LACI-57099806.wav,4.998976,500000,LACI.zip
LACI,LACI-29951692.wav,7.42,256000,LACI.zip
LACI,LACI-28475407.wav,5.0,192000,LACI.zip
LACI,LACI-55389276.wav,4.998976,500000,LACI.zip
LACI,LACI-29283512.wav,3.978666666666667,192000,LACI.zip
LACI,LACI-2885320.wav,4.995072,500000,LACI.zip
LACI,LACI-73597408.wav,5.0,256000,LACI.zip
LACI,LACI-57346689.wav,4.998976,500000,LACI.zip
LACI,LACI-29840524.wav,5.004,192000,LACI.zip
LACI,LACI-64862587.wav,5.0,500000,LACI.zip
LACI,LACI-28463141.wav,5.0,192000,LACI.zip
LACI,LACI-2870586.wav,4.999022,500000,LACI.zip
LACI,LACI-29381016.wav,4.998976,500000,LACI.zip
LACI,LACI-55352135.wav,6.0,384000,LACI.zip
LACI,LACI-30492340.wav,6.0,384000,LACI.zip
LACI,LACI-28281718.wav,4.669333333333333,192000,LACI.zip
LACI,LACI-29868483.wav,4.998666666666667,192000,LACI.zip
LACI,LACI-73598280.wav,5.0,256000,LACI.zip
LACI,LACI-28495506.wav,5.0,192000,LACI.zip
LACI,LACI-73557228.wav,5.0,256000,LACI.zip
LACI,LACI-73525023.wav,5.004,192000,LACI.zip
LACI,LACI-56590613.wav,6.826,256000,LACI.zip
LACI,LACI-29963187.wav,5.0,256000,LACI.zip
LACI,LACI-33493448.wav,4.998976,500000,LACI.zip
LACI,LACI-28978799.wav,4.998976,500000,LACI.zip
LACI,LACI-28530002.wav,4.645333333333333,192000,LACI.zip
LACI,LACI-29786673.wav,3.304,192000,LACI.zip
LACI,LACI-56502016.wav,6.096,256000,LACI.zip
LACI,LACI-29297776.wav,4.0958854166666665,192000,LACI.zip
LACI,LACI-33622214.wav,4.998976,500000,LACI.zip
LACI,LACI-35912348.wav,6.273,256000,LACI.zip
LACI,LACI-58026675.wav,4.364,256000,LACI.zip
LACI,LACI-29792714.wav,5.0,192000,LACI.zip
LACI,LACI-55385894.wav,2.998976,500000,LACI.zip
LACI,LACI-30450879.wav,2.998976,500000,LACI.zip
LACI,LACI-28425746.wav,4.998976,500000,LACI.zip
LACI,LACI-29834380.wav,4.7785520833333335,192000,LACI.zip
LACI,LACI-57366140.wav,2.998976,500000,LACI.zip
LACI,LACI-58042099.wav,6.833333333333333,384000,LACI.zip
LACI,LACI-28533845.wav,6.0,384000,LACI.zip
LACI,LACI-57186374.wav,8.0,256000,LACI.zip
LACI,LACI-36262891.wav,4.99968,300000,LACI.zip
LACI,LACI-73555106.wav,4.242,256000,LACI.zip
LACI,LACI-28521861.wav,5.0,192000,LACI.zip
LACI,LACI-2038382.wav,4.999,256000,LACI.zip
LACI,LACI-1830005.wav,4.178,256000,LACI.zip
LACI,LACI-55388572.wav,4.998976,500000,LACI.zip
LACI,LACI-57346683.wav,4.998976,500000,LACI.zip
LACI,LACI-29283947.wav,5.0,192000,LACI.zip
LACI,LACI-2040713.wav,4.999,256000,LACI.zip
LACI,LACI-36262557.wav,4.99968,300000,LACI.zip
LACI,LACI-28452030.wav,5.0,192000,LACI.zip
LACI,LACI-28291090.wav,2.948,192000,LACI.zip
LACI,LACI-56678216.wav,2.995292,500000,LACI.zip
LACI,LACI-2924524.wav,4.995072,500000,LACI.zip
LACI,LACI-29792974.wav,5.0,192000,LACI.zip
LACI,LACI-32906595.wav,7.892,256000,LACI.zip
LACI,LACI-1365269.wav,4.999022,500000,LACI.zip
LACI,LACI-73596131.wav,5.0,256000,LACI.zip
LACI,LACI-73536602.wav,3.4386666666666668,192000,LACI.zip
LACI,LACI-36263290.wav,4.99968,300000,LACI.zip
LACI,LACI-53784076.wav,4.998976,500000,LACI.zip
LACI,LACI-28482804.wav,5.0,192000,LACI.zip
LACI,LACI-31647973.wav,4.99992,500000,LACI.zip
LACI,LACI-62493163.wav,3.662,256000,LACI.zip
LACI,LACI-56649091.wav,6.0,384000,LACI.zip
LACI,LACI-64864351.wav,5.0,500000,LACI.zip
LACI,LACI-56653059.wav,4.478666666666666,384000,LACI.zip
LACI,LACI-28491571.wav,5.0,192000,LACI.zip
LACI,LACI-28280860.wav,3.1,192000,LACI.zip
LACI,LACI-28525849.wav,5.0,192000,LACI.zip
LACI,LACI-29743266.wav,5.0,192000,LACI.zip
LACI,LACI-1369308.wav,2.998976,500000,LACI.zip
LACI,LACI-57097766.wav,4.998976,500000,LACI.zip
LACI,LACI-2840518.wav,4.999022,500000,LACI.zip
LACI,LACI-56617561.wav,6.854,256000,LACI.zip
LACI,LACI-29317335.wav,2.1746666666666665,192000,LACI.zip
LACI,LACI-28545613.wav,4.245333333333333,384000,LACI.zip
LACI,LACI-55479023.wav,4.998976,500000,LACI.zip
LACI,LACI-73563658.wav,7.012,256000,LACI.zip
LACI,LACI-28460373.wav,2.8,192000,LACI.zip
LACI,LACI-2947139.wav,4.995072,500000,LACI.zip
LACI,LACI-2719813.wav,6.016,320000,LACI.zip
LACI,LACI-35540091.wav,6.0,256000,LACI.zip
LACI,LACI-2068967.wav,4.998976,500000,LACI.zip
LACI,LACI-55404347.wav,4.286,256000,LACI.zip
LACI,LACI-55475907.wav,2.998976,500000,LACI.zip
LACI,LACI-57176586.wav,4.998976,500000,LACI.zip
LACI,LACI-3038087.wav,4.999022,500000,LACI.zip
LACI,LACI-3048610.wav,4.999022,500000,LACI.zip
LACI,LACI-73596331.wav,7.716,256000,LACI.zip
LACI,LACI-2878695.wav,5.0,256000,LACI.zip
LACI,LACI-480497.wav,6.132,256000,LACI.zip
LACI,LACI-33442775.wav,6.398,256000,LACI.zip
LACI,LACI-29836891.wav,5.0,192000,LACI.zip
LACI,LACI-58049986.wav,5.0,500000,LACI.zip
LACI,LACI-57056940.wav,4.999,256000,LACI.zip
LACI,LACI-29854158.wav,4.042666666666666,192000,LACI.zip
LACI,LACI-73642639.wav,4.772,256000,LACI.zip
LACI,LACI-29864647.wav,4.650666666666667,192000,LACI.zip
LACI,LACI-64862060.wav,5.0,500000,LACI.zip
LACI,LACI-2919868.wav,4.995072,500000,LACI.zip
LACI,LACI-33493281.wav,2.998976,500000,LACI.zip
LACI,LACI-191444.wav,4.998976,500000,LACI.zip
LACI,LACI-31864330.wav,4.99992,500000,LACI.zip
LACI,LACI-33214687.wav,6.53,256000,LACI.zip
LACI,LACI-55479002.wav,4.998976,500000,LACI.zip
LACI,LACI-64895611.wav,3.0,500000,LACI.zip
LACI,LACI-56660335.wav,4.995292,500000,LACI.zip
LACI,LACI-28527268.wav,5.0,192000,LACI.zip
LACI,LACI-28448546.wav,5.0,192000,LACI.zip
LACI,LACI-33490554.wav,4.998976,500000,LACI.zip
LACI,LACI-31545000.wav,4.998976,500000,LACI.zip
LACI,LACI-28312532.wav,5.0,192000,LACI.zip
LACI,LACI-28466741.wav,3.669333333333334,192000,LACI.zip
LACI,LACI-2276433.wav,5.0,256000,LACI.zip
LACI,LACI-56655902.wav,2.995292,500000,LACI.zip
LACI,LACI-64897697.wav,5.0,500000,LACI.zip
LACI,LACI-57058227.wav,4.999,256000,LACI.zip
LACI,LACI-60352741.wav,5.357333333333333,384000,LACI.zip
LACI,LACI-28491584.wav,5.0,192000,LACI.zip
LACI,LACI-2920454.wav,4.995072,500000,LACI.zip
LACI,LACI-60352740.wav,6.0,384000,LACI.zip
LACI,LACI-30350586.wav,2.998976,500000,LACI.zip
LACI,LACI-56647017.wav,5.985333333333333,384000,LACI.zip
LACI,LACI-63113553.wav,4.998976,500000,LACI.zip
LACI,LACI-28551142.wav,6.0,384000,LACI.zip
LACI,LACI-28512509.wav,5.0,192000,LACI.zip
LACI,LACI-2041238.wav,4.999,256000,LACI.zip
LACI,LACI-28475655.wav,4.250666666666667,192000,LACI.zip
LACI,LACI-29769424.wav,5.0,192000,LACI.zip
LACI,LACI-36263279.wav,4.99968,300000,LACI.zip
LACI,LACI-64868737.wav,5.0,500000,LACI.zip
LACI,LACI-265516.wav,7.29,256000,LACI.zip
LACI,LACI-28522940.wav,5.0,192000,LACI.zip
LACI,LACI-28422076.wav,4.998976,500000,LACI.zip
LACI,LACI-29931849.wav,4.748,256000,LACI.zip
LACI,LACI-33622144.wav,4.998976,500000,LACI.zip
LACI,LACI-29679970.wav,5.0,192000,LACI.zip
LACI,LACI-73600052.wav,4.414,256000,LACI.zip
LACI,LACI-28469525.wav,5.0,192000,LACI.zip
LAIN,LAIN-57238455.wav,6.050816,500000,LAIN.zip
LAIN,LAIN-57186532.wav,8.0,256000,LAIN.zip
LAIN,LAIN-57186427.wav,8.0,256000,LAIN.zip
LAIN,LAIN-57231971.wav,6.060032,500000,LAIN.zip
LAIN,LAIN-57220425.wav,4.953088,500000,LAIN.zip
LAIN,LAIN-57232021.wav,8.031232,500000,LAIN.zip
LAIN,LAIN-57238613.wav,5.548032,500000,LAIN.zip
LAIN,LAIN-56515360.wav,3.013632,500000,LAIN.zip
LAIN,LAIN-57219202.wav,5.523456,500000,LAIN.zip
LAIN,LAIN-57239955.wav,5.573632,500000,LAIN.zip
LAIN,LAIN-57186544.wav,6.57,256000,LAIN.zip
LAIN,LAIN-57223342.wav,5.08928,500000,LAIN.zip
LAIN,LAIN-56515345.wav,4.287488,500000,LAIN.zip
LAIN,LAIN-56514782.wav,7.868,256000,LAIN.zip
LAIN,LAIN-56514575.wav,4.208,256000,LAIN.zip
LAIN,LAIN-57186286.wav,6.172,256000,LAIN.zip
LAIN,LAIN-57225018.wav,5.807104,500000,LAIN.zip
LAIN,LAIN-57186488.wav,8.0,256000,LAIN.zip
LAIN,LAIN-57186513.wav,5.002,256000,LAIN.zip
LAIN,LAIN-57237950.wav,5.533696,500000,LAIN.zip
LAIN,LAIN-57237984.wav,3.971072,500000,LAIN.zip
LAIN,LAIN-53040071.wav,5.57568,500000,LAIN.zip
LAIN,LAIN-61456989.wav,6.464,256000,LAIN.zip
LAIN,LAIN-57239751.wav,8.075264,500000,LAIN.zip
LAIN,LAIN-61457473.wav,3.174,256000,LAIN.zip
LAIN,LAIN-57221815.wav,4.890624,500000,LAIN.zip
LAIN,LAIN-61457297.wav,8.0,256000,LAIN.zip
LAIN,LAIN-57239715.wav,3.858432,500000,LAIN.zip
LAIN,LAIN-57186605.wav,7.3,256000,LAIN.zip
LAIN,LAIN-53039964.wav,7.67488,500000,LAIN.zip
LAIN,LAIN-57231881.wav,4.747264,500000,LAIN.zip
LAIN,LAIN-57186542.wav,8.0,256000,LAIN.zip
LAIN,LAIN-57226756.wav,5.206016,500000,LAIN.zip
LAIN,LAIN-56514527.wav,7.322,256000,LAIN.zip
LAIN,LAIN-61457519.wav,6.812,256000,LAIN.zip
LAIN,LAIN-57222035.wav,4.912128,500000,LAIN.zip
LAIN,LAIN-57238811.wav,4.886528,500000,LAIN.zip
LAIN,LAIN-56514655.wav,5.524,256000,LAIN.zip
LAIN,LAIN-57238827.wav,5.16096,500000,LAIN.zip
LAIN,LAIN-57240116.wav,7.145472,500000,LAIN.zip
LAIN,LAIN-57239659.wav,4.653056,500000,LAIN.zip
LAIN,LAIN-57239640.wav,7.928832,500000,LAIN.zip
LAIN,LAIN-57238941.wav,5.85216,500000,LAIN.zip
LAIN,LAIN-57186568.wav,8.0,256000,LAIN.zip
LAIN,LAIN-57231904.wav,6.473728,500000,LAIN.zip
LAIN,LAIN-57186336.wav,6.194,256000,LAIN.zip
LAIN,LAIN-57186523.wav,8.0,256000,LAIN.zip
LAIN,LAIN-62887027.wav,7.35,256000,LAIN.zip
LAIN,LAIN-57226813.wav,5.90336,500000,LAIN.zip
LAIN,LAIN-57221199.wav,6.81984,500000,LAIN.zip
LAIN,LAIN-57226987.wav,6.960128,500000,LAIN.zip
LAIN,LAIN-57225337.wav,3.00544,500000,LAIN.zip
LAIN,LAIN-57186278.wav,3.006,256000,LAIN.zip
LAIN,LAIN-57222106.wav,5.38112,500000,LAIN.zip
LAIN,LAIN-57238606.wav,3.55328,500000,LAIN.zip
LAIN,LAIN-57205744.wav,7.33184,500000,LAIN.zip
LAIN,LAIN-61457175.wav,3.006,256000,LAIN.zip
LAIN,LAIN-57186314.wav,8.0,256000,LAIN.zip
LAIN,LAIN-57239552.wav,3.76832,500000,LAIN.zip
LAIN,LAIN-57186569.wav,6.772,256000,LAIN.zip
LAIN,LAIN-61457280.wav,6.402,256000,LAIN.zip
LAIN,LAIN-57222096.wav,3.646464,500000,LAIN.zip
LAIN,LAIN-57205753.wav,5.326848,500000,LAIN.zip
LAIN,LAIN-57225270.wav,6.33344,500000,LAIN.zip
LAIN,LAIN-57225567.wav,5.884928,500000,LAIN.zip
LAIN,LAIN-57218883.wav,7.989248,500000,LAIN.zip
LAIN,LAIN-57186476.wav,4.43,256000,LAIN.zip
LAIN,LAIN-57231939.wav,4.511744,500000,LAIN.zip
LAIN,LAIN-57226964.wav,3.994624,500000,LAIN.zip
LAIN,LAIN-57186395.wav,3.704,256000,LAIN.zip
LAIN,LAIN-61456992.wav,5.86,256000,LAIN.zip
LAIN,LAIN-57186378.wav,4.552,256000,LAIN.zip
LAIN,LAIN-57205759.wav,3.004416,500000,LAIN.zip
LAIN,LAIN-57186512.wav,3.006,256000,LAIN.zip
LAIN,LAIN-56514876.wav,6.732,256000,LAIN.zip
LAIN,LAIN-57186379.wav,4.654,256000,LAIN.zip
LAIN,LAIN-57218928.wav,5.430272,500000,LAIN.zip
LAIN,LAIN-57239961.wav,3.643392,500000,LAIN.zip
LAIN,LAIN-57222034.wav,3.009536,500000,LAIN.zip
LAIN,LAIN-57238739.wav,7.586816,500000,LAIN.zip
LAIN,LAIN-57222944.wav,3.007488,500000,LAIN.zip
LAIN,LAIN-53039891.wav,7.12704,500000,LAIN.zip
LAIN,LAIN-57186335.wav,7.348,256000,LAIN.zip
LAIN,LAIN-61456903.wav,6.406,256000,LAIN.zip
LAIN,LAIN-57228258.wav,3.564544,500000,LAIN.zip
LAIN,LAIN-57239799.wav,4.486144,500000,LAIN.zip
LAIN,LAIN-57225201.wav,3.008512,500000,LAIN.zip
LAIN,LAIN-57239706.wav,3.009536,500000,LAIN.zip
LAIN,LAIN-56514492.wav,7.59,256000,LAIN.zip
LAIN,LAIN-57231448.wav,3.750912,500000,LAIN.zip
LAIN,LAIN-56510429.wav,6.438,256000,LAIN.zip
LAIN,LAIN-57186521.wav,7.246,256000,LAIN.zip
LAIN,LAIN-57231905.wav,4.27008,500000,LAIN.zip
LAIN,LAIN-57186463.wav,4.424,256000,LAIN.zip
LAIN,LAIN-57226868.wav,7.964672,500000,LAIN.zip
LAIN,LAIN-57239344.wav,4.103168,500000,LAIN.zip
LAIN,LAIN-57225577.wav,6.043648,500000,LAIN.zip
LAIN,LAIN-57225230.wav,7.64416,500000,LAIN.zip
LAIN,LAIN-57186474.wav,7.33,256000,LAIN.zip
LAIN,LAIN-57228149.wav,4.540416,500000,LAIN.zip
LAIN,LAIN-57240021.wav,5.90336,500000,LAIN.zip
LAIN,LAIN-61457146.wav,8.0,256000,LAIN.zip
LAIN,LAIN-57222016.wav,3.449856,500000,LAIN.zip
LAIN,LAIN-56510407.wav,4.21,256000,LAIN.zip
LAIN,LAIN-57239818.wav,4.86912,500000,LAIN.zip
LAIN,LAIN-57186467.wav,4.39,256000,LAIN.zip
LAIN,LAIN-57226862.wav,5.61152,500000,LAIN.zip
LAIN,LAIN-57239976.wav,3.008512,500000,LAIN.zip
LAIN,LAIN-57232010.wav,6.414336,500000,LAIN.zip
LAIN,LAIN-57239523.wav,3.3792,500000,LAIN.zip
LAIN,LAIN-57240039.wav,6.969344,500000,LAIN.zip
LAIN,LAIN-56511132.wav,5.046,256000,LAIN.zip
LAIN,LAIN-57218890.wav,6.392832,500000,LAIN.zip
LAIN,LAIN-56509726.wav,8.0,256000,LAIN.zip
LAIN,LAIN-57240135.wav,5.049344,500000,LAIN.zip
LAIN,LAIN-57226295.wav,6.767616,500000,LAIN.zip
LAIN,LAIN-57223064.wav,3.004416,500000,LAIN.zip
LAIN,LAIN-57239635.wav,3.458048,500000,LAIN.zip
LAIN,LAIN-57186382.wav,7.892,256000,LAIN.zip
LAIN,LAIN-57186499.wav,8.0,256000,LAIN.zip
LAIN,LAIN-57225289.wav,6.603776,500000,LAIN.zip
LAIN,LAIN-57186394.wav,7.754,256000,LAIN.zip
LAIN,LAIN-57186456.wav,8.0,256000,LAIN.zip
LAIN,LAIN-57186338.wav,3.93,256000,LAIN.zip
LAIN,LAIN-57225686.wav,4.258816,500000,LAIN.zip
LAIN,LAIN-57239906.wav,5.757952,500000,LAIN.zip
LAIN,LAIN-57186580.wav,5.202,256000,LAIN.zip
LAIN,LAIN-57237955.wav,5.697536,500000,LAIN.zip
LAIN,LAIN-61457511.wav,3.006,256000,LAIN.zip
LAIN,LAIN-56510878.wav,6.26,256000,LAIN.zip
LAIN,LAIN-53039833.wav,4.753408,500000,LAIN.zip
LAIN,LAIN-57186485.wav,4.608,256000,LAIN.zip
LAIN,LAIN-57225267.wav,3.751936,500000,LAIN.zip
LAIN,LAIN-57225030.wav,4.054016,500000,LAIN.zip
LAIN,LAIN-57239682.wav,4.739072,500000,LAIN.zip
LAIN,LAIN-57186370.wav,8.0,256000,LAIN.zip
LAIN,LAIN-56516679.wav,4.284416,500000,LAIN.zip
LAIN,LAIN-56514866.wav,7.624,256000,LAIN.zip
LAIN,LAIN-53040033.wav,3.004416,500000,LAIN.zip
LAIN,LAIN-57222318.wav,6.248448,500000,LAIN.zip
LAIN,LAIN-57186531.wav,6.152,256000,LAIN.zip
LAIN,LAIN-57205905.wav,3.147776,500000,LAIN.zip
LAIN,LAIN-57239968.wav,5.946368,500000,LAIN.zip
LAIN,LAIN-56514549.wav,6.378,256000,LAIN.zip
LAIN,LAIN-56509720.wav,6.8,256000,LAIN.zip
LAIN,LAIN-57239445.wav,7.386112,500000,LAIN.zip
LAIN,LAIN-57221209.wav,7.90016,500000,LAIN.zip
LAIN,LAIN-57225322.wav,5.699584,500000,LAIN.zip
LAIN,LAIN-57232015.wav,3.656704,500000,LAIN.zip
LAIN,LAIN-57218891.wav,5.271552,500000,LAIN.zip
LAIN,LAIN-57186387.wav,5.28,256000,LAIN.zip
LAIN,LAIN-57186533.wav,7.168,256000,LAIN.zip
LAIN,LAIN-62887112.wav,6.446,256000,LAIN.zip
LAIN,LAIN-57225409.wav,7.991296,500000,LAIN.zip
LAIN,LAIN-57239369.wav,4.434944,500000,LAIN.zip
LAIN,LAIN-57186528.wav,4.834,256000,LAIN.zip
LAIN,LAIN-57186469.wav,5.618,256000,LAIN.zip
LAIN,LAIN-57222672.wav,6.94784,500000,LAIN.zip
LAIN,LAIN-57186495.wav,5.374,256000,LAIN.zip
LAIN,LAIN-57225693.wav,7.131136,500000,LAIN.zip
LAIN,LAIN-57221950.wav,4.916224,500000,LAIN.zip
LAIN,LAIN-57186500.wav,8.0,256000,LAIN.zip
LAIN,LAIN-57225045.wav,5.77024,500000,LAIN.zip
LAIN,LAIN-57186429.wav,8.0,256000,LAIN.zip
LAIN,LAIN-57240115.wav,4.072448,500000,LAIN.zip
LAIN,LAIN-61457136.wav,7.412,256000,LAIN.zip
LAIN,LAIN-57186510.wav,3.008,256000,LAIN.zip
LAIN,LAIN-57220022.wav,6.690816,500000,LAIN.zip
LAIN,LAIN-61457234.wav,8.0,256000,LAIN.zip
LAIN,LAIN-57205916.wav,7.857152,500000,LAIN.zip
LAIN,LAIN-57240117.wav,7.532544,500000,LAIN.zip
LAIN,LAIN-57219012.wav,7.344128,500000,LAIN.zip
LAIN,LAIN-57225102.wav,7.283712,500000,LAIN.zip
LAIN,LAIN-57186493.wav,6.67,256000,LAIN.zip
LAIN,LAIN-57223081.wav,7.09632,500000,LAIN.zip
LAIN,LAIN-57218951.wav,6.488064,500000,LAIN.zip
LAIN,LAIN-57231834.wav,4.903936,500000,LAIN.zip
LAIN,LAIN-57205777.wav,6.284288,500000,LAIN.zip
LAIN,LAIN-57225063.wav,5.714944,500000,LAIN.zip
LAIN,LAIN-57221943.wav,6.987776,500000,LAIN.zip
LAIN,LAIN-57226692.wav,6.578176,500000,LAIN.zip
LAIN,LAIN-57225309.wav,3.723264,500000,LAIN.zip
LAIN,LAIN-61457381.wav,3.74,256000,LAIN.zip
LAIN,LAIN-57240044.wav,6.49216,500000,LAIN.zip
LAIN,LAIN-57239985.wav,3.008512,500000,LAIN.zip
LAIN,LAIN-57239747.wav,4.845568,500000,LAIN.zip
LAIN,LAIN-56510406.wav,3.136,256000,LAIN.zip
LAIN,LAIN-57220158.wav,5.654528,500000,LAIN.zip
LAIN,LAIN-57231912.wav,7.164928,500000,LAIN.zip
LAIN,LAIN-57240099.wav,7.518208,500000,LAIN.zip
LAIN,LAIN-57186449.wav,7.734,256000,LAIN.zip
LAIN,LAIN-57239521.wav,3.008512,500000,LAIN.zip
LAIN,LAIN-57186560.wav,8.0,256000,LAIN.zip
LAIN,LAIN-57186583.wav,5.794,256000,LAIN.zip
LAIN,LAIN-57222376.wav,4.384768,500000,LAIN.zip
LAIN,LAIN-57231985.wav,6.546432,500000,LAIN.zip
LAIN,LAIN-57240199.wav,4.51584,500000,LAIN.zip
LAIN,LAIN-57222092.wav,7.32672,500000,LAIN.zip
LAIN,LAIN-57230841.wav,5.260288,500000,LAIN.zip
LAIN,LAIN-57223073.wav,4.814848,500000,LAIN.zip
LAIN,LAIN-56515374.wav,4.435968,500000,LAIN.zip
LAIN,LAIN-57228401.wav,3.862528,500000,LAIN.zip
LAIN,LAIN-57186366.wav,7.358,256000,LAIN.zip
LAIN,LAIN-74525097.wav,5.676,256000,LAIN.zip
LAIN,LAIN-57240155.wav,7.05536,500000,LAIN.zip
LAIN,LAIN-57238543.wav,7.299072,500000,LAIN.zip
LAIN,LAIN-57219220.wav,6.924288,500000,LAIN.zip
LAIN,LAIN-57186436.wav,7.702,256000,LAIN.zip
LAIN,LAIN-57219206.wav,4.52608,500000,LAIN.zip
LAIN,LAIN-57221915.wav,6.404096,500000,LAIN.zip
LAIN,LAIN-57239870.wav,3.77856,500000,LAIN.zip
LAIN,LAIN-57225581.wav,6.003712,500000,LAIN.zip
LAIN,LAIN-57223125.wav,6.204416,500000,LAIN.zip
LAIN,LAIN-57226858.wav,7.543808,500000,LAIN.zip
LAIN,LAIN-57226402.wav,5.595136,500000,LAIN.zip
LAIN,LAIN-56514567.wav,3.006,256000,LAIN.zip
LAIN,LAIN-57222324.wav,6.5536,500000,LAIN.zip
LAIN,LAIN-57218904.wav,5.71392,500000,LAIN.zip
LAIN,LAIN-56515367.wav,3.142656,500000,LAIN.zip
LAIN,LAIN-61457057.wav,8.0,256000,LAIN.zip
LAIN,LAIN-57231247.wav,6.136832,500000,LAIN.zip
LAIN,LAIN-57238991.wav,5.916672,500000,LAIN.zip
LAIN,LAIN-57227518.wav,7.783424,500000,LAIN.zip
LAIN,LAIN-57239973.wav,5.026816,500000,LAIN.zip
LAIN,LAIN-57225618.wav,3.658752,500000,LAIN.zip
LAIN,LAIN-57186489.wav,5.668,256000,LAIN.zip
LAIN,LAIN-57186600.wav,3.006,256000,LAIN.zip
LAIN,LAIN-61457232.wav,7.01,256000,LAIN.zip
LAIN,LAIN-57231936.wav,7.816192,500000,LAIN.zip
LAIN,LAIN-57218893.wav,5.605376,500000,LAIN.zip
LAIN,LAIN-57223305.wav,3.154944,500000,LAIN.zip
LAIN,LAIN-57223147.wav,3.387392,500000,LAIN.zip
LAIN,LAIN-57218963.wav,3.414016,500000,LAIN.zip
LAIN,LAIN-57228448.wav,7.300096,500000,LAIN.zip
LAIN,LAIN-57221980.wav,5.880832,500000,LAIN.zip
LAIN,LAIN-57240057.wav,7.246848,500000,LAIN.zip
LAIN,LAIN-57231965.wav,7.877632,500000,LAIN.zip
LAIN,LAIN-56515369.wav,6.414336,500000,LAIN.zip
LAIN,LAIN-57226967.wav,6.335488,500000,LAIN.zip
LAIN,LAIN-56514943.wav,5.498,256000,LAIN.zip
LAIN,LAIN-57231854.wav,3.259392,500000,LAIN.zip
LAIN,LAIN-57227170.wav,7.048192,500000,LAIN.zip
LAIN,LAIN-57186368.wav,5.32,256000,LAIN.zip
LAIN,LAIN-61457449.wav,5.334,256000,LAIN.zip
LAIN,LAIN-57239490.wav,4.900864,500000,LAIN.zip
LAIN,LAIN-57186397.wav,6.74,256000,LAIN.zip
LAIN,LAIN-62887197.wav,7.434,256000,LAIN.zip
LAIN,LAIN-53039950.wav,6.736896,500000,LAIN.zip
LAIN,LAIN-57231955.wav,5.778432,500000,LAIN.zip
LAIN,LAIN-57220532.wav,4.431872,500000,LAIN.zip
LAIN,LAIN-57222909.wav,4.08064,500000,LAIN.zip
LAIN,LAIN-57186496.wav,6.674,256000,LAIN.zip
LAIN,LAIN-61457149.wav,8.0,256000,LAIN.zip
LAIN,LAIN-57186447.wav,7.898,256000,LAIN.zip
LAIN,LAIN-57223252.wav,4.964352,500000,LAIN.zip
LAIN,LAIN-57186340.wav,6.296,256000,LAIN.zip
LAIN,LAIN-56514709.wav,5.96,256000,LAIN.zip
LAIN,LAIN-57239849.wav,7.658496,500000,LAIN.zip
LAIN,LAIN-57240158.wav,4.835328,500000,LAIN.zip
LAIN,LAIN-57218939.wav,7.160832,500000,LAIN.zip
LAIN,LAIN-57225612.wav,6.30272,500000,LAIN.zip
LAIN,LAIN-57225632.wav,7.379968,500000,LAIN.zip
LAIN,LAIN-57221978.wav,3.244032,500000,LAIN.zip
LAIN,LAIN-57238014.wav,4.09088,500000,LAIN.zip
LAIN,LAIN-57231892.wav,7.605248,500000,LAIN.zip
LAIN,LAIN-57226653.wav,7.419904,500000,LAIN.zip
LAIN,LAIN-56514513.wav,4.234,256000,LAIN.zip
LAIN,LAIN-57231946.wav,6.638592,500000,LAIN.zip
LAIN,LAIN-57231963.wav,6.859776,500000,LAIN.zip
LAIN,LAIN-57218940.wav,7.443456,500000,LAIN.zip
LAIN,LAIN-57186556.wav,8.0,256000,LAIN.zip
LAIN,LAIN-57206018.wav,4.911104,500000,LAIN.zip
LAIN,LAIN-57239529.wav,8.067072,500000,LAIN.zip
LAIN,LAIN-57231953.wav,7.829504,500000,LAIN.zip
LAIN,LAIN-57240154.wav,6.382592,500000,LAIN.zip
LAIN,LAIN-57221791.wav,5.090304,500000,LAIN.zip
LAIN,LAIN-57186578.wav,6.554,256000,LAIN.zip
LAIN,LAIN-57218973.wav,5.797888,500000,LAIN.zip
LAIN,LAIN-56515414.wav,5.118976,500000,LAIN.zip
LAIN,LAIN-56510953.wav,6.19,256000,LAIN.zip
LAIN,LAIN-57240123.wav,4.655104,500000,LAIN.zip
LAIN,LAIN-57227134.wav,6.206464,500000,LAIN.zip
LAIN,LAIN-57205989.wav,7.03488,500000,LAIN.zip
LAIN,LAIN-57239647.wav,3.006464,500000,LAIN.zip
LAIN,LAIN-57239513.wav,3.289088,500000,LAIN.zip
LAIN,LAIN-53039973.wav,6.263808,500000,LAIN.zip
LAIN,LAIN-56509718.wav,5.814,256000,LAIN.zip
LAIN,LAIN-57186327.wav,4.512,256000,LAIN.zip
LAIN,LAIN-57239969.wav,3.012608,500000,LAIN.zip
LAIN,LAIN-57225809.wav,4.406272,500000,LAIN.zip
LAIN,LAIN-57223131.wav,3.121152,500000,LAIN.zip
LAIN,LAIN-57186363.wav,4.878,256000,LAIN.zip
LAIN,LAIN-57239516.wav,3.859456,500000,LAIN.zip
LAIN,LAIN-61457493.wav,4.202,256000,LAIN.zip
LAIN,LAIN-57186573.wav,7.966,256000,LAIN.zip
LAIN,LAIN-61457415.wav,5.732,256000,LAIN.zip
LAIN,LAIN-57220535.wav,5.30432,500000,LAIN.zip
LAIN,LAIN-61457500.wav,4.986,256000,LAIN.zip
LAIN,LAIN-57223054.wav,6.132736,500000,LAIN.zip
LAIN,LAIN-57222210.wav,5.005312,500000,LAIN.zip
LAIN,LAIN-57225329.wav,5.06368,500000,LAIN.zip
LAIN,LAIN-57227115.wav,3.677184,500000,LAIN.zip
LAIN,LAIN-57238882.wav,5.178368,500000,LAIN.zip
LAIN,LAIN-57186348.wav,4.428,256000,LAIN.zip
LAIN,LAIN-57186435.wav,8.0,256000,LAIN.zip
LAIN,LAIN-56511074.wav,6.924,256000,LAIN.zip
LAIN,LAIN-57225788.wav,6.063104,500000,LAIN.zip
LAIN,LAIN-61457418.wav,3.438,256000,LAIN.zip
LAIN,LAIN-57228341.wav,4.370432,500000,LAIN.zip
LAIN,LAIN-57223143.wav,3.810304,500000,LAIN.zip
LAIN,LAIN-57226284.wav,3.009536,500000,LAIN.zip
LAIN,LAIN-57220426.wav,6.960128,500000,LAIN.zip
LAIN,LAIN-57205837.wav,5.78048,500000,LAIN.zip
LAIN,LAIN-57240097.wav,6.26688,500000,LAIN.zip
LAIN,LAIN-56514568.wav,5.104,256000,LAIN.zip
LAIN,LAIN-57186360.wav,5.892,256000,LAIN.zip
LAIN,LAIN-57228346.wav,7.283712,500000,LAIN.zip
LAIN,LAIN-57186367.wav,4.632,256000,LAIN.zip
LAIN,LAIN-57225070.wav,5.61152,500000,LAIN.zip
LAIN,LAIN-57227961.wav,7.64416,500000,LAIN.zip
LAIN,LAIN-57205882.wav,6.525952,500000,LAIN.zip
LAIN,LAIN-61457141.wav,3.442,256000,LAIN.zip
LAIN,LAIN-57186280.wav,5.856,256000,LAIN.zip
LAIN,LAIN-56510439.wav,4.218,256000,LAIN.zip
LAIN,LAIN-56510928.wav,3.01,256000,LAIN.zip
LAIN,LAIN-57239963.wav,5.28896,500000,LAIN.zip
LAIN,LAIN-57222233.wav,4.62336,500000,LAIN.zip
LAIN,LAIN-57186386.wav,7.13,256000,LAIN.zip
LAIN,LAIN-57231671.wav,7.725056,500000,LAIN.zip
LAIN,LAIN-53039968.wav,3.862528,500000,LAIN.zip
LAIN,LAIN-57239637.wav,5.491712,500000,LAIN.zip
LAIN,LAIN-57186402.wav,4.978,256000,LAIN.zip
LAIN,LAIN-57221877.wav,4.43392,500000,LAIN.zip
LAIN,LAIN-57231922.wav,7.29088,500000,LAIN.zip
LAIN,LAIN-57237923.wav,6.253568,500000,LAIN.zip
LAIN,LAIN-57186514.wav,7.772,256000,LAIN.zip
LAIN,LAIN-56514558.wav,4.786,256000,LAIN.zip
LAIN,LAIN-57227508.wav,5.5808,500000,LAIN.zip
LAIN,LAIN-57226083.wav,3.51232,500000,LAIN.zip
LAIN,LAIN-57225401.wav,8.072192,500000,LAIN.zip
LAIN,LAIN-57225312.wav,3.012608,500000,LAIN.zip
LAIN,LAIN-57186299.wav,6.248,256000,LAIN.zip
LAIN,LAIN-57230853.wav,8.051712,500000,LAIN.zip
LAIN,LAIN-57232017.wav,3.712,500000,LAIN.zip
LAIN,LAIN-57225237.wav,6.905856,500000,LAIN.zip
LAIN,LAIN-57226669.wav,5.248,500000,LAIN.zip
LAIN,LAIN-57232094.wav,4.021248,500000,LAIN.zip
LAIN,LAIN-57240020.wav,5.850112,500000,LAIN.zip
LAIN,LAIN-57225256.wav,4.381696,500000,LAIN.zip
LAIN,LAIN-57186375.wav,6.964,256000,LAIN.zip
LAIN,LAIN-57223239.wav,7.968768,500000,LAIN.zip
LAIN,LAIN-57231253.wav,6.407168,500000,LAIN.zip
LAIN,LAIN-57205838.wav,5.405696,500000,LAIN.zip
LAIN,LAIN-57222182.wav,4.139008,500000,LAIN.zip
LAIN,LAIN-57223052.wav,3.62496,500000,LAIN.zip
LAIN,LAIN-57221970.wav,6.441984,500000,LAIN.zip
LAIN,LAIN-56509708.wav,4.974,256000,LAIN.zip
LAIN,LAIN-57223330.wav,6.605824,500000,LAIN.zip
LAIN,LAIN-57240009.wav,6.222848,500000,LAIN.zip
LAIN,LAIN-57218884.wav,5.553152,500000,LAIN.zip
LAIN,LAIN-57239956.wav,3.557376,500000,LAIN.zip
LAIN,LAIN-57186384.wav,6.602,256000,LAIN.zip
LAIN,LAIN-53040075.wav,4.56704,500000,LAIN.zip
LAIN,LAIN-57186538.wav,4.318,256000,LAIN.zip
LAIN,LAIN-53039952.wav,5.10464,500000,LAIN.zip
LAIN,LAIN-57240012.wav,3.675136,500000,LAIN.zip
LAIN,LAIN-57218747.wav,5.44256,500000,LAIN.zip
LAIN,LAIN-57239851.wav,3.012608,500000,LAIN.zip
LAIN,LAIN-57186453.wav,8.0,256000,LAIN.zip
LAIN,LAIN-57239012.wav,5.331968,500000,LAIN.zip
LAIN,LAIN-56516682.wav,5.282816,500000,LAIN.zip
LAIN,LAIN-56510432.wav,4.71,256000,LAIN.zip
LAIN,LAIN-57223057.wav,7.973888,500000,LAIN.zip
LAIN,LAIN-53039951.wav,3.094528,500000,LAIN.zip
LAIN,LAIN-56514966.wav,6.978,256000,LAIN.zip
LAIN,LAIN-61457139.wav,3.48,256000,LAIN.zip
LAIN,LAIN-57230795.wav,7.575552,500000,LAIN.zip
LAIN,LAIN-57186466.wav,8.0,256000,LAIN.zip
LAIN,LAIN-57186530.wav,7.962,256000,LAIN.zip
LAIN,LAIN-57222006.wav,3.888128,500000,LAIN.zip
LAIN,LAIN-57239762.wav,4.048896,500000,LAIN.zip
LAIN,LAIN-57226953.wav,7.267328,500000,LAIN.zip
LAIN,LAIN-57186475.wav,5.2,256000,LAIN.zip
LAIN,LAIN-61456930.wav,7.248,256000,LAIN.zip
LAIN,LAIN-56510985.wav,7.284,256000,LAIN.zip
LAIN,LAIN-56516321.wav,5.5808,500000,LAIN.zip
LAIN,LAIN-57239905.wav,6.38464,500000,LAIN.zip
LAIN,LAIN-61457227.wav,4.124,256000,LAIN.zip
LAIN,LAIN-57186345.wav,6.088,256000,LAIN.zip
LAIN,LAIN-56515355.wav,7.958528,500000,LAIN.zip
LAIN,LAIN-57186492.wav,5.668,256000,LAIN.zip
LAIN,LAIN-57225278.wav,3.007488,500000,LAIN.zip
LAIN,LAIN-56514511.wav,4.576,256000,LAIN.zip
LAIN,LAIN-57186401.wav,3.72,256000,LAIN.zip
LAIN,LAIN-57230830.wav,4.0704,500000,LAIN.zip
LAIN,LAIN-57186574.wav,4.366,256000,LAIN.zip
LAIN,LAIN-57186455.wav,7.226,256000,LAIN.zip
LAIN,LAIN-57231853.wav,5.328896,500000,LAIN.zip
LAIN,LAIN-57219005.wav,5.516288,500000,LAIN.zip
LAIN,LAIN-57237979.wav,6.694912,500000,LAIN.zip
LAIN,LAIN-61457525.wav,5.314,256000,LAIN.zip
LAIN,LAIN-57186358.wav,5.894,256000,LAIN.zip
LAIN,LAIN-57232034.wav,4.483072,500000,LAIN.zip
LAIN,LAIN-61457454.wav,3.932,256000,LAIN.zip
LAIN,LAIN-57222419.wav,5.193728,500000,LAIN.zip
LAIN,LAIN-57239545.wav,7.625728,500000,LAIN.zip
LAIN,LAIN-57186445.wav,4.276,256000,LAIN.zip
LAIN,LAIN-57218929.wav,6.852608,500000,LAIN.zip
LAIN,LAIN-57223302.wav,3.712,500000,LAIN.zip
LAIN,LAIN-61457450.wav,8.0,256000,LAIN.zip
LAIN,LAIN-57239951.wav,7.416832,500000,LAIN.zip
LAIN,LAIN-61457489.wav,8.0,256000,LAIN.zip
LAIN,LAIN-57227154.wav,4.271104,500000,LAIN.zip
LAIN,LAIN-57239857.wav,4.037632,500000,LAIN.zip
LAIN,LAIN-56511149.wav,3.552,256000,LAIN.zip
LAIN,LAIN-57218950.wav,4.206592,500000,LAIN.zip
LAIN,LAIN-57218966.wav,3.81952,500000,LAIN.zip
LAIN,LAIN-63043642.wav,5.383,256000,LAIN.zip
LAIN,LAIN-57186554.wav,7.322,256000,LAIN.zip
LAIN,LAIN-57186551.wav,5.718,256000,LAIN.zip
LAIN,LAIN-57228259.wav,5.940224,500000,LAIN.zip
LAIN,LAIN-57232009.wav,5.495808,500000,LAIN.zip
LAIN,LAIN-57230855.wav,7.861248,500000,LAIN.zip
LAIN,LAIN-53039975.wav,7.800832,500000,LAIN.zip
LAIN,LAIN-57230849.wav,3.933184,500000,LAIN.zip
LAIN,LAIN-56509728.wav,5.634,256000,LAIN.zip
LAIN,LAIN-57239827.wav,5.40672,500000,LAIN.zip
LAIN,LAIN-57225158.wav,4.743168,500000,LAIN.zip
LAIN,LAIN-53039990.wav,4.228096,500000,LAIN.zip
LAIN,LAIN-74480137.wav,6.072,256000,LAIN.zip
LAIN,LAIN-57240031.wav,3.009536,500000,LAIN.zip
LAIN,LAIN-57222681.wav,7.775232,500000,LAIN.zip
LAIN,LAIN-57219010.wav,5.482496,500000,LAIN.zip
LAIN,LAIN-57186553.wav,6.978,256000,LAIN.zip
LAIN,LAIN-57239989.wav,7.482368,500000,LAIN.zip
LAIN,LAIN-57240096.wav,3.012608,500000,LAIN.zip
LAIN,LAIN-57186468.wav,8.0,256000,LAIN.zip
LAIN,LAIN-57186369.wav,6.71,256000,LAIN.zip
LAIN,LAIN-57186596.wav,3.564,256000,LAIN.zip
LAIN,LAIN-61457243.wav,7.046,256000,LAIN.zip
LAIN,LAIN-61457455.wav,4.94,256000,LAIN.zip
LAIN,LAIN-56514554.wav,5.124,256000,LAIN.zip
LAIN,LAIN-74447772.wav,6.594,256000,LAIN.zip
LAIN,LAIN-57231919.wav,7.212032,500000,LAIN.zip
LAIN,LAIN-57186372.wav,6.148,256000,LAIN.zip
LAIN,LAIN-57239721.wav,3.111936,500000,LAIN.zip
LAIN,LAIN-61457017.wav,6.628,256000,LAIN.zip
LAIN,LAIN-57186486.wav,6.73,256000,LAIN.zip
LAIN,LAIN-57218737.wav,7.04,500000,LAIN.zip
LAIN,LAIN-57225034.wav,3.915776,500000,LAIN.zip
LAIN,LAIN-57239755.wav,6.198272,500000,LAIN.zip
LAIN,LAIN-57240126.wav,5.855232,500000,LAIN.zip
LAIN,LAIN-57186442.wav,3.368,256000,LAIN.zip
LAIN,LAIN-57222684.wav,3.00544,500000,LAIN.zip
LAIN,LAIN-61457272.wav,8.0,256000,LAIN.zip
LAIN,LAIN-57228042.wav,3.69152,500000,LAIN.zip
LAIN,LAIN-57221922.wav,4.182016,500000,LAIN.zip
LAIN,LAIN-57226925.wav,4.303872,500000,LAIN.zip
LAIN,LAIN-57186482.wav,5.368,256000,LAIN.zip
LAIN,LAIN-57225776.wav,3.463168,500000,LAIN.zip
LAIN,LAIN-57186426.wav,5.778,256000,LAIN.zip
LAIN,LAIN-57240122.wav,3.006464,500000,LAIN.zip
LAIN,LAIN-62886786.wav,6.411,256000,LAIN.zip
LAIN,LAIN-57238609.wav,5.840896,500000,LAIN.zip
LAIN,LAIN-57225259.wav,6.024192,500000,LAIN.zip
LAIN,LAIN-56515141.wav,5.060608,500000,LAIN.zip
LAIN,LAIN-57237986.wav,6.904832,500000,LAIN.zip
LAIN,LAIN-61457062.wav,5.708,256000,LAIN.zip
LAIN,LAIN-57227881.wav,3.68128,500000,LAIN.zip
LAIN,LAIN-57186549.wav,6.604,256000,LAIN.zip
LAIN,LAIN-57226932.wav,6.57408,500000,LAIN.zip
LAIN,LAIN-57237963.wav,7.713792,500000,LAIN.zip
LAIN,LAIN-56514564.wav,6.996,256000,LAIN.zip
LAIN,LAIN-57238635.wav,3.00544,500000,LAIN.zip
LAIN,LAIN-57221924.wav,3.007488,500000,LAIN.zip
LAIN,LAIN-57186410.wav,6.61,256000,LAIN.zip
LAIN,LAIN-57239736.wav,5.945344,500000,LAIN.zip
LAIN,LAIN-57186408.wav,5.362,256000,LAIN.zip
LAIN,LAIN-57231884.wav,3.622912,500000,LAIN.zip
LAIN,LAIN-57238629.wav,6.393856,500000,LAIN.zip
LAIN,LAIN-57186326.wav,5.188,256000,LAIN.zip
LAIN,LAIN-57186484.wav,6.586,256000,LAIN.zip
LAIN,LAIN-57228102.wav,6.33344,500000,LAIN.zip
LAIN,LAIN-61457064.wav,6.038,256000,LAIN.zip
LAIN,LAIN-57186393.wav,3.456,256000,LAIN.zip
LAIN,LAIN-57222911.wav,5.43232,500000,LAIN.zip
LAIN,LAIN-57240149.wav,3.546112,500000,LAIN.zip
LAIN,LAIN-57232012.wav,3.750912,500000,LAIN.zip
LAIN,LAIN-57231974.wav,6.066176,500000,LAIN.zip
LAIN,LAIN-56515438.wav,4.465664,500000,LAIN.zip
LAIN,LAIN-57186491.wav,4.63,256000,LAIN.zip
LAIN,LAIN-57218946.wav,7.911424,500000,LAIN.zip
LAIN,LAIN-57223249.wav,5.510144,500000,LAIN.zip
LAIN,LAIN-57240025.wav,3.156992,500000,LAIN.zip
LAIN,LAIN-63044898.wav,6.583,256000,LAIN.zip
LAIN,LAIN-57231872.wav,5.1456,500000,LAIN.zip
LAIN,LAIN-57225084.wav,7.677952,500000,LAIN.zip
LAIN,LAIN-57231938.wav,8.010752,500000,LAIN.zip
LAIN,LAIN-61457471.wav,5.564,256000,LAIN.zip
LAIN,LAIN-57240206.wav,6.136832,500000,LAIN.zip
LAIN,LAIN-57186310.wav,5.334,256000,LAIN.zip
LAIN,LAIN-57186330.wav,6.768,256000,LAIN.zip
LAIN,LAIN-57225583.wav,3.708928,500000,LAIN.zip
LAIN,LAIN-57186460.wav,8.0,256000,LAIN.zip
LAIN,LAIN-57230859.wav,6.742016,500000,LAIN.zip
LAIN,LAIN-57231846.wav,5.499904,500000,LAIN.zip
LAIN,LAIN-57186534.wav,6.888,256000,LAIN.zip
LAIN,LAIN-57239815.wav,6.505472,500000,LAIN.zip
LAIN,LAIN-57218919.wav,5.810176,500000,LAIN.zip
LAIN,LAIN-57186332.wav,6.462,256000,LAIN.zip
LAIN,LAIN-57186470.wav,7.826,256000,LAIN.zip
LAIN,LAIN-57226658.wav,7.448576,500000,LAIN.zip
LAIN,LAIN-57227972.wav,5.839872,500000,LAIN.zip
LAIN,LAIN-57186481.wav,4.364,256000,LAIN.zip
LAIN,LAIN-57223184.wav,5.204992,500000,LAIN.zip
LAIN,LAIN-57239648.wav,5.479424,500000,LAIN.zip
LAIN,LAIN-57239964.wav,5.148672,500000,LAIN.zip
LAIN,LAIN-57205827.wav,5.783552,500000,LAIN.zip
LAIN,LAIN-56514677.wav,8.054,256000,LAIN.zip
LAIN,LAIN-57239377.wav,4.415488,500000,LAIN.zip
LAIN,LAIN-57186337.wav,5.388,256000,LAIN.zip
LAIN,LAIN-57186477.wav,6.058,256000,LAIN.zip
LAIN,LAIN-57186550.wav,3.436,256000,LAIN.zip
LAIN,LAIN-57186557.wav,3.714,256000,LAIN.zip
LAIN,LAIN-57205784.wav,3.009536,500000,LAIN.zip
LAIN,LAIN-57239677.wav,7.380992,500000,LAIN.zip
LAIN,LAIN-61457480.wav,5.142,256000,LAIN.zip
LAIN,LAIN-57239535.wav,4.585472,500000,LAIN.zip
LAIN,LAIN-57225608.wav,7.231488,500000,LAIN.zip
LAIN,LAIN-57186478.wav,7.272,256000,LAIN.zip
LAIN,LAIN-57186353.wav,4.048,256000,LAIN.zip
LAIN,LAIN-57186497.wav,6.818,256000,LAIN.zip
LAIN,LAIN-57218736.wav,6.068224,500000,LAIN.zip
LAIN,LAIN-57186317.wav,6.72,256000,LAIN.zip
LAIN,LAIN-74857549.wav,5.814,256000,LAIN.zip
LAIN,LAIN-57240112.wav,5.682176,500000,LAIN.zip
LAIN,LAIN-57237988.wav,5.950464,500000,LAIN.zip
LAIN,LAIN-56514543.wav,5.23,256000,LAIN.zip
LAIN,LAIN-57237919.wav,3.524608,500000,LAIN.zip
LAIN,LAIN-57218933.wav,7.463936,500000,LAIN.zip
LAIN,LAIN-57239499.wav,6.777856,500000,LAIN.zip
LAIN,LAIN-57186287.wav,8.0,256000,LAIN.zip
LAIN,LAIN-56514535.wav,4.15,256000,LAIN.zip
LAIN,LAIN-57225080.wav,4.317184,500000,LAIN.zip
LAIN,LAIN-57186561.wav,7.536,256000,LAIN.zip
LAIN,LAIN-61456938.wav,4.87,256000,LAIN.zip
LAIN,LAIN-53039954.wav,5.741568,500000,LAIN.zip
LAIN,LAIN-57186473.wav,5.192,256000,LAIN.zip
LAIN,LAIN-61457375.wav,8.0,256000,LAIN.zip
LAIN,LAIN-57186572.wav,8.0,256000,LAIN.zip
LAIN,LAIN-56514559.wav,7.516,256000,LAIN.zip
LAIN,LAIN-57228447.wav,6.109184,500000,LAIN.zip
LAIN,LAIN-57218962.wav,6.370304,500000,LAIN.zip
LAIN,LAIN-57218923.wav,5.472256,500000,LAIN.zip
LAIN,LAIN-57239494.wav,6.667264,500000,LAIN.zip
LAIN,LAIN-57225057.wav,4.827136,500000,LAIN.zip
LAIN,LAIN-57227483.wav,7.542784,500000,LAIN.zip
LAIN,LAIN-57240216.wav,7.146496,500000,LAIN.zip
LAIN,LAIN-57205938.wav,3.014656,500000,LAIN.zip
LAIN,LAIN-57226750.wav,3.01056,500000,LAIN.zip
LANO,LANO-54299646.wav,6.0,384000,LANO.zip
LANO,LANO-73587075.wav,5.0,256000,LANO.zip
LANO,LANO-29286976.wav,5.0,192000,LANO.zip
LANO,LANO-73594852.wav,5.0,256000,LANO.zip
LANO,LANO-28473108.wav,5.0,192000,LANO.zip
LANO,LANO-28422489.wav,4.998976,500000,LANO.zip
LANO,LANO-2578962.wav,4.998976,500000,LANO.zip
LANO,LANO-55386110.wav,4.998976,500000,LANO.zip
LANO,LANO-57257013.wav,7.514,256000,LANO.zip
LANO,LANO-33446984.wav,7.966,256000,LANO.zip
LANO,LANO-64897937.wav,5.0,500000,LANO.zip
LANO,LANO-31612068.wav,4.99992,500000,LANO.zip
LANO,LANO-29867725.wav,4.998666666666667,192000,LANO.zip
LANO,LANO-29767119.wav,5.0,192000,LANO.zip
LANO,LANO-27202884.wav,2.998976,500000,LANO.zip
LANO,LANO-31543066.wav,4.998976,500000,LANO.zip
LANO,LANO-13757803.wav,4.998976,500000,LANO.zip
LANO,LANO-29286964.wav,5.0,192000,LANO.zip
LANO,LANO-29958915.wav,5.0,256000,LANO.zip
LANO,LANO-31637045.wav,4.99992,500000,LANO.zip
LANO,LANO-28683354.wav,5.0,192000,LANO.zip
LANO,LANO-28528891.wav,5.0,192000,LANO.zip
LANO,LANO-26713715.wav,6.0,384000,LANO.zip
LANO,LANO-55389283.wav,4.998976,500000,LANO.zip
LANO,LANO-29744948.wav,5.0,192000,LANO.zip
LANO,LANO-30501316.wav,2.998976,500000,LANO.zip
LANO,LANO-73600325.wav,5.0,256000,LANO.zip
LANO,LANO-27090177.wav,2.998976,500000,LANO.zip
LANO,LANO-57092453.wav,4.998976,500000,LANO.zip
LANO,LANO-57367124.wav,2.998976,500000,LANO.zip
LANO,LANO-57174291.wav,2.998976,500000,LANO.zip
LANO,LANO-2876936.wav,5.0,256000,LANO.zip
LANO,LANO-73564732.wav,2.948,256000,LANO.zip
LANO,LANO-36262703.wav,4.99968,300000,LANO.zip
LANO,LANO-2035219.wav,4.999,256000,LANO.zip
LANO,LANO-29841294.wav,4.648,192000,LANO.zip
LANO,LANO-26675955.wav,6.678,256000,LANO.zip
LANO,LANO-57092877.wav,4.998976,500000,LANO.zip
LANO,LANO-55351812.wav,6.0,384000,LANO.zip
LANO,LANO-29294102.wav,5.004,192000,LANO.zip
LANO,LANO-29774711.wav,5.004,192000,LANO.zip
LANO,LANO-53854863.wav,4.998976,500000,LANO.zip
LANO,LANO-28322017.wav,5.0,192000,LANO.zip
LANO,LANO-29769562.wav,5.0,192000,LANO.zip
LANO,LANO-31632942.wav,4.99992,500000,LANO.zip
LANO,LANO-57092538.wav,4.998976,500000,LANO.zip
LANO,LANO-31637024.wav,4.99992,500000,LANO.zip
LANO,LANO-33609065.wav,4.982,256000,LANO.zip
LANO,LANO-36263063.wav,4.99968,300000,LANO.zip
LANO,LANO-29294235.wav,5.0,192000,LANO.zip
LANO,LANO-29951429.wav,2.666,256000,LANO.zip
LANO,LANO-64876842.wav,5.0,500000,LANO.zip
LANO,LANO-64889840.wav,5.0,500000,LANO.zip
LANO,LANO-73586925.wav,5.0,256000,LANO.zip
LANO,LANO-36263133.wav,4.99968,300000,LANO.zip
LANO,LANO-28526792.wav,5.0,192000,LANO.zip
LANO,LANO-28336618.wav,6.0,384000,LANO.zip
LANO,LANO-28456095.wav,5.0,192000,LANO.zip
LANO,LANO-1939433.wav,4.999022,500000,LANO.zip
LANO,LANO-73642561.wav,2.908,256000,LANO.zip
LANO,LANO-3811604.wav,3.553,256000,LANO.zip
LANO,LANO-57173292.wav,4.998976,500000,LANO.zip
LANO,LANO-55408041.wav,5.0,256000,LANO.zip
LANO,LANO-28487437.wav,5.0,192000,LANO.zip
LANO,LANO-28506563.wav,5.0,192000,LANO.zip
LANO,LANO-28469203.wav,5.0,192000,LANO.zip
LANO,LANO-28421540.wav,4.998976,500000,LANO.zip
LANO,LANO-29381108.wav,4.998976,500000,LANO.zip
LANO,LANO-28508974.wav,5.0,192000,LANO.zip
LANO,LANO-3053665.wav,4.999022,500000,LANO.zip
LANO,LANO-73614168.wav,2.3466666666666667,192000,LANO.zip
LANO,LANO-57057809.wav,4.999,256000,LANO.zip
LANO,LANO-28520751.wav,5.0,192000,LANO.zip
LANO,LANO-32995773.wav,2.998976,500000,LANO.zip
LANO,LANO-1999563.wav,6.0,384000,LANO.zip
LANO,LANO-57059033.wav,4.999,256000,LANO.zip
LANO,LANO-33430825.wav,6.948,256000,LANO.zip
LANO,LANO-33485335.wav,2.998976,500000,LANO.zip
LANO,LANO-29858806.wav,4.998666666666667,192000,LANO.zip
LANO,LANO-2029365.wav,5.234,256000,LANO.zip
LANO,LANO-57269183.wav,2.012,256000,LANO.zip
LANO,LANO-32060745.wav,6.0,384000,LANO.zip
LANO,LANO-73555092.wav,5.0,256000,LANO.zip
LANO,LANO-29877220.wav,5.004,192000,LANO.zip
LANO,LANO-145240.wav,4.998976,500000,LANO.zip
LANO,LANO-31849672.wav,4.99992,500000,LANO.zip
LANO,LANO-63090545.wav,6.0,384000,LANO.zip
LANO,LANO-73644373.wav,5.0,256000,LANO.zip
LANO,LANO-29840391.wav,4.558666666666666,192000,LANO.zip
LANO,LANO-28297686.wav,5.0,192000,LANO.zip
LANO,LANO-28848560.wav,7.554,256000,LANO.zip
LANO,LANO-28493922.wav,5.0,192000,LANO.zip
LANO,LANO-27202862.wav,2.998976,500000,LANO.zip
LANO,LANO-28493116.wav,5.0,192000,LANO.zip
LANO,LANO-53864123.wav,4.998976,500000,LANO.zip
LANO,LANO-106644.wav,4.998976,500000,LANO.zip
LANO,LANO-1351147.wav,4.99837,300000,LANO.zip
LANO,LANO-53877221.wav,4.998976,500000,LANO.zip
LANO,LANO-2619005.wav,4.999022,500000,LANO.zip
LANO,LANO-28459390.wav,5.0,192000,LANO.zip
LANO,LANO-13613.wav,6.0,384000,LANO.zip
LANO,LANO-55475847.wav,4.998976,500000,LANO.zip
LANO,LANO-2404699.wav,4.998976,500000,LANO.zip
LANO,LANO-28465897.wav,5.0,192000,LANO.zip
LANO,LANO-64872985.wav,5.0,500000,LANO.zip
LANO,LANO-74443486.wav,6.0,384000,LANO.zip
LANO,LANO-73564660.wav,5.0,256000,LANO.zip
LANO,LANO-64896991.wav,3.0,500000,LANO.zip
LANO,LANO-29289664.wav,5.0,192000,LANO.zip
LANO,LANO-2870939.wav,2.999022,500000,LANO.zip
LANO,LANO-73551857.wav,5.0,256000,LANO.zip
LANO,LANO-57337800.wav,4.774,256000,LANO.zip
LANO,LANO-55408039.wav,5.0,256000,LANO.zip
LANO,LANO-3946789.wav,6.0,384000,LANO.zip
LANO,LANO-31622835.wav,4.99992,500000,LANO.zip
LANO,LANO-57174666.wav,4.998976,500000,LANO.zip
LANO,LANO-29855964.wav,4.998666666666667,192000,LANO.zip
LANO,LANO-28312296.wav,5.0,192000,LANO.zip
LANO,LANO-97013.wav,6.63,256000,LANO.zip
LANO,LANO-31709341.wav,4.99992,500000,LANO.zip
LANO,LANO-3058207.wav,2.999022,500000,LANO.zip
LANO,LANO-58050438.wav,5.0,500000,LANO.zip
LANO,LANO-29316894.wav,4.870666666666667,192000,LANO.zip
LANO,LANO-30502555.wav,6.0,384000,LANO.zip
LANO,LANO-73525774.wav,5.0,256000,LANO.zip
LANO,LANO-57363913.wav,2.998976,500000,LANO.zip
LANO,LANO-36263243.wav,4.99968,300000,LANO.zip
LANO,LANO-29861888.wav,5.0,192000,LANO.zip
LANO,LANO-29638417.wav,5.0,192000,LANO.zip
LANO,LANO-27217970.wav,2.998976,500000,LANO.zip
LANO,LANO-28623281.wav,6.0,384000,LANO.zip
LANO,LANO-30501315.wav,2.998976,500000,LANO.zip
LANO,LANO-28508973.wav,5.0,192000,LANO.zip
LANO,LANO-28341600.wav,6.0,384000,LANO.zip
LANO,LANO-36263003.wav,4.99968,300000,LANO.zip
LANO,LANO-28492200.wav,5.0,192000,LANO.zip
LANO,LANO-28978791.wav,4.998976,500000,LANO.zip
LANO,LANO-2261746.wav,4.999333333333333,384000,LANO.zip
LANO,LANO-73587228.wav,5.0,256000,LANO.zip
LANO,LANO-73600324.wav,5.0,256000,LANO.zip
LANO,LANO-28475596.wav,5.0,192000,LANO.zip
LANO,LANO-31609522.wav,4.99992,500000,LANO.zip
LANO,LANO-56655988.wav,2.995292,500000,LANO.zip
LANO,LANO-212545.wav,4.998976,500000,LANO.zip
LANO,LANO-64879969.wav,5.0,500000,LANO.zip
LANO,LANO-56685539.wav,4.995292,500000,LANO.zip
LANO,LANO-53786413.wav,4.998976,500000,LANO.zip
LANO,LANO-60352032.wav,6.0,384000,LANO.zip
LANO,LANO-55408062.wav,5.0,256000,LANO.zip
LANO,LANO-73594441.wav,4.202,256000,LANO.zip
LANO,LANO-56588081.wav,4.282,256000,LANO.zip
LANO,LANO-2880637.wav,4.246,256000,LANO.zip
LANO,LANO-36262612.wav,4.99968,300000,LANO.zip
LANO,LANO-73564718.wav,3.83,256000,LANO.zip
LANO,LANO-53786194.wav,4.998976,500000,LANO.zip
LANO,LANO-31624295.wav,4.99992,500000,LANO.zip
LANO,LANO-28475563.wav,5.0,192000,LANO.zip
LANO,LANO-27145879.wav,2.998976,500000,LANO.zip
LANO,LANO-29298966.wav,5.004,192000,LANO.zip
LANO,LANO-4120676.wav,4.998976,500000,LANO.zip
LANO,LANO-28511004.wav,5.0,192000,LANO.zip
LANO,LANO-2879901.wav,5.0,256000,LANO.zip
LANO,LANO-31679106.wav,4.99992,500000,LANO.zip
LANO,LANO-3806761.wav,4.999,256000,LANO.zip
LANO,LANO-58054143.wav,6.0,384000,LANO.zip
LANO,LANO-28280229.wav,5.004,192000,LANO.zip
LANO,LANO-33844912.wav,6.0,384000,LANO.zip
LANO,LANO-73591173.wav,5.0,256000,LANO.zip
LANO,LANO-55408045.wav,5.0,256000,LANO.zip
LANO,LANO-28512003.wav,5.0,192000,LANO.zip
LANO,LANO-29340082.wav,5.0,192000,LANO.zip
LANO,LANO-29295743.wav,5.0,192000,LANO.zip
LANO,LANO-28478806.wav,5.0,192000,LANO.zip
LANO,LANO-29012187.wav,4.998976,500000,LANO.zip
LANO,LANO-64889240.wav,5.0,500000,LANO.zip
LANO,LANO-211239.wav,4.998976,500000,LANO.zip
LANO,LANO-29303034.wav,5.004,192000,LANO.zip
LANO,LANO-29932181.wav,4.448,256000,LANO.zip
LANO,LANO-73597389.wav,5.0,256000,LANO.zip
LANO,LANO-28445048.wav,5.0,192000,LANO.zip
LANO,LANO-73597418.wav,5.0,256000,LANO.zip
LANO,LANO-29951102.wav,5.0,256000,LANO.zip
LANO,LANO-2935253.wav,4.995072,500000,LANO.zip
LANO,LANO-55384831.wav,4.998976,500000,LANO.zip
LANO,LANO-73552553.wav,5.0,256000,LANO.zip
LANO,LANO-2264177.wav,4.999333333333333,384000,LANO.zip
LANO,LANO-12632759.wav,4.998976,500000,LANO.zip
LANO,LANO-54312118.wav,6.0,384000,LANO.zip
LANO,LANO-57092484.wav,4.998976,500000,LANO.zip
LANO,LANO-55389212.wav,4.998976,500000,LANO.zip
LANO,LANO-57370505.wav,2.998976,500000,LANO.zip
LANO,LANO-29853210.wav,5.0,192000,LANO.zip
LANO,LANO-58042272.wav,7.634666666666667,384000,LANO.zip
LANO,LANO-29864299.wav,5.0,192000,LANO.zip
LANO,LANO-64867741.wav,5.0,500000,LANO.zip
LANO,LANO-56655733.wav,4.995292,500000,LANO.zip
LANO,LANO-1999761.wav,6.0,384000,LANO.zip
LANO,LANO-54138739.wav,4.998976,500000,LANO.zip
LANO,LANO-29834290.wav,5.0,192000,LANO.zip
LANO,LANO-64879970.wav,5.0,500000,LANO.zip
LANO,LANO-29743263.wav,5.0,192000,LANO.zip
LANO,LANO-28491657.wav,5.0,192000,LANO.zip
LANO,LANO-29742605.wav,4.998666666666667,192000,LANO.zip
LANO,LANO-27090182.wav,2.998976,500000,LANO.zip
LANO,LANO-73545821.wav,5.0,256000,LANO.zip
LANO,LANO-2404872.wav,4.998976,500000,LANO.zip
LANO,LANO-73555156.wav,5.0,256000,LANO.zip
LANO,LANO-73597351.wav,5.0,256000,LANO.zip
LANO,LANO-57255606.wav,3.226,256000,LANO.zip
LANO,LANO-28506849.wav,5.0,192000,LANO.zip
LANO,LANO-62492958.wav,6.592,256000,LANO.zip
LANO,LANO-28994400.wav,4.998666666666667,192000,LANO.zip
LANO,LANO-28456052.wav,5.0,192000,LANO.zip
LANO,LANO-28526342.wav,5.0,192000,LANO.zip
LANO,LANO-31633013.wav,4.99992,500000,LANO.zip
LANO,LANO-26688612.wav,8.076,192000,LANO.zip
LANO,LANO-29719178.wav,4.998666666666667,192000,LANO.zip
LANO,LANO-29823792.wav,5.004,192000,LANO.zip
LANO,LANO-28342807.wav,6.0,384000,LANO.zip
LANO,LANO-2405307.wav,4.998976,500000,LANO.zip
LANO,LANO-31709355.wav,4.99992,500000,LANO.zip
LANO,LANO-31850142.wav,4.99992,500000,LANO.zip
LANO,LANO-56511724.wav,7.026,256000,LANO.zip
LANO,LANO-1354952.wav,4.99837,300000,LANO.zip
LANO,LANO-28453397.wav,5.0,192000,LANO.zip
LANO,LANO-30450888.wav,2.998976,500000,LANO.zip
LANO,LANO-28413079.wav,4.998976,500000,LANO.zip
LANO,LANO-28316620.wav,4.998666666666667,192000,LANO.zip
LANO,LANO-73542429.wav,5.0,256000,LANO.zip
LANO,LANO-33844878.wav,6.0,384000,LANO.zip
LANO,LANO-64869450.wav,5.0,500000,LANO.zip
LANO,LANO-29728148.wav,5.004,192000,LANO.zip
LANO,LANO-64879971.wav,5.0,500000,LANO.zip
LANO,LANO-56655734.wav,4.995292,500000,LANO.zip
LANO,LANO-33492545.wav,4.998976,500000,LANO.zip
LANO,LANO-29728756.wav,5.004,192000,LANO.zip
LANO,LANO-2880077.wav,5.0,256000,LANO.zip
LANO,LANO-29787281.wav,4.626666666666667,192000,LANO.zip
LANO,LANO-31857160.wav,4.99992,500000,LANO.zip
LANO,LANO-26700691.wav,6.016,320000,LANO.zip
LANO,LANO-29763804.wav,3.576,192000,LANO.zip
LANO,LANO-2042101.wav,4.999,256000,LANO.zip
LANO,LANO-29792576.wav,5.0,192000,LANO.zip
LANO,LANO-2619013.wav,4.999022,500000,LANO.zip
LANO,LANO-29831773.wav,4.394666666666667,192000,LANO.zip
LANO,LANO-29951855.wav,6.016,256000,LANO.zip
LANO,LANO-73614060.wav,5.004,192000,LANO.zip
LANO,LANO-28535825.wav,6.0,384000,LANO.zip
LANO,LANO-57257031.wav,6.63,256000,LANO.zip
LANO,LANO-29735907.wav,4.998666666666667,192000,LANO.zip
LANO,LANO-35100995.wav,5.147,256000,LANO.zip
LANO,LANO-33493254.wav,2.998976,500000,LANO.zip
LANO,LANO-53645888.wav,2.344,256000,LANO.zip
LANO,LANO-28518235.wav,5.0,192000,LANO.zip
LANO,LANO-3036740.wav,4.999022,500000,LANO.zip
LANO,LANO-56509722.wav,3.006,256000,LANO.zip
LANO,LANO-73582948.wav,5.0,256000,LANO.zip
LANO,LANO-31611649.wav,4.99992,500000,LANO.zip
LANO,LANO-29839704.wav,5.004,192000,LANO.zip
LANO,LANO-144550.wav,4.998976,500000,LANO.zip
LANO,LANO-28498432.wav,5.0,192000,LANO.zip
LANO,LANO-60292353.wav,5.0,500000,LANO.zip
LANO,LANO-60292691.wav,5.0,500000,LANO.zip
LANO,LANO-53786495.wav,4.999022,500000,LANO.zip
LANO,LANO-25991287.wav,4.998976,500000,LANO.zip
LANO,LANO-29763365.wav,4.209333333333333,192000,LANO.zip
LANO,LANO-28442751.wav,4.998666666666667,192000,LANO.zip
LANO,LANO-29768775.wav,5.0,192000,LANO.zip
LANO,LANO-57056986.wav,4.71,256000,LANO.zip
LANO,LANO-28479403.wav,5.0,192000,LANO.zip
LANO,LANO-28472854.wav,5.0,192000,LANO.zip
LANO,LANO-28421443.wav,4.998976,500000,LANO.zip
LANO,LANO-26688735.wav,7.552,192000,LANO.zip
LANO,LANO-261194.wav,6.868,256000,LANO.zip
LANO,LANO-30521091.wav,4.998976,500000,LANO.zip
LANO,LANO-73561509.wav,5.0,256000,LANO.zip
LANO,LANO-53645972.wav,5.0,256000,LANO.zip
LANO,LANO-73555830.wav,5.0,256000,LANO.zip
LANO,LANO-57173994.wav,2.998976,500000,LANO.zip
LANO,LANO-53784605.wav,4.998976,500000,LANO.zip
LANO,LANO-64866274.wav,5.0,300000,LANO.zip
LANO,LANO-28464614.wav,5.0,192000,LANO.zip
LANO,LANO-2405282.wav,4.998976,500000,LANO.zip
LANO,LANO-2040306.wav,4.999,256000,LANO.zip
LANO,LANO-28461195.wav,5.0,192000,LANO.zip
LANO,LANO-28523953.wav,5.0,192000,LANO.zip
LANO,LANO-33493194.wav,4.998976,500000,LANO.zip
LANO,LANO-28487581.wav,5.0,192000,LANO.zip
LANO,LANO-57363968.wav,2.998976,500000,LANO.zip
LANO,LANO-820795.wav,2.998976,500000,LANO.zip
LANO,LANO-28478610.wav,5.0,192000,LANO.zip
LANO,LANO-60111367.wav,3.0,500000,LANO.zip
LANO,LANO-53869213.wav,4.998976,500000,LANO.zip
LANO,LANO-64896989.wav,3.0,500000,LANO.zip
LANO,LANO-36263285.wav,4.99968,300000,LANO.zip
LANO,LANO-57367458.wav,2.998976,500000,LANO.zip
LANO,LANO-73560710.wav,5.0,256000,LANO.zip
LANO,LANO-29963385.wav,2.862,256000,LANO.zip
LANO,LANO-28480928.wav,5.0,192000,LANO.zip
LANO,LANO-36263192.wav,4.99968,300000,LANO.zip
LANO,LANO-30586550.wav,4.998976,500000,LANO.zip
LANO,LANO-55408044.wav,5.0,256000,LANO.zip
LANO,LANO-2882756.wav,4.068,256000,LANO.zip
LANO,LANO-28981305.wav,4.998666666666667,192000,LANO.zip
LANO,LANO-2901854.wav,4.995072,500000,LANO.zip
LANO,LANO-31609518.wav,4.99992,500000,LANO.zip
LANO,LANO-55350163.wav,6.0,384000,LANO.zip
LANO,LANO-36262702.wav,4.99968,300000,LANO.zip
LANO,LANO-56509734.wav,8.0,256000,LANO.zip
LANO,LANO-29719349.wav,5.004,192000,LANO.zip
LANO,LANO-28598144.wav,5.0,192000,LANO.zip
LANO,LANO-28416055.wav,6.0,384000,LANO.zip
LANO,LANO-73612685.wav,4.383,256000,LANO.zip
LANO,LANO-31861714.wav,4.99992,500000,LANO.zip
LANO,LANO-57363972.wav,2.998976,500000,LANO.zip
LANO,LANO-31625752.wav,4.99992,500000,LANO.zip
LANO,LANO-29301254.wav,5.004,192000,LANO.zip
LANO,LANO-56655960.wav,2.995292,500000,LANO.zip
LANO,LANO-31869999.wav,4.99992,500000,LANO.zip
LANO,LANO-73525981.wav,5.0,256000,LANO.zip
LANO,LANO-28319252.wav,3.664,192000,LANO.zip
LANO,LANO-29296787.wav,5.004,192000,LANO.zip
LANO,LANO-73610223.wav,4.906,256000,LANO.zip
LANO,LANO-30492133.wav,6.0,384000,LANO.zip
LANO,LANO-73637751.wav,5.0,256000,LANO.zip
LANO,LANO-28993233.wav,5.004,192000,LANO.zip
LANO,LANO-29787877.wav,5.0,192000,LANO.zip
LANO,LANO-56603902.wav,6.572,256000,LANO.zip
LANO,LANO-28469892.wav,5.0,192000,LANO.zip
LANO,LANO-28993399.wav,5.004,192000,LANO.zip
LANO,LANO-29825400.wav,5.0,192000,LANO.zip
LANO,LANO-29208429.wav,4.998976,500000,LANO.zip
LANO,LANO-29736176.wav,4.998666666666667,192000,LANO.zip
LANO,LANO-2033147.wav,4.999,256000,LANO.zip
LANO,LANO-29833986.wav,4.998666666666667,192000,LANO.zip
LANO,LANO-56651679.wav,6.0,384000,LANO.zip
LANO,LANO-28297661.wav,5.0,192000,LANO.zip
LANO,LANO-53786175.wav,4.998976,500000,LANO.zip
LANO,LANO-2807743.wav,4.999022,500000,LANO.zip
LANO,LANO-58054142.wav,6.0,384000,LANO.zip
LANO,LANO-29283916.wav,5.0,192000,LANO.zip
LANO,LANO-29732350.wav,5.0,192000,LANO.zip
LANO,LANO-57367418.wav,2.998976,500000,LANO.zip
LANO,LANO-73600333.wav,5.0,256000,LANO.zip
LANO,LANO-2879728.wav,4.408,256000,LANO.zip
LANO,LANO-73600878.wav,2.266,256000,LANO.zip
LANO,LANO-29784230.wav,4.014666666666667,192000,LANO.zip
LANO,LANO-3052939.wav,4.999022,500000,LANO.zip
LANO,LANO-1939432.wav,4.999022,500000,LANO.zip
LANO,LANO-55347997.wav,6.0,384000,LANO.zip
LANO,LANO-29279696.wav,4.998976,500000,LANO.zip
LANO,LANO-28491349.wav,5.0,192000,LANO.zip
LANO,LANO-28474950.wav,5.0,192000,LANO.zip
LANO,LANO-32905761.wav,6.764,256000,LANO.zip
LANO,LANO-28466311.wav,5.0,192000,LANO.zip
LANO,LANO-29957508.wav,5.0,256000,LANO.zip
LANO,LANO-2072839.wav,4.998976,500000,LANO.zip
LANO,LANO-2846196.wav,2.999022,500000,LANO.zip
LANO,LANO-57346663.wav,4.998976,500000,LANO.zip
LANO,LANO-57097692.wav,4.998976,500000,LANO.zip
LANO,LANO-33493135.wav,4.998976,500000,LANO.zip
LANO,LANO-3031200.wav,4.999022,500000,LANO.zip
LANO,LANO-402340.wav,2.998976,500000,LANO.zip
LANO,LANO-29855767.wav,4.998666666666667,192000,LANO.zip
LANO,LANO-28520887.wav,5.0,192000,LANO.zip
LANO,LANO-73609793.wav,5.0,256000,LANO.zip
LANO,LANO-28524312.wav,5.0,192000,LANO.zip
LANO,LANO-56641382.wav,3.326,256000,LANO.zip
LANO,LANO-28483614.wav,5.0,192000,LANO.zip
LANO,LANO-183172.wav,4.998976,500000,LANO.zip
LANO,LANO-33593295.wav,6.859,256000,LANO.zip
LANO,LANO-33493208.wav,2.998976,500000,LANO.zip
LANO,LANO-2796805.wav,5.0,256000,LANO.zip
LANO,LANO-13108860.wav,4.998976,500000,LANO.zip
LANO,LANO-28585764.wav,6.0,384000,LANO.zip
LANO,LANO-29732836.wav,5.0,192000,LANO.zip
LANO,LANO-2151379.wav,6.0,384000,LANO.zip
LANO,LANO-64872140.wav,5.0,500000,LANO.zip
LANO,LANO-2882655.wav,7.951,256000,LANO.zip
LANO,LANO-29732897.wav,3.8693333333333335,192000,LANO.zip
LANO,LANO-2858035.wav,4.999022,500000,LANO.zip
LANO,LANO-3047363.wav,2.999022,500000,LANO.zip
LANO,LANO-55389281.wav,4.998976,500000,LANO.zip
LANO,LANO-29727855.wav,5.004,192000,LANO.zip
LANO,LANO-63113976.wav,4.998976,500000,LANO.zip
LANO,LANO-29737618.wav,5.0,192000,LANO.zip
LANO,LANO-54139337.wav,4.998976,500000,LANO.zip
LANO,LANO-73628952.wav,5.0,256000,LANO.zip
LANO,LANO-36262701.wav,4.99968,300000,LANO.zip
LANO,LANO-1309482.wav,4.998976,500000,LANO.zip
LANO,LANO-29319883.wav,5.004,192000,LANO.zip
LANO,LANO-53645880.wav,1.622,256000,LANO.zip
LANO,LANO-57097691.wav,4.998976,500000,LANO.zip
LANO,LANO-31849259.wav,4.99992,500000,LANO.zip
LANO,LANO-54312630.wav,6.0,384000,LANO.zip
LANO,LANO-64894238.wav,5.0,500000,LANO.zip
LANO,LANO-56653067.wav,6.0,384000,LANO.zip
LANO,LANO-54306916.wav,5.496,384000,LANO.zip
LANO,LANO-57172579.wav,2.998976,500000,LANO.zip
LANO,LANO-53842853.wav,4.998976,500000,LANO.zip
LANO,LANO-28528449.wav,5.0,192000,LANO.zip
LANO,LANO-73630602.wav,4.364,256000,LANO.zip
LANO,LANO-56660338.wav,4.995292,500000,LANO.zip
LANO,LANO-26714425.wav,6.0,384000,LANO.zip
LANO,LANO-73514840.wav,5.0,256000,LANO.zip
LANO,LANO-28268379.wav,5.0,192000,LANO.zip
LANO,LANO-73613524.wav,5.004,192000,LANO.zip
LANO,LANO-3047898.wav,4.999022,500000,LANO.zip
LANO,LANO-63089887.wav,6.0,384000,LANO.zip
LANO,LANO-54323373.wav,6.0,384000,LANO.zip
LANO,LANO-28520585.wav,5.0,192000,LANO.zip
LANO,LANO-53786489.wav,4.999022,500000,LANO.zip
LANO,LANO-12631710.wav,4.998976,500000,LANO.zip
LANO,LANO-73610027.wav,5.0,256000,LANO.zip
LANO,LANO-73590136.wav,5.0,256000,LANO.zip
LANO,LANO-73556555.wav,2.428,256000,LANO.zip
LANO,LANO-55408063.wav,5.0,256000,LANO.zip
LANO,LANO-1558335.wav,7.492,256000,LANO.zip
LANO,LANO-32884694.wav,7.362,256000,LANO.zip
LANO,LANO-29364037.wav,4.998976,500000,LANO.zip
LANO,LANO-57176630.wav,2.998976,500000,LANO.zip
LANO,LANO-29012445.wav,4.998976,500000,LANO.zip
LANO,LANO-29833393.wav,4.7785520833333335,192000,LANO.zip
LANO,LANO-29855073.wav,5.0,192000,LANO.zip
LANO,LANO-1520200.wav,4.99837,300000,LANO.zip
LANO,LANO-33566993.wav,4.998976,500000,LANO.zip
LANO,LANO-1922300.wav,3.729,256000,LANO.zip
LANO,LANO-56694722.wav,2.54,256000,LANO.zip
LANO,LANO-28466106.wav,5.0,192000,LANO.zip
LANO,LANO-55386319.wav,4.998976,500000,LANO.zip
LANO,LANO-57364075.wav,2.998976,500000,LANO.zip
LANO,LANO-28508820.wav,5.0,192000,LANO.zip
LANO,LANO-73600332.wav,5.0,256000,LANO.zip
LANO,LANO-1986132.wav,6.0,384000,LANO.zip
LANO,LANO-36262563.wav,4.99968,300000,LANO.zip
LANO,LANO-36263107.wav,4.99968,300000,LANO.zip
LANO,LANO-57264543.wav,7.068,256000,LANO.zip
LANO,LANO-31630305.wav,4.99992,500000,LANO.zip
LANO,LANO-29342337.wav,5.0,192000,LANO.zip
LANO,LANO-64876843.wav,5.0,500000,LANO.zip
LANO,LANO-28491132.wav,5.0,192000,LANO.zip
LANO,LANO-73514692.wav,3.14,256000,LANO.zip
LANO,LANO-54319817.wav,6.0,384000,LANO.zip
LANO,LANO-73541310.wav,4.04,256000,LANO.zip
LANO,LANO-29766195.wav,5.0,192000,LANO.zip
LANO,LANO-73546041.wav,5.0,256000,LANO.zip
LANO,LANO-32037743.wav,6.0,384000,LANO.zip
LANO,LANO-53786591.wav,4.999022,500000,LANO.zip
LANO,LANO-63113963.wav,4.998976,500000,LANO.zip
LANO,LANO-57173244.wav,4.998976,500000,LANO.zip
LANO,LANO-29865707.wav,4.998666666666667,192000,LANO.zip
LANO,LANO-57257016.wav,8.084,256000,LANO.zip
LANO,LANO-29221226.wav,4.998976,500000,LANO.zip
LANO,LANO-29295526.wav,3.688,192000,LANO.zip
LANO,LANO-73591174.wav,5.0,256000,LANO.zip
LANO,LANO-57366309.wav,2.998976,500000,LANO.zip
LANO,LANO-29747242.wav,4.998666666666667,192000,LANO.zip
LANO,LANO-33844608.wav,6.0,384000,LANO.zip
LANO,LANO-29873164.wav,5.004,192000,LANO.zip
LANO,LANO-73588228.wav,4.999,256000,LANO.zip
LANO,LANO-28478596.wav,3.6746666666666665,192000,LANO.zip
LANO,LANO-58055280.wav,6.0,384000,LANO.zip
LANO,LANO-29787272.wav,5.0,192000,LANO.zip
LANO,LANO-26688505.wav,8.028,192000,LANO.zip
LANO,LANO-73564589.wav,5.0,256000,LANO.zip
LANO,LANO-28484656.wav,5.0,192000,LANO.zip
LANO,LANO-28477207.wav,5.0,192000,LANO.zip
LANO,LANO-3031728.wav,4.999022,500000,LANO.zip
LANO,LANO-402044.wav,2.998976,500000,LANO.zip
LANO,LANO-55408061.wav,3.032,256000,LANO.zip
LANO,LANO-144663.wav,4.998976,500000,LANO.zip
LANO,LANO-53645896.wav,1.72,256000,LANO.zip
LANO,LANO-29381110.wav,4.998976,500000,LANO.zip
LANO,LANO-1511508.wav,4.998976,500000,LANO.zip
LANO,LANO-53645885.wav,2.168,256000,LANO.zip
LANO,LANO-29841414.wav,5.004,192000,LANO.zip
LANO,LANO-64957534.wav,5.0,500000,LANO.zip
LANO,LANO-28472790.wav,5.0,192000,LANO.zip
LANO,LANO-73541384.wav,5.0,256000,LANO.zip
LANO,LANO-60111365.wav,3.0,500000,LANO.zip
LANO,LANO-31849677.wav,4.99992,500000,LANO.zip
LANO,LANO-73541314.wav,5.0,256000,LANO.zip
LANO,LANO-64889841.wav,5.0,500000,LANO.zip
LANO,LANO-29283908.wav,5.0,192000,LANO.zip
LANO,LANO-73551723.wav,5.0,256000,LANO.zip
LANO,LANO-1987921.wav,6.0,384000,LANO.zip
LANO,LANO-28495710.wav,5.0,192000,LANO.zip
LANO,LANO-28414710.wav,4.998976,500000,LANO.zip
LANO,LANO-31637027.wav,4.99992,500000,LANO.zip
LANO,LANO-28528399.wav,5.0,192000,LANO.zip
LANO,LANO-228259.wav,4.998976,500000,LANO.zip
LANO,LANO-73597350.wav,5.0,256000,LANO.zip
LANO,LANO-64861142.wav,5.0,500000,LANO.zip
LANO,LANO-58048853.wav,5.0,500000,LANO.zip
LANO,LANO-73556764.wav,5.0,256000,LANO.zip
LANO,LANO-53645955.wav,3.702,256000,LANO.zip
LANO,LANO-64895389.wav,5.0,500000,LANO.zip
LANO,LANO-57370486.wav,2.998976,500000,LANO.zip
LANO,LANO-29149156.wav,4.998976,500000,LANO.zip
LANO,LANO-33592758.wav,6.422,256000,LANO.zip
LANO,LANO-28421461.wav,4.998976,500000,LANO.zip
LANO,LANO-32875367.wav,4.998976,500000,LANO.zip
LANO,LANO-32995774.wav,2.998976,500000,LANO.zip
LANO,LANO-64891050.wav,5.0,500000,LANO.zip
LANO,LANO-29382606.wav,4.998976,500000,LANO.zip
LANO,LANO-28479362.wav,5.0,192000,LANO.zip
LANO,LANO-29296958.wav,5.004,192000,LANO.zip
LANO,LANO-31849662.wav,4.99992,500000,LANO.zip
LANO,LANO-73591274.wav,5.0,256000,LANO.zip
LANO,LANO-3021691.wav,4.999022,500000,LANO.zip
LANO,LANO-211232.wav,4.998976,500000,LANO.zip
LANO,LANO-36262562.wav,4.99968,300000,LANO.zip
LANO,LANO-28483540.wav,5.0,192000,LANO.zip
LANO,LANO-3063273.wav,4.999022,500000,LANO.zip
LANO,LANO-29283900.wav,5.0,192000,LANO.zip
LANO,LANO-56655863.wav,2.995292,500000,LANO.zip
LANO,LANO-64869447.wav,5.0,500000,LANO.zip
LANO,LANO-54306904.wav,6.0,384000,LANO.zip
LANO,LANO-1984454.wav,6.0,384000,LANO.zip
LANO,LANO-29769530.wav,5.0,192000,LANO.zip
LANO,LANO-57098672.wav,4.998976,500000,LANO.zip
LANO,LANO-73630463.wav,5.0,256000,LANO.zip
LANO,LANO-73628954.wav,5.0,256000,LANO.zip
LANO,LANO-30387095.wav,2.998976,500000,LANO.zip
LANO,LANO-73637731.wav,5.0,256000,LANO.zip
LANO,LANO-64957356.wav,5.0,500000,LANO.zip
LANO,LANO-55475852.wav,2.998976,500000,LANO.zip
LANO,LANO-53854128.wav,4.998976,500000,LANO.zip
LANO,LANO-2870597.wav,2.999022,500000,LANO.zip
LANO,LANO-55389278.wav,4.998976,500000,LANO.zip
LANO,LANO-26695467.wav,3.9936,320000,LANO.zip
LANO,LANO-73535231.wav,5.004,192000,LANO.zip
LANO,LANO-29614108.wav,5.0,192000,LANO.zip
LANO,LANO-33493187.wav,4.998976,500000,LANO.zip
LANO,LANO-28524355.wav,5.0,192000,LANO.zip
LANO,LANO-73615247.wav,5.0,256000,LANO.zip
LANO,LANO-73614181.wav,3.2253333333333334,192000,LANO.zip
LANO,LANO-31657101.wav,4.99992,500000,LANO.zip
LANO,LANO-30450901.wav,2.998976,500000,LANO.zip
LANO,LANO-55475879.wav,4.998976,500000,LANO.zip
LANO,LANO-27090188.wav,2.998976,500000,LANO.zip
LANO,LANO-28520705.wav,5.0,192000,LANO.zip
LANO,LANO-31849655.wav,4.99992,500000,LANO.zip
LANO,LANO-73564693.wav,5.0,256000,LANO.zip
LANO,LANO-32058656.wav,6.0,384000,LANO.zip
LANO,LANO-28490234.wav,5.0,192000,LANO.zip
LANO,LANO-1999558.wav,6.0,384000,LANO.zip
LANO,LANO-2033161.wav,4.999,256000,LANO.zip
LANO,LANO-28469205.wav,5.0,192000,LANO.zip
LANO,LANO-28284629.wav,5.004,192000,LANO.zip
LANO,LANO-28447377.wav,5.0,192000,LANO.zip
LANO,LANO-73580070.wav,5.004,192000,LANO.zip
LANO,LANO-28472906.wav,5.0,192000,LANO.zip
LANO,LANO-64867740.wav,5.0,500000,LANO.zip
LANO,LANO-2155107.wav,6.0,384000,LANO.zip
LANO,LANO-64957549.wav,5.0,500000,LANO.zip
LANO,LANO-1365272.wav,4.999022,500000,LANO.zip
LANO,LANO-53786298.wav,4.998976,500000,LANO.zip
LANO,LANO-28596535.wav,5.0,192000,LANO.zip
LANO,LANO-29367855.wav,4.998976,500000,LANO.zip
LANO,LANO-57058004.wav,3.11,256000,LANO.zip
LANO,LANO-29864857.wav,5.0,192000,LANO.zip
LANO,LANO-28516005.wav,5.0,192000,LANO.zip
LANO,LANO-57098731.wav,4.998976,500000,LANO.zip
LANO,LANO-57335262.wav,4.95,256000,LANO.zip
LANO,LANO-63116353.wav,4.998976,500000,LANO.zip
LANO,LANO-73555952.wav,3.468,256000,LANO.zip
LANO,LANO-57364121.wav,2.998976,500000,LANO.zip
LANO,LANO-2639435.wav,4.998976,500000,LANO.zip
LANO,LANO-36263364.wav,4.99968,300000,LANO.zip
LANO,LANO-55475780.wav,2.998976,500000,LANO.zip
LANO,LANO-56607051.wav,2.006,256000,LANO.zip
LANO,LANO-28527352.wav,5.0,192000,LANO.zip
LANO,LANO-53645962.wav,5.0,256000,LANO.zip
LANO,LANO-63086684.wav,6.0,384000,LANO.zip
LANO,LANO-31611658.wav,4.99992,500000,LANO.zip
LANO,LANO-27149705.wav,2.998976,500000,LANO.zip
LANO,LANO-28526802.wav,5.0,192000,LANO.zip
LANO,LANO-33493274.wav,4.998976,500000,LANO.zip
LANO,LANO-28472129.wav,5.0,192000,LANO.zip
LANO,LANO-2880675.wav,5.0,256000,LANO.zip
LANO,LANO-35541030.wav,6.0,256000,LANO.zip
LANO,LANO-73587419.wav,4.875,256000,LANO.zip
LANO,LANO-28526302.wav,5.0,192000,LANO.zip
LANO,LANO-28338012.wav,6.0,384000,LANO.zip
LANO,LANO-53853821.wav,4.998976,500000,LANO.zip
LANO,LANO-28355933.wav,6.610666666666667,384000,LANO.zip
LANO,LANO-2810291.wav,4.999022,500000,LANO.zip
LANO,LANO-1351146.wav,4.99837,300000,LANO.zip
LANO,LANO-29302968.wav,5.004,192000,LANO.zip
LANO,LANO-29279948.wav,4.998976,500000,LANO.zip
LANO,LANO-56652035.wav,6.0,384000,LANO.zip
LANO,LANO-29833336.wav,5.0,192000,LANO.zip
LANO,LANO-33212555.wav,6.31,256000,LANO.zip
LANO,LANO-64892534.wav,5.0,500000,LANO.zip
LANO,LANO-29329173.wav,5.0,192000,LANO.zip
LANO,LANO-35541054.wav,6.0,256000,LANO.zip
LANO,LANO-33597924.wav,4.354,256000,LANO.zip
LANO,LANO-53786984.wav,4.998976,500000,LANO.zip
LANO,LANO-64887506.wav,5.0,500000,LANO.zip
LANO,LANO-31542653.wav,4.998976,500000,LANO.zip
LANO,LANO-60111604.wav,3.0,500000,LANO.zip
LANO,LANO-29284638.wav,5.0,192000,LANO.zip
LANO,LANO-29796439.wav,5.0,192000,LANO.zip
LANO,LANO-57057888.wav,4.999,256000,LANO.zip
LANO,LANO-55404479.wav,4.876,256000,LANO.zip
LANO,LANO-57370397.wav,2.998976,500000,LANO.zip
LANO,LANO-25991288.wav,4.998976,500000,LANO.zip
LANO,LANO-56684118.wav,4.995292,500000,LANO.zip
LANO,LANO-3044112.wav,4.999022,500000,LANO.zip
LANO,LANO-2808544.wav,4.999022,500000,LANO.zip
LANO,LANO-28981664.wav,5.0,192000,LANO.zip
LANO,LANO-57098697.wav,4.998976,500000,LANO.zip
LANO,LANO-58049308.wav,5.0,500000,LANO.zip
LANO,LANO-73587074.wav,5.0,256000,LANO.zip
LANO,LANO-2262871.wav,4.999333333333333,384000,LANO.zip
LANO,LANO-28297442.wav,4.998666666666667,192000,LANO.zip
LANO,LANO-56652929.wav,6.0,384000,LANO.zip
LANO,LANO-28442198.wav,4.998666666666667,192000,LANO.zip
LANO,LANO-35540889.wav,6.0,256000,LANO.zip
LANO,LANO-1999559.wav,6.0,384000,LANO.zip
LANO,LANO-36263350.wav,4.99968,300000,LANO.zip
LANO,LANO-53842779.wav,4.998976,500000,LANO.zip
LANO,LANO-145217.wav,4.998976,500000,LANO.zip
LANO,LANO-29283726.wav,3.6506666666666665,192000,LANO.zip
LANO,LANO-57176581.wav,4.998976,500000,LANO.zip
LANO,LANO-35540926.wav,6.0,256000,LANO.zip
LANO,LANO-53645898.wav,1.008,256000,LANO.zip
LANO,LANO-57098210.wav,4.998976,500000,LANO.zip
LANO,LANO-32058657.wav,6.0,384000,LANO.zip
LANO,LANO-28527075.wav,5.0,192000,LANO.zip
LANO,LANO-28338739.wav,6.0,384000,LANO.zip
LANO,LANO-73525956.wav,5.0,256000,LANO.zip
LANO,LANO-64892532.wav,5.0,500000,LANO.zip
LANO,LANO-56661640.wav,2.995292,500000,LANO.zip
LANO,LANO-57060526.wav,2.819,256000,LANO.zip
LANO,LANO-29744949.wav,5.0,192000,LANO.zip
LANO,LANO-2036439.wav,4.412,256000,LANO.zip
LANO,LANO-54323269.wav,6.0,384000,LANO.zip
LANO,LANO-29216177.wav,4.998976,500000,LANO.zip
LANO,LANO-2885351.wav,4.995072,500000,LANO.zip
LANO,LANO-2809944.wav,4.999022,500000,LANO.zip
LANO,LANO-28525208.wav,5.0,192000,LANO.zip
LANO,LANO-56660344.wav,4.995292,500000,LANO.zip
LANO,LANO-33846549.wav,6.0,384000,LANO.zip
LANO,LANO-31622228.wav,4.99992,500000,LANO.zip
LANO,LANO-62492913.wav,5.814,256000,LANO.zip
LANO,LANO-73555831.wav,2.96,256000,LANO.zip
LANO,LANO-34094550.wav,4.998976,500000,LANO.zip
LANO,LANO-2817101.wav,4.999022,500000,LANO.zip
LANO,LANO-28465844.wav,5.0,192000,LANO.zip
LANO,LANO-31631019.wav,4.99992,500000,LANO.zip
LANO,LANO-73521249.wav,5.004,192000,LANO.zip
LANO,LANO-28469204.wav,5.0,192000,LANO.zip
LANO,LANO-29371970.wav,4.998976,500000,LANO.zip
LANO,LANO-28444864.wav,5.0,192000,LANO.zip
LANO,LANO-28410189.wav,4.998976,500000,LANO.zip
LANO,LANO-31659577.wav,4.99992,500000,LANO.zip
LANO,LANO-26687187.wav,6.944,192000,LANO.zip
LANO,LANO-73597423.wav,4.376,256000,LANO.zip
LANO,LANO-2920426.wav,4.995072,500000,LANO.zip
LANO,LANO-28986204.wav,4.998666666666667,192000,LANO.zip
LANO,LANO-3044441.wav,4.999022,500000,LANO.zip
LANO,LANO-28983025.wav,4.998976,500000,LANO.zip
LANO,LANO-31638502.wav,4.99992,500000,LANO.zip
LANO,LANO-73596794.wav,3.636,192000,LANO.zip
LANO,LANO-196269.wav,7.52,256000,LANO.zip
LANO,LANO-53868013.wav,4.998976,500000,LANO.zip
LANO,LANO-31853968.wav,4.99992,500000,LANO.zip
LANO,LANO-28453013.wav,5.0,192000,LANO.zip
LANO,LANO-1323664.wav,4.999022,500000,LANO.zip
LANO,LANO-60293122.wav,3.0,500000,LANO.zip
LANO,LANO-1515922.wav,4.99837,300000,LANO.zip
LANO,LANO-31666509.wav,4.99992,500000,LANO.zip
LANO,LANO-29856952.wav,4.998666666666667,192000,LANO.zip
LANO,LANO-36263389.wav,4.99968,300000,LANO.zip
LANO,LANO-57092858.wav,4.998976,500000,LANO.zip
LANO,LANO-28479320.wav,3.6373333333333338,192000,LANO.zip
LANO,LANO-29340281.wav,5.0,192000,LANO.zip
LANO,LANO-32876900.wav,7.734,256000,LANO.zip
LANO,LANO-28468013.wav,5.0,192000,LANO.zip
LANO,LANO-54299644.wav,6.0,384000,LANO.zip
LANO,LANO-29732912.wav,5.0,192000,LANO.zip
LANO,LANO-29371975.wav,4.998976,500000,LANO.zip
LANO,LANO-56652137.wav,6.0,384000,LANO.zip
LANO,LANO-60353802.wav,6.0,384000,LANO.zip
LANO,LANO-57097757.wav,4.998976,500000,LANO.zip
LANO,LANO-28475738.wav,4.506666666666667,192000,LANO.zip
LANO,LANO-26714154.wav,6.0,384000,LANO.zip
LANO,LANO-31634390.wav,4.99992,500000,LANO.zip
LANO,LANO-57364123.wav,2.998976,500000,LANO.zip
LANO,LANO-27149687.wav,2.998976,500000,LANO.zip
LANO,LANO-2069704.wav,4.998976,500000,LANO.zip
LANO,LANO-57360800.wav,2.998976,500000,LANO.zip
LANO,LANO-28457082.wav,5.0,192000,LANO.zip
LANO,LANO-28480512.wav,4.152,192000,LANO.zip
LANO,LANO-73630833.wav,5.0,256000,LANO.zip
LANO,LANO-29613755.wav,5.0,192000,LANO.zip
LANO,LANO-64894240.wav,5.0,500000,LANO.zip
LANO,LANO-1323142.wav,4.999022,500000,LANO.zip
LANO,LANO-2031358.wav,4.999,256000,LANO.zip
LANO,LANO-2876522.wav,5.0,256000,LANO.zip
LANO,LANO-29638391.wav,5.0,192000,LANO.zip
LANO,LANO-31663466.wav,4.99992,500000,LANO.zip
LANO,LANO-29732933.wav,5.0,192000,LANO.zip
LANO,LANO-2807738.wav,4.999022,500000,LANO.zip
LANO,LANO-73641813.wav,4.999,256000,LANO.zip
LANO,LANO-73612714.wav,4.999,256000,LANO.zip
LANO,LANO-73614238.wav,4.442666666666667,192000,LANO.zip
LANO,LANO-28526667.wav,5.0,192000,LANO.zip
LANO,LANO-64893048.wav,5.0,500000,LANO.zip
LANO,LANO-57378838.wav,4.72,256000,LANO.zip
LANO,LANO-73615172.wav,5.0,256000,LANO.zip
LANO,LANO-28445318.wav,5.0,192000,LANO.zip
LANO,LANO-29763016.wav,5.004,192000,LANO.zip
LANO,LANO-27149688.wav,2.998976,500000,LANO.zip
LANO,LANO-402028.wav,2.998976,500000,LANO.zip
LANO,LANO-31625297.wav,4.99992,500000,LANO.zip
LANO,LANO-64862061.wav,5.0,500000,LANO.zip
LANO,LANO-56660704.wav,2.995292,500000,LANO.zip
LANO,LANO-64957554.wav,5.0,500000,LANO.zip
LANO,LANO-54323385.wav,6.0,384000,LANO.zip
LANO,LANO-2903985.wav,4.995072,500000,LANO.zip
LANO,LANO-29840167.wav,5.004,192000,LANO.zip
LANO,LANO-28513425.wav,5.0,192000,LANO.zip
LANO,LANO-28499659.wav,5.0,192000,LANO.zip
LANO,LANO-28457264.wav,5.0,192000,LANO.zip
LANO,LANO-29296134.wav,4.458666666666667,192000,LANO.zip
LANO,LANO-2836099.wav,4.999022,500000,LANO.zip
LANO,LANO-27149712.wav,2.998976,500000,LANO.zip
LANO,LANO-2870610.wav,2.999022,500000,LANO.zip
LANO,LANO-28267944.wav,5.004,192000,LANO.zip
LANO,LANO-58029826.wav,7.776,256000,LANO.zip
LANO,LANO-2807748.wav,4.999022,500000,LANO.zip
LANO,LANO-73597417.wav,5.0,256000,LANO.zip
LANO,LANO-56584714.wav,6.082,256000,LANO.zip
LANO,LANO-3807770.wav,4.999,256000,LANO.zip
LANO,LANO-32899934.wav,5.69,256000,LANO.zip
LANO,LANO-32875339.wav,4.998976,500000,LANO.zip
LANO,LANO-12686.wav,6.0,384000,LANO.zip
LANO,LANO-60292430.wav,5.0,500000,LANO.zip
LANO,LANO-28467929.wav,5.0,192000,LANO.zip
LANO,LANO-2040303.wav,4.999,256000,LANO.zip
LANO,LANO-55403447.wav,7.594,256000,LANO.zip
LANO,LANO-1309489.wav,4.998976,500000,LANO.zip
LANO,LANO-57174299.wav,2.998976,500000,LANO.zip
LANO,LANO-73550537.wav,7.602,256000,LANO.zip
LANO,LANO-31850139.wav,4.99992,500000,LANO.zip
LANO,LANO-29218080.wav,4.998976,500000,LANO.zip
LANO,LANO-28490458.wav,5.0,192000,LANO.zip
LANO,LANO-73582915.wav,5.0,256000,LANO.zip
LANO,LANO-29841765.wav,3.9,192000,LANO.zip
LANO,LANO-31608508.wav,4.99992,500000,LANO.zip
LANO,LANO-31632949.wav,4.99992,500000,LANO.zip
LANO,LANO-401984.wav,2.998976,500000,LANO.zip
LANO,LANO-29284875.wav,5.0,192000,LANO.zip
LANO,LANO-27090184.wav,2.998976,500000,LANO.zip
LANO,LANO-28468665.wav,5.0,192000,LANO.zip
LANO,LANO-28599986.wav,6.0,384000,LANO.zip
LANO,LANO-57173238.wav,4.998976,500000,LANO.zip
LANO,LANO-28994399.wav,4.998666666666667,192000,LANO.zip
LANO,LANO-5679909.wav,6.016,320000,LANO.zip
LANO,LANO-2942066.wav,4.995072,500000,LANO.zip
LANO,LANO-54323382.wav,6.0,384000,LANO.zip
LANO,LANO-2045112.wav,4.999,256000,LANO.zip
LANO,LANO-29736193.wav,4.158666666666667,192000,LANO.zip
LANO,LANO-57367486.wav,2.998976,500000,LANO.zip
LANO,LANO-73594602.wav,3.402,256000,LANO.zip
LANO,LANO-2908044.wav,4.995072,500000,LANO.zip
LANO,LANO-2624748.wav,4.998976,500000,LANO.zip
LANO,LANO-3061792.wav,2.999022,500000,LANO.zip
LANO,LANO-57358145.wav,0.998976,500000,LANO.zip
LANO,LANO-31543332.wav,4.998976,500000,LANO.zip
LANO,LANO-29221186.wav,4.998976,500000,LANO.zip
LANO,LANO-29732878.wav,5.0,192000,LANO.zip
LANO,LANO-26676752.wav,5.765,256000,LANO.zip
LANO,LANO-73638138.wav,5.0,256000,LANO.zip
LANO,LANO-29732863.wav,5.0,192000,LANO.zip
LANO,LANO-64876503.wav,5.0,500000,LANO.zip
LANO,LANO-55478672.wav,4.998976,500000,LANO.zip
LANO,LANO-28506897.wav,5.0,192000,LANO.zip
LANO,LANO-2916948.wav,4.995072,500000,LANO.zip
LANO,LANO-28492232.wav,5.0,192000,LANO.zip
LANO,LANO-55476547.wav,4.998976,500000,LANO.zip
LANO,LANO-2880682.wav,5.0,256000,LANO.zip
LANO,LANO-60353549.wav,6.0,384000,LANO.zip
LANO,LANO-1357944.wav,4.999022,500000,LANO.zip
LANO,LANO-2070233.wav,4.998976,500000,LANO.zip
LANO,LANO-30450904.wav,2.998976,500000,LANO.zip
LANO,LANO-28459389.wav,5.0,192000,LANO.zip
LANO,LANO-63085775.wav,6.0,384000,LANO.zip
LANO,LANO-28499733.wav,5.0,192000,LANO.zip
LANO,LANO-28526646.wav,5.0,192000,LANO.zip
LANO,LANO-73644018.wav,5.0,256000,LANO.zip
LANO,LANO-2932334.wav,4.995072,500000,LANO.zip
LANO,LANO-53787656.wav,4.998976,500000,LANO.zip
LANO,LANO-63085770.wav,6.0,384000,LANO.zip
LANO,LANO-29768880.wav,5.0,192000,LANO.zip
LANO,LANO-73621932.wav,5.0,256000,LANO.zip
LANO,LANO-73643146.wav,5.0,256000,LANO.zip
LANO,LANO-53645886.wav,1.232,256000,LANO.zip
LANO,LANO-183859.wav,6.854,256000,LANO.zip
LANO,LANO-28522943.wav,5.0,192000,LANO.zip
LANO,LANO-36263283.wav,4.99968,300000,LANO.zip
LANO,LANO-28276090.wav,4.561333333333334,192000,LANO.zip
LANO,LANO-35908126.wav,6.0,384000,LANO.zip
LANO,LANO-36263091.wav,4.99968,300000,LANO.zip
LANO,LANO-64879828.wav,5.0,500000,LANO.zip
LANO,LANO-28522092.wav,5.0,192000,LANO.zip
LANO,LANO-56685589.wav,2.995292,500000,LANO.zip
LANO,LANO-29769575.wav,5.0,192000,LANO.zip
LANO,LANO-32862807.wav,7.538,256000,LANO.zip
LANO,LANO-36262938.wav,4.99968,300000,LANO.zip
LANO,LANO-29363949.wav,4.998976,500000,LANO.zip
LANO,LANO-56651330.wav,6.0,384000,LANO.zip
LANO,LANO-29951098.wav,5.0,256000,LANO.zip
LANO,LANO-29960608.wav,5.0,256000,LANO.zip
LANO,LANO-28539477.wav,6.0,384000,LANO.zip
LANO,LANO-64888527.wav,5.0,500000,LANO.zip
LANO,LANO-28463865.wav,5.0,192000,LANO.zip
LANO,LANO-60111602.wav,3.0,500000,LANO.zip
LANO,LANO-2867526.wav,2.999022,500000,LANO.zip
LANO,LANO-64892533.wav,5.0,500000,LANO.zip
LANO,LANO-28466310.wav,5.0,192000,LANO.zip
LANO,LANO-29743840.wav,5.0,192000,LANO.zip
LANO,LANO-28339753.wav,6.0,384000,LANO.zip
LANO,LANO-55401294.wav,6.508,256000,LANO.zip
LANO,LANO-2939050.wav,4.995072,500000,LANO.zip
LANO,LANO-73647371.wav,3.924,256000,LANO.zip
LANO,LANO-28478595.wav,5.0,192000,LANO.zip
LANO,LANO-55476546.wav,4.998976,500000,LANO.zip
LANO,LANO-28475622.wav,5.0,192000,LANO.zip
LANO,LANO-53843048.wav,4.998976,500000,LANO.zip
LANO,LANO-31638957.wav,4.99992,500000,LANO.zip
LANO,LANO-2876992.wav,5.0,256000,LANO.zip
LANO,LANO-28357496.wav,4.998976,500000,LANO.zip
LANO,LANO-64895393.wav,5.0,500000,LANO.zip
LANO,LANO-55349262.wav,6.0,384000,LANO.zip
LANO,LANO-28490208.wav,5.0,192000,LANO.zip
LANO,LANO-73555026.wav,3.65,256000,LANO.zip
LANO,LANO-36263349.wav,4.99968,300000,LANO.zip
LANO,LANO-3046697.wav,4.999022,500000,LANO.zip
LANO,LANO-28507986.wav,4.736,192000,LANO.zip
LANO,LANO-32036781.wav,6.0,384000,LANO.zip
LANO,LANO-28512045.wav,5.0,192000,LANO.zip
LANO,LANO-58733723.wav,3.109,256000,LANO.zip
LANO,LANO-73585685.wav,4.492,256000,LANO.zip
LANO,LANO-2629589.wav,4.998976,500000,LANO.zip
LANO,LANO-28519572.wav,5.0,192000,LANO.zip
LANO,LANO-36263165.wav,4.99968,300000,LANO.zip
LANO,LANO-28479318.wav,5.0,192000,LANO.zip
LANO,LANO-64872139.wav,5.0,500000,LANO.zip
LANO,LANO-2799365.wav,5.0,256000,LANO.zip
LANO,LANO-14021.wav,6.0,384000,LANO.zip
LANO,LANO-29801208.wav,5.004,192000,LANO.zip
LANO,LANO-73591683.wav,5.0,256000,LANO.zip
LANO,LANO-54299643.wav,5.693333333333333,384000,LANO.zip
LANO,LANO-57059307.wav,4.999,256000,LANO.zip
LANO,LANO-36262999.wav,4.99968,300000,LANO.zip
LANO,LANO-27090176.wav,2.998976,500000,LANO.zip
LANO,LANO-28442187.wav,4.998666666666667,192000,LANO.zip
LANO,LANO-1951539.wav,4.999,256000,LANO.zip
LANO,LANO-2891162.wav,4.995072,500000,LANO.zip
LANO,LANO-53786513.wav,4.999022,500000,LANO.zip
LANO,LANO-64875882.wav,5.0,500000,LANO.zip
LANO,LANO-28517934.wav,5.0,192000,LANO.zip
LANO,LANO-73637732.wav,5.0,256000,LANO.zip
LANO,LANO-28449837.wav,5.0,192000,LANO.zip
LANO,LANO-29287925.wav,5.004,192000,LANO.zip
LANO,LANO-2879897.wav,5.0,256000,LANO.zip
LANO,LANO-1988036.wav,6.0,384000,LANO.zip
LANO,LANO-2800552.wav,5.0,256000,LANO.zip
LANO,LANO-57173955.wav,4.998976,500000,LANO.zip
LANO,LANO-56607187.wav,3.644,256000,LANO.zip
LANO,LANO-32030038.wav,2.998976,500000,LANO.zip
LANO,LANO-2156014.wav,6.0,384000,LANO.zip
LANO,LANO-2628890.wav,4.998976,500000,LANO.zip
LANO,LANO-29294236.wav,5.0,192000,LANO.zip
LANO,LANO-57092451.wav,4.998976,500000,LANO.zip
LANO,LANO-53864561.wav,4.998976,500000,LANO.zip
LANO,LANO-3043463.wav,4.999022,500000,LANO.zip
LANO,LANO-28469180.wav,5.0,192000,LANO.zip
LANO,LANO-63086206.wav,6.0,384000,LANO.zip
LANO,LANO-2624321.wav,4.998976,500000,LANO.zip
LANO,LANO-53843137.wav,4.998976,500000,LANO.zip
LANO,LANO-73565409.wav,5.004,192000,LANO.zip
LANO,LANO-57364050.wav,2.998976,500000,LANO.zip
LANO,LANO-73615181.wav,5.0,256000,LANO.zip
LANO,LANO-53864031.wav,4.998976,500000,LANO.zip
LANO,LANO-36263103.wav,4.99968,300000,LANO.zip
LANO,LANO-29852935.wav,5.0,192000,LANO.zip
LANO,LANO-2853441.wav,2.999022,500000,LANO.zip
LANO,LANO-2072843.wav,4.998976,500000,LANO.zip
LANO,LANO-73555216.wav,5.0,256000,LANO.zip
LANO,LANO-73614128.wav,3.18,192000,LANO.zip
LANO,LANO-3043696.wav,4.999022,500000,LANO.zip
LANO,LANO-36263407.wav,4.99968,300000,LANO.zip
LANO,LANO-55476527.wav,4.998976,500000,LANO.zip
LANO,LANO-54323783.wav,7.846,256000,LANO.zip
LANO,LANO-3939462.wav,6.0,384000,LANO.zip
LANO,LANO-31542647.wav,4.998976,500000,LANO.zip
LANO,LANO-29864853.wav,5.0,192000,LANO.zip
LANO,LANO-29786850.wav,5.0,192000,LANO.zip
LANO,LANO-73630788.wav,5.0,256000,LANO.zip
LANO,LANO-2031087.wav,4.999,256000,LANO.zip
LANO,LANO-74443843.wav,6.0,384000,LANO.zip
LANO,LANO-29295925.wav,5.0,192000,LANO.zip
LANO,LANO-32061308.wav,6.0,384000,LANO.zip
LANO,LANO-30501586.wav,2.998976,500000,LANO.zip
LANO,LANO-73614120.wav,5.004,192000,LANO.zip
LANO,LANO-53784837.wav,4.998976,500000,LANO.zip
LANO,LANO-2882762.wav,5.025,256000,LANO.zip
LANO,LANO-64895831.wav,5.0,500000,LANO.zip
LANO,LANO-1359135.wav,4.99837,300000,LANO.zip
LANO,LANO-28472514.wav,5.0,192000,LANO.zip
LANO,LANO-27149740.wav,2.998976,500000,LANO.zip
LANO,LANO-2826161.wav,4.999022,500000,LANO.zip
LANO,LANO-31714523.wav,4.99992,500000,LANO.zip
LANO,LANO-29825401.wav,5.0,192000,LANO.zip
LANO,LANO-2619028.wav,4.999022,500000,LANO.zip
LANO,LANO-28526294.wav,5.0,192000,LANO.zip
LANO,LANO-27090187.wav,2.998976,500000,LANO.zip
LANO,LANO-28470945.wav,5.0,192000,LANO.zip
LANO,LANO-28460114.wav,4.522666666666667,192000,LANO.zip
LANO,LANO-64873065.wav,3.0,500000,LANO.zip
LANO,LANO-28995068.wav,4.998666666666667,192000,LANO.zip
LANO,LANO-28367831.wav,6.0,384000,LANO.zip
LANO,LANO-32997814.wav,2.998976,500000,LANO.zip
LANO,LANO-33493247.wav,2.998976,500000,LANO.zip
LANO,LANO-57093179.wav,4.998976,500000,LANO.zip
LANO,LANO-2040302.wav,4.999,256000,LANO.zip
LANO,LANO-31603705.wav,4.99992,500000,LANO.zip
LANO,LANO-2870938.wav,2.999022,500000,LANO.zip
LANO,LANO-212342.wav,4.998976,500000,LANO.zip
LANO,LANO-28336110.wav,6.0,384000,LANO.zip
LANO,LANO-31608785.wav,4.99992,500000,LANO.zip
LANO,LANO-56655867.wav,2.995292,500000,LANO.zip
LANO,LANO-29769528.wav,5.0,192000,LANO.zip
LANO,LANO-28472731.wav,5.0,192000,LANO.zip
LANO,LANO-28461149.wav,5.0,192000,LANO.zip
LANO,LANO-28483396.wav,5.0,192000,LANO.zip
LANO,LANO-73579511.wav,5.004,192000,LANO.zip
LANO,LANO-73523755.wav,5.004,192000,LANO.zip
LANO,LANO-73556216.wav,5.0,256000,LANO.zip
LANO,LANO-73563878.wav,5.0,256000,LANO.zip
LANO,LANO-28459455.wav,5.0,192000,LANO.zip
LASE,LASE-61457429.wav,8.0,256000,LASE.zip
LASE,LASE-57238170.wav,6.679552,500000,LASE.zip
LASE,LASE-61457228.wav,4.382,256000,LASE.zip
LASE,LASE-57197958.wav,6.059008,500000,LASE.zip
LASE,LASE-57239868.wav,4.077568,500000,LASE.zip
LASE,LASE-57221416.wav,5.213184,500000,LASE.zip
LASE,LASE-57239056.wav,4.875264,500000,LASE.zip
LASE,LASE-57228468.wav,5.554176,500000,LASE.zip
LASE,LASE-57221301.wav,3.008512,500000,LASE.zip
LASE,LASE-61457410.wav,8.0,256000,LASE.zip
LASE,LASE-57220780.wav,5.603328,500000,LASE.zip
LASE,LASE-57238391.wav,5.720064,500000,LASE.zip
LASE,LASE-57197500.wav,3.4816,500000,LASE.zip
LASE,LASE-57220143.wav,6.916096,500000,LASE.zip
LASE,LASE-57222311.wav,5.458944,500000,LASE.zip
LASE,LASE-57215047.wav,4.883456,500000,LASE.zip
LASE,LASE-57192194.wav,3.87,256000,LASE.zip
LASE,LASE-57228078.wav,5.904384,500000,LASE.zip
LASE,LASE-57227390.wav,6.335488,500000,LASE.zip
LASE,LASE-61457096.wav,7.28,256000,LASE.zip
LASE,LASE-57191702.wav,4.956,256000,LASE.zip
LASE,LASE-61457430.wav,4.65,256000,LASE.zip
LASE,LASE-57222322.wav,3.013632,500000,LASE.zip
LASE,LASE-57226980.wav,3.748864,500000,LASE.zip
LASE,LASE-61457131.wav,5.82,256000,LASE.zip
LASE,LASE-57220144.wav,3.787776,500000,LASE.zip
LASE,LASE-57220048.wav,5.948416,500000,LASE.zip
LASE,LASE-57215548.wav,3.460096,500000,LASE.zip
LASE,LASE-57227828.wav,5.460992,500000,LASE.zip
LASE,LASE-61457085.wav,7.2,256000,LASE.zip
LASE,LASE-57228079.wav,6.156288,500000,LASE.zip
LASE,LASE-57221249.wav,3.781632,500000,LASE.zip
LASE,LASE-57220573.wav,4.195328,500000,LASE.zip
LASE,LASE-57225885.wav,7.38816,500000,LASE.zip
LASE,LASE-57225698.wav,5.870592,500000,LASE.zip
LASE,LASE-57225433.wav,6.395904,500000,LASE.zip
LASE,LASE-57220506.wav,5.506048,500000,LASE.zip
LASE,LASE-57220859.wav,5.747712,500000,LASE.zip
LASE,LASE-57216044.wav,3.939328,500000,LASE.zip
LASE,LASE-57221213.wav,7.625728,500000,LASE.zip
LASE,LASE-57220078.wav,3.207168,500000,LASE.zip
LASE,LASE-57225773.wav,5.722112,500000,LASE.zip
LASE,LASE-57220787.wav,6.935552,500000,LASE.zip
LASE,LASE-57220800.wav,4.837376,500000,LASE.zip
LASE,LASE-57220407.wav,3.581952,500000,LASE.zip
LASE,LASE-57197282.wav,4.304896,500000,LASE.zip
LASE,LASE-57220916.wav,5.276672,500000,LASE.zip
LASE,LASE-57220120.wav,7.904256,500000,LASE.zip
LASE,LASE-57221112.wav,6.306816,500000,LASE.zip
LASE,LASE-57228247.wav,3.351552,500000,LASE.zip
LASE,LASE-57220172.wav,3.009536,500000,LASE.zip
LASE,LASE-57191721.wav,3.822,256000,LASE.zip
LASE,LASE-57222076.wav,3.008512,500000,LASE.zip
LASE,LASE-57232099.wav,5.147648,500000,LASE.zip
LASE,LASE-57222012.wav,3.012608,500000,LASE.zip
LASE,LASE-57220863.wav,3.815424,500000,LASE.zip
LASE,LASE-57225639.wav,5.098496,500000,LASE.zip
LASE,LASE-57191728.wav,7.568,256000,LASE.zip
LASE,LASE-57237463.wav,6.22592,500000,LASE.zip
LASE,LASE-57225207.wav,4.67456,500000,LASE.zip
LASE,LASE-57198378.wav,3.395584,500000,LASE.zip
LASE,LASE-57215186.wav,4.412416,500000,LASE.zip
LASE,LASE-57197961.wav,5.643264,500000,LASE.zip
LASE,LASE-57222935.wav,4.549632,500000,LASE.zip
LASE,LASE-57239365.wav,3.966976,500000,LASE.zip
LASE,LASE-57192255.wav,3.85,256000,LASE.zip
LASE,LASE-57227765.wav,3.480576,500000,LASE.zip
LASE,LASE-57220931.wav,3.913728,500000,LASE.zip
LASE,LASE-57220948.wav,3.849216,500000,LASE.zip
LASE,LASE-57238593.wav,4.942848,500000,LASE.zip
LASE,LASE-57215979.wav,4.353024,500000,LASE.zip
LASE,LASE-57206632.wav,4.483072,500000,LASE.zip
LASE,LASE-57227876.wav,6.525952,500000,LASE.zip
LASE,LASE-57220992.wav,5.613568,500000,LASE.zip
LASE,LASE-57198030.wav,3.781632,500000,LASE.zip
LASE,LASE-57220895.wav,3.219456,500000,LASE.zip
LASE,LASE-57197283.wav,5.946368,500000,LASE.zip
LASE,LASE-57221002.wav,5.228544,500000,LASE.zip
LASE,LASE-57191557.wav,6.734,256000,LASE.zip
LASE,LASE-57228075.wav,4.013056,500000,LASE.zip
LASE,LASE-57238862.wav,6.540288,500000,LASE.zip
LASE,LASE-57221001.wav,3.693568,500000,LASE.zip
LASE,LASE-61456981.wav,3.586,256000,LASE.zip
LASE,LASE-57225721.wav,7.830528,500000,LASE.zip
LASE,LASE-57220329.wav,5.938176,500000,LASE.zip
LASE,LASE-57198167.wav,6.663168,500000,LASE.zip
LASE,LASE-57226845.wav,6.766592,500000,LASE.zip
LASE,LASE-57220991.wav,3.546112,500000,LASE.zip
LASE,LASE-57227210.wav,6.378496,500000,LASE.zip
LASE,LASE-57197384.wav,4.64896,500000,LASE.zip
LASE,LASE-56511184.wav,5.626,256000,LASE.zip
LASE,LASE-57214988.wav,3.007488,500000,LASE.zip
LASE,LASE-57225223.wav,4.511744,500000,LASE.zip
LASE,LASE-57225006.wav,5.403648,500000,LASE.zip
LASE,LASE-57238344.wav,5.246976,500000,LASE.zip
LASE,LASE-57238812.wav,5.136384,500000,LASE.zip
LASE,LASE-57223232.wav,6.756352,500000,LASE.zip
LASE,LASE-57220785.wav,6.016,500000,LASE.zip
LASE,LASE-57220811.wav,4.478976,500000,LASE.zip
LASE,LASE-57192319.wav,5.536,256000,LASE.zip
LASE,LASE-57221055.wav,3.352576,500000,LASE.zip
LASE,LASE-57220982.wav,6.191104,500000,LASE.zip
LASE,LASE-61456939.wav,4.626,256000,LASE.zip
LASE,LASE-57220589.wav,8.020992,500000,LASE.zip
LASE,LASE-57220274.wav,3.431424,500000,LASE.zip
LASE,LASE-57221438.wav,6.718464,500000,LASE.zip
LASE,LASE-61457436.wav,3.726,256000,LASE.zip
LASE,LASE-57198161.wav,3.592192,500000,LASE.zip
LASE,LASE-57220492.wav,3.01056,500000,LASE.zip
LASE,LASE-57220511.wav,4.586496,500000,LASE.zip
LASE,LASE-57225651.wav,6.171648,500000,LASE.zip
LASE,LASE-57228354.wav,3.390464,500000,LASE.zip
LASE,LASE-61457177.wav,5.234,256000,LASE.zip
LASE,LASE-57220920.wav,7.038976,500000,LASE.zip
LASE,LASE-57225467.wav,4.667392,500000,LASE.zip
LASE,LASE-57225641.wav,4.246528,500000,LASE.zip
LASE,LASE-57228370.wav,7.491584,500000,LASE.zip
LASE,LASE-57220612.wav,4.680704,500000,LASE.zip
LASE,LASE-57221440.wav,6.86592,500000,LASE.zip
LASE,LASE-57225460.wav,3.11296,500000,LASE.zip
LASE,LASE-57221246.wav,7.02464,500000,LASE.zip
LASE,LASE-57221715.wav,5.065728,500000,LASE.zip
LASE,LASE-57220055.wav,5.983232,500000,LASE.zip
LASE,LASE-57197439.wav,3.570688,500000,LASE.zip
LASE,LASE-57225016.wav,6.467584,500000,LASE.zip
LASE,LASE-61457407.wav,3.46,256000,LASE.zip
LASE,LASE-57215314.wav,4.615168,500000,LASE.zip
LASE,LASE-57228404.wav,5.138432,500000,LASE.zip
LASE,LASE-57190711.wav,3.084,256000,LASE.zip
LASE,LASE-57197419.wav,7.834624,500000,LASE.zip
LASE,LASE-57238765.wav,4.130816,500000,LASE.zip
LASE,LASE-56514547.wav,7.738,256000,LASE.zip
LASE,LASE-57228356.wav,5.08416,500000,LASE.zip
LASE,LASE-57186389.wav,3.01,256000,LASE.zip
LASE,LASE-57220860.wav,4.73088,500000,LASE.zip
LASE,LASE-61456896.wav,8.0,256000,LASE.zip
LASE,LASE-57225717.wav,6.554624,500000,LASE.zip
LASE,LASE-57221020.wav,3.21536,500000,LASE.zip
LASE,LASE-57223243.wav,3.012608,500000,LASE.zip
LASE,LASE-57225637.wav,7.675904,500000,LASE.zip
LASE,LASE-57238778.wav,5.743616,500000,LASE.zip
LASE,LASE-57220883.wav,5.377024,500000,LASE.zip
LASE,LASE-57222601.wav,3.012608,500000,LASE.zip
LASE,LASE-61456947.wav,5.514,256000,LASE.zip
LASE,LASE-57223254.wav,3.469312,500000,LASE.zip
LASE,LASE-57205719.wav,3.009536,500000,LASE.zip
LASE,LASE-57239867.wav,6.450176,500000,LASE.zip
LASE,LASE-57220380.wav,5.436416,500000,LASE.zip
LASE,LASE-61457039.wav,5.01,256000,LASE.zip
LASE,LASE-57197955.wav,4.424704,500000,LASE.zip
LASE,LASE-57238357.wav,5.00736,500000,LASE.zip
LASE,LASE-57192095.wav,7.106,256000,LASE.zip
LASE,LASE-57222920.wav,7.514112,500000,LASE.zip
LASE,LASE-57220936.wav,3.004416,500000,LASE.zip
LASE,LASE-57237636.wav,4.780032,500000,LASE.zip
LASE,LASE-61457132.wav,4.512,256000,LASE.zip
LASE,LASE-57239337.wav,3.468288,500000,LASE.zip
LASE,LASE-57220879.wav,4.466688,500000,LASE.zip
LASE,LASE-57221018.wav,3.21024,500000,LASE.zip
LASE,LASE-57192032.wav,4.332,256000,LASE.zip
LASE,LASE-61456897.wav,8.0,256000,LASE.zip
LASE,LASE-57228432.wav,7.333888,500000,LASE.zip
LASE,LASE-57198017.wav,3.866624,500000,LASE.zip
LASE,LASE-57221060.wav,8.037376,500000,LASE.zip
LASE,LASE-57198178.wav,6.478848,500000,LASE.zip
LASE,LASE-57227427.wav,5.403648,500000,LASE.zip
LASE,LASE-57221000.wav,3.213312,500000,LASE.zip
LASE,LASE-57191477.wav,6.084,256000,LASE.zip
LASE,LASE-57220950.wav,3.464192,500000,LASE.zip
LASE,LASE-57227169.wav,3.378176,500000,LASE.zip
LASE,LASE-57228435.wav,6.129664,500000,LASE.zip
LASE,LASE-57191990.wav,5.798,256000,LASE.zip
LASE,LASE-57215872.wav,6.895616,500000,LASE.zip
LASE,LASE-57225488.wav,5.067776,500000,LASE.zip
LASE,LASE-57221563.wav,3.008512,500000,LASE.zip
LASE,LASE-57239357.wav,6.587392,500000,LASE.zip
LASE,LASE-57220402.wav,5.351424,500000,LASE.zip
LASE,LASE-57223349.wav,4.80768,500000,LASE.zip
LASE,LASE-57222660.wav,7.049216,500000,LASE.zip
LASE,LASE-57198060.wav,5.531648,500000,LASE.zip
LASE,LASE-57237259.wav,4.739072,500000,LASE.zip
LASE,LASE-57221101.wav,3.936256,500000,LASE.zip
LASE,LASE-57228181.wav,6.035456,500000,LASE.zip
LASE,LASE-57220940.wav,4.933632,500000,LASE.zip
LASE,LASE-57197762.wav,5.778432,500000,LASE.zip
LASE,LASE-61457035.wav,4.78,256000,LASE.zip
LASE,LASE-57221235.wav,6.729728,500000,LASE.zip
LASE,LASE-57239089.wav,4.002816,500000,LASE.zip
LASE,LASE-57220162.wav,3.438592,500000,LASE.zip
LASE,LASE-57198396.wav,3.950592,500000,LASE.zip
LASE,LASE-57220877.wav,5.0176,500000,LASE.zip
LASE,LASE-57220504.wav,5.362688,500000,LASE.zip
LASE,LASE-57197552.wav,4.770816,500000,LASE.zip
LASE,LASE-57220486.wav,3.4816,500000,LASE.zip
LASE,LASE-57205729.wav,5.664768,500000,LASE.zip
LASE,LASE-57220980.wav,7.43424,500000,LASE.zip
LASE,LASE-57227739.wav,6.851584,500000,LASE.zip
LASE,LASE-57197532.wav,4.62336,500000,LASE.zip
LASE,LASE-57225738.wav,6.689792,500000,LASE.zip
LASE,LASE-57215402.wav,3.011584,500000,LASE.zip
LASE,LASE-57220141.wav,3.007488,500000,LASE.zip
LASE,LASE-61457409.wav,6.02,256000,LASE.zip
LASE,LASE-57192294.wav,7.652,256000,LASE.zip
LASE,LASE-57221110.wav,4.27008,500000,LASE.zip
LASE,LASE-57221008.wav,4.063232,500000,LASE.zip
LASE,LASE-57222368.wav,6.923264,500000,LASE.zip
LASE,LASE-57228080.wav,6.207488,500000,LASE.zip
LASE,LASE-57220372.wav,5.10464,500000,LASE.zip
LASE,LASE-57221293.wav,5.25824,500000,LASE.zip
LASE,LASE-61456942.wav,6.472,256000,LASE.zip
LASE,LASE-57198377.wav,5.327872,500000,LASE.zip
LASE,LASE-57191836.wav,5.77,256000,LASE.zip
LASE,LASE-57191723.wav,5.198,256000,LASE.zip
LASE,LASE-57225438.wav,6.464512,500000,LASE.zip
LASE,LASE-57221370.wav,5.08928,500000,LASE.zip
LASE,LASE-57220015.wav,7.707648,500000,LASE.zip
LASE,LASE-57225472.wav,4.363264,500000,LASE.zip
LASE,LASE-57222655.wav,5.535744,500000,LASE.zip
LASE,LASE-57220071.wav,6.424576,500000,LASE.zip
LASE,LASE-57227221.wav,5.830656,500000,LASE.zip
LASE,LASE-57225656.wav,5.293056,500000,LASE.zip
LASE,LASE-61457229.wav,8.0,256000,LASE.zip
LASE,LASE-57192037.wav,4.334,256000,LASE.zip
LASE,LASE-61456982.wav,3.95,256000,LASE.zip
LASE,LASE-57220921.wav,5.67296,500000,LASE.zip
LASE,LASE-61457237.wav,8.0,256000,LASE.zip
LASE,LASE-57227722.wav,7.620608,500000,LASE.zip
LASE,LASE-61457397.wav,5.05,256000,LASE.zip
LASE,LASE-57239719.wav,5.439488,500000,LASE.zip
LASE,LASE-57222530.wav,5.92896,500000,LASE.zip
LASE,LASE-57220391.wav,7.658496,500000,LASE.zip
LASE,LASE-57226645.wav,4.104192,500000,LASE.zip
LASE,LASE-57198142.wav,3.411968,500000,LASE.zip
LASE,LASE-61457566.wav,4.088,256000,LASE.zip
LASE,LASE-57220778.wav,4.214784,500000,LASE.zip
LASE,LASE-57215462.wav,4.622336,500000,LASE.zip
LASE,LASE-57214906.wav,7.346176,500000,LASE.zip
LASE,LASE-57221542.wav,4.219904,500000,LASE.zip
LASE,LASE-57221259.wav,4.462592,500000,LASE.zip
LASE,LASE-57227865.wav,3.480576,500000,LASE.zip
LASE,LASE-57231855.wav,6.006784,500000,LASE.zip
LASE,LASE-57231673.wav,4.928512,500000,LASE.zip
LASE,LASE-57215734.wav,6.424576,500000,LASE.zip
LASE,LASE-57227159.wav,6.846464,500000,LASE.zip
LASE,LASE-61457024.wav,6.65,256000,LASE.zip
LASE,LASE-57226944.wav,6.083584,500000,LASE.zip
LASE,LASE-57216187.wav,4.593664,500000,LASE.zip
LASE,LASE-57225828.wav,3.006464,500000,LASE.zip
LASE,LASE-57227631.wav,3.003392,500000,LASE.zip
LASE,LASE-57220248.wav,5.723136,500000,LASE.zip
LASE,LASE-57237862.wav,5.307392,500000,LASE.zip
LASE,LASE-57220034.wav,5.56544,500000,LASE.zip
LASE,LASE-57220427.wav,3.006464,500000,LASE.zip
LASE,LASE-57215153.wav,3.145728,500000,LASE.zip
LASE,LASE-57221111.wav,3.628032,500000,LASE.zip
LASE,LASE-57228148.wav,3.958784,500000,LASE.zip
LASE,LASE-57191644.wav,3.812,256000,LASE.zip
LASE,LASE-57225644.wav,4.627456,500000,LASE.zip
LASE,LASE-57225646.wav,3.712,500000,LASE.zip
LASE,LASE-57220956.wav,3.366912,500000,LASE.zip
LASE,LASE-57221761.wav,3.914752,500000,LASE.zip
LASE,LASE-57221566.wav,7.128064,500000,LASE.zip
LASE,LASE-57228211.wav,5.060608,500000,LASE.zip
LASE,LASE-57221917.wav,5.992448,500000,LASE.zip
LASE,LASE-57197882.wav,7.218176,500000,LASE.zip
LASE,LASE-57215211.wav,7.498752,500000,LASE.zip
LASE,LASE-57221210.wav,3.007488,500000,LASE.zip
LASE,LASE-57223107.wav,4.573184,500000,LASE.zip
LASE,LASE-57220060.wav,4.3264,500000,LASE.zip
LASE,LASE-57221021.wav,6.53312,500000,LASE.zip
LASE,LASE-57220288.wav,3.01056,500000,LASE.zip
LASE,LASE-57221269.wav,6.309888,500000,LASE.zip
LASE,LASE-57220434.wav,5.963776,500000,LASE.zip
LASE,LASE-61456902.wav,4.772,256000,LASE.zip
LASE,LASE-57215393.wav,6.916096,500000,LASE.zip
LASE,LASE-57228367.wav,3.580928,500000,LASE.zip
LASE,LASE-57239460.wav,4.984832,500000,LASE.zip
LASE,LASE-57205929.wav,3.009536,500000,LASE.zip
LASE,LASE-57225736.wav,5.59104,500000,LASE.zip
LASE,LASE-57239860.wav,5.74976,500000,LASE.zip
LASE,LASE-57191636.wav,7.322,256000,LASE.zip
LASE,LASE-57220914.wav,7.34208,500000,LASE.zip
LASE,LASE-57227829.wav,6.810624,500000,LASE.zip
LASE,LASE-61456984.wav,5.686,256000,LASE.zip
LASE,LASE-61457546.wav,4.668,256000,LASE.zip
LASE,LASE-57221010.wav,3.659776,500000,LASE.zip
LASE,LASE-57221231.wav,6.621184,500000,LASE.zip
LASE,LASE-57237481.wav,3.01056,500000,LASE.zip
LASE,LASE-57228368.wav,6.4768,500000,LASE.zip
LASE,LASE-57220786.wav,7.2192,500000,LASE.zip
LASE,LASE-57222966.wav,6.914048,500000,LASE.zip
LASE,LASE-57222254.wav,4.308992,500000,LASE.zip
LASE,LASE-57192301.wav,4.496,256000,LASE.zip
LASE,LASE-61457221.wav,3.528,256000,LASE.zip
LASE,LASE-57222628.wav,4.384768,500000,LASE.zip
LASE,LASE-57221380.wav,3.006464,500000,LASE.zip
LASE,LASE-57238742.wav,5.513216,500000,LASE.zip
LASE,LASE-57220981.wav,6.2976,500000,LASE.zip
LASE,LASE-57215198.wav,3.76832,500000,LASE.zip
LASE,LASE-57228455.wav,4.291584,500000,LASE.zip
LASE,LASE-57225228.wav,4.365312,500000,LASE.zip
LASE,LASE-61457016.wav,6.624,256000,LASE.zip
LASE,LASE-57192254.wav,3.79,256000,LASE.zip
LASE,LASE-57220091.wav,4.721664,500000,LASE.zip
LASE,LASE-57227251.wav,3.006464,500000,LASE.zip
LASE,LASE-57197593.wav,6.281216,500000,LASE.zip
LASE,LASE-57221853.wav,4.083712,500000,LASE.zip
LASE,LASE-57198347.wav,5.817344,500000,LASE.zip
LASE,LASE-53040142.wav,3.986432,500000,LASE.zip
LASE,LASE-57239247.wav,4.673536,500000,LASE.zip
LASE,LASE-57221252.wav,5.665792,500000,LASE.zip
LASE,LASE-57220707.wav,5.3504,500000,LASE.zip
LASE,LASE-57222694.wav,6.28736,500000,LASE.zip
LASE,LASE-57239882.wav,6.155264,500000,LASE.zip
LASE,LASE-57225677.wav,7.564288,500000,LASE.zip
LASE,LASE-57220606.wav,4.301824,500000,LASE.zip
LASE,LASE-57197599.wav,6.249472,500000,LASE.zip
LASE,LASE-57198383.wav,6.684672,500000,LASE.zip
LASE,LASE-57186417.wav,4.78,256000,LASE.zip
LASE,LASE-57220400.wav,7.48032,500000,LASE.zip
LASE,LASE-57238683.wav,4.338688,500000,LASE.zip
LASE,LASE-57220953.wav,4.002816,500000,LASE.zip
LASE,LASE-57220588.wav,7.264256,500000,LASE.zip
LASE,LASE-57215027.wav,5.761024,500000,LASE.zip
LASE,LASE-57238937.wav,4.85888,500000,LASE.zip
LASE,LASE-57227511.wav,3.769344,500000,LASE.zip
LASE,LASE-57227248.wav,6.265856,500000,LASE.zip
LASE,LASE-57222250.wav,3.39968,500000,LASE.zip
LASE,LASE-57205723.wav,3.818496,500000,LASE.zip
LASE,LASE-61457281.wav,3.17,256000,LASE.zip
LASE,LASE-57222796.wav,5.070848,500000,LASE.zip
LASE,LASE-57221013.wav,3.559424,500000,LASE.zip
LASE,LASE-57197366.wav,5.039104,500000,LASE.zip
LASE,LASE-57220062.wav,5.376,500000,LASE.zip
LASE,LASE-57221324.wav,3.25632,500000,LASE.zip
LASE,LASE-57220587.wav,5.020672,500000,LASE.zip
LASE,LASE-57215742.wav,4.227072,500000,LASE.zip
LASE,LASE-57238586.wav,5.805056,500000,LASE.zip
LASE,LASE-57222452.wav,5.532672,500000,LASE.zip
LASE,LASE-57238551.wav,6.055936,500000,LASE.zip
LASE,LASE-57227214.wav,4.0448,500000,LASE.zip
LASE,LASE-57220070.wav,3.011584,500000,LASE.zip
LASE,LASE-57238942.wav,3.770368,500000,LASE.zip
LASE,LASE-57197390.wav,4.43392,500000,LASE.zip
LASE,LASE-57215199.wav,6.704128,500000,LASE.zip
LASE,LASE-57220934.wav,6.252544,500000,LASE.zip
LASE,LASE-57215103.wav,4.040704,500000,LASE.zip
LASE,LASE-57198140.wav,4.75136,500000,LASE.zip
LASE,LASE-57228227.wav,5.402624,500000,LASE.zip
LASE,LASE-57228240.wav,5.4272,500000,LASE.zip
LASE,LASE-57215273.wav,5.619712,500000,LASE.zip
LASE,LASE-57220836.wav,3.598336,500000,LASE.zip
LASE,LASE-57238198.wav,4.791296,500000,LASE.zip
LASE,LASE-57190712.wav,7.35,256000,LASE.zip
LASE,LASE-57221012.wav,4.11648,500000,LASE.zip
LASE,LASE-57220436.wav,6.037504,500000,LASE.zip
LASE,LASE-57197879.wav,3.23072,500000,LASE.zip
LASE,LASE-57238353.wav,6.247424,500000,LASE.zip
LASE,LASE-57225468.wav,4.81792,500000,LASE.zip
LASE,LASE-57220889.wav,3.24096,500000,LASE.zip
LASE,LASE-57228190.wav,3.888128,500000,LASE.zip
LASE,LASE-57226947.wav,4.801536,500000,LASE.zip
LASE,LASE-57222050.wav,3.017728,500000,LASE.zip
LASE,LASE-57220755.wav,6.254592,500000,LASE.zip
LASE,LASE-57220997.wav,3.443712,500000,LASE.zip
LASE,LASE-57215299.wav,3.347456,500000,LASE.zip
LASE,LASE-57220396.wav,3.296256,500000,LASE.zip
LASE,LASE-57222728.wav,3.663872,500000,LASE.zip
LASE,LASE-57216009.wav,5.564416,500000,LASE.zip
LASE,LASE-57198393.wav,5.89312,500000,LASE.zip
LASE,LASE-57239368.wav,3.876864,500000,LASE.zip
LASE,LASE-57220951.wav,6.008832,500000,LASE.zip
LASE,LASE-57221852.wav,3.173376,500000,LASE.zip
LASE,LASE-57239364.wav,5.006336,500000,LASE.zip
LASE,LASE-61457231.wav,4.512,256000,LASE.zip
LASE,LASE-57220556.wav,3.577856,500000,LASE.zip
LASE,LASE-57197521.wav,3.6864,500000,LASE.zip
LASE,LASE-57238777.wav,4.696064,500000,LASE.zip
LASE,LASE-57228244.wav,4.600832,500000,LASE.zip
LASE,LASE-57225218.wav,5.778432,500000,LASE.zip
LASE,LASE-57220185.wav,3.462144,500000,LASE.zip
LASE,LASE-57220435.wav,5.844992,500000,LASE.zip
LASE,LASE-57222309.wav,6.475776,500000,LASE.zip
LASE,LASE-57223263.wav,4.5312,500000,LASE.zip
LASE,LASE-57220503.wav,4.917248,500000,LASE.zip
LASE,LASE-61456935.wav,6.856,256000,LASE.zip
LASE,LASE-57228419.wav,6.335488,500000,LASE.zip
LASE,LASE-57226107.wav,6.849536,500000,LASE.zip
LASE,LASE-57198326.wav,5.317632,500000,LASE.zip
LASE,LASE-57238598.wav,7.115776,500000,LASE.zip
LASE,LASE-57220590.wav,6.489088,500000,LASE.zip
LASE,LASE-57221384.wav,3.57888,500000,LASE.zip
LASE,LASE-57192198.wav,4.714,256000,LASE.zip
LASE,LASE-57226848.wav,5.722112,500000,LASE.zip
LASE,LASE-61457093.wav,4.012,256000,LASE.zip
LASE,LASE-57221019.wav,3.666944,500000,LASE.zip
LASE,LASE-57227721.wav,6.678528,500000,LASE.zip
LASE,LASE-57225509.wav,5.9904,500000,LASE.zip
LASE,LASE-57221189.wav,4.805632,500000,LASE.zip
LASE,LASE-57220483.wav,4.518912,500000,LASE.zip
LASE,LASE-57198363.wav,3.677184,500000,LASE.zip
LASE,LASE-57220502.wav,6.94272,500000,LASE.zip
LASE,LASE-57220138.wav,7.830528,500000,LASE.zip
LASE,LASE-61457042.wav,4.794,256000,LASE.zip
LASE,LASE-57220401.wav,4.072448,500000,LASE.zip
LASE,LASE-57228144.wav,3.930112,500000,LASE.zip
LASE,LASE-57215405.wav,5.82144,500000,LASE.zip
LASE,LASE-57223264.wav,6.367232,500000,LASE.zip
LASE,LASE-57192017.wav,4.272,256000,LASE.zip
LASE,LASE-57228450.wav,3.172352,500000,LASE.zip
LASE,LASE-57228439.wav,4.144128,500000,LASE.zip
LASE,LASE-57220712.wav,3.007488,500000,LASE.zip
LASE,LASE-57225434.wav,7.263232,500000,LASE.zip
LASE,LASE-57190657.wav,3.522,256000,LASE.zip
LASE,LASE-57220067.wav,4.071424,500000,LASE.zip
LASE,LASE-57225185.wav,7.58272,500000,LASE.zip
LASE,LASE-57215011.wav,5.184512,500000,LASE.zip
LASE,LASE-57205993.wav,7.5264,500000,LASE.zip
LASE,LASE-61457092.wav,8.0,256000,LASE.zip
LASE,LASE-57215261.wav,7.606272,500000,LASE.zip
LASE,LASE-57215128.wav,6.001664,500000,LASE.zip
LASE,LASE-57220984.wav,6.408192,500000,LASE.zip
LASE,LASE-57220749.wav,5.890048,500000,LASE.zip
LASE,LASE-57237905.wav,6.181888,500000,LASE.zip
LASE,LASE-57191628.wav,6.098,256000,LASE.zip
LASE,LASE-57191651.wav,4.33,256000,LASE.zip
LASE,LASE-57192180.wav,6.634,256000,LASE.zip
LASE,LASE-57225410.wav,5.261312,500000,LASE.zip
LASE,LASE-57221296.wav,6.362112,500000,LASE.zip
LASE,LASE-57237987.wav,6.501376,500000,LASE.zip
LASE,LASE-57206843.wav,5.615616,500000,LASE.zip
LASE,LASE-57215392.wav,3.113984,500000,LASE.zip
LASE,LASE-57220850.wav,4.08064,500000,LASE.zip
LASE,LASE-57228422.wav,6.908928,500000,LASE.zip
LASE,LASE-57228434.wav,3.629056,500000,LASE.zip
LASE,LASE-57215896.wav,6.009856,500000,LASE.zip
LASE,LASE-61457040.wav,8.0,256000,LASE.zip
LASE,LASE-57198055.wav,6.46656,500000,LASE.zip
LASE,LASE-57237324.wav,5.553152,500000,LASE.zip
LASE,LASE-57220399.wav,7.382016,500000,LASE.zip
LASE,LASE-61457271.wav,4.394,256000,LASE.zip
LASE,LASE-57221267.wav,3.854336,500000,LASE.zip
LASE,LASE-57198150.wav,6.964224,500000,LASE.zip
LASE,LASE-57192259.wav,3.46,256000,LASE.zip
LASE,LASE-61457091.wav,8.0,256000,LASE.zip
LASE,LASE-61457031.wav,3.008,256000,LASE.zip
LASE,LASE-57238740.wav,4.714496,500000,LASE.zip
LASE,LASE-57220387.wav,7.790592,500000,LASE.zip
LASE,LASE-57222894.wav,5.301248,500000,LASE.zip
LASE,LASE-57228146.wav,5.219328,500000,LASE.zip
LASE,LASE-57220489.wav,6.496256,500000,LASE.zip
LASE,LASE-57220613.wav,6.199296,500000,LASE.zip
LASE,LASE-57222974.wav,6.300672,500000,LASE.zip
LASE,LASE-57205725.wav,5.889024,500000,LASE.zip
LASE,LASE-57198168.wav,5.455872,500000,LASE.zip
LASE,LASE-57227410.wav,5.510144,500000,LASE.zip
LASE,LASE-57228446.wav,4.835328,500000,LASE.zip
LASE,LASE-57215033.wav,7.824384,500000,LASE.zip
LASE,LASE-57220600.wav,5.039104,500000,LASE.zip
LASE,LASE-57222741.wav,5.456896,500000,LASE.zip
LASE,LASE-57221054.wav,5.866496,500000,LASE.zip
LASE,LASE-57215133.wav,4.895744,500000,LASE.zip
LASE,LASE-57228110.wav,3.38432,500000,LASE.zip
LASE,LASE-57191884.wav,5.112,256000,LASE.zip
LASE,LASE-61457230.wav,6.198,256000,LASE.zip
LASE,LASE-57214927.wav,7.713792,500000,LASE.zip
LASE,LASE-57225418.wav,5.471232,500000,LASE.zip
LASE,LASE-57192199.wav,7.674,256000,LASE.zip
LASE,LASE-57221009.wav,3.432448,500000,LASE.zip
LASE,LASE-57239825.wav,4.002816,500000,LASE.zip
LASE,LASE-57221257.wav,5.781504,500000,LASE.zip
LASE,LASE-57228357.wav,3.244032,500000,LASE.zip
LASE,LASE-61457095.wav,6.736,256000,LASE.zip
LASE,LASE-57221120.wav,8.026112,500000,LASE.zip
LASE,LASE-57221095.wav,3.919872,500000,LASE.zip
LASE,LASE-57205832.wav,6.152192,500000,LASE.zip
LASE,LASE-57227780.wav,3.213312,500000,LASE.zip
LASE,LASE-61457384.wav,4.31,256000,LASE.zip
LASE,LASE-61457094.wav,3.294,256000,LASE.zip
LASE,LASE-57215983.wav,7.687168,500000,LASE.zip
LASE,LASE-57222918.wav,7.073792,500000,LASE.zip
LASE,LASE-61457025.wav,3.75,256000,LASE.zip
LASE,LASE-57222213.wav,4.569088,500000,LASE.zip
LASE,LASE-57221884.wav,3.006464,500000,LASE.zip
LASE,LASE-57227219.wav,7.0656,500000,LASE.zip
LASE,LASE-57192314.wav,5.928,256000,LASE.zip
LASE,LASE-61457408.wav,3.006,256000,LASE.zip
LASE,LASE-57222383.wav,3.250176,500000,LASE.zip
LASE,LASE-57228147.wav,4.12672,500000,LASE.zip
LASE,LASE-57192146.wav,6.58,256000,LASE.zip
LASE,LASE-57238509.wav,6.990848,500000,LASE.zip
LASE,LASE-57226346.wav,6.327296,500000,LASE.zip
LASE,LASE-57225441.wav,4.327424,500000,LASE.zip
LASE,LASE-57205724.wav,6.404096,500000,LASE.zip
LASE,LASE-57221071.wav,7.962624,500000,LASE.zip
LASE,LASE-57220577.wav,5.807104,500000,LASE.zip
LASE,LASE-57222351.wav,4.830208,500000,LASE.zip
LASE,LASE-57205717.wav,4.204544,500000,LASE.zip
LASE,LASE-57198156.wav,7.184384,500000,LASE.zip
LASE,LASE-57220063.wav,5.28896,500000,LASE.zip
LASE,LASE-57198071.wav,5.203968,500000,LASE.zip
LASE,LASE-57192023.wav,6.924,256000,LASE.zip
LASE,LASE-57225645.wav,3.588096,500000,LASE.zip
LASE,LASE-57222405.wav,4.189184,500000,LASE.zip
LASE,LASE-57192185.wav,3.49,256000,LASE.zip
LASE,LASE-57226320.wav,6.213632,500000,LASE.zip
LASE,LASE-57222394.wav,7.077888,500000,LASE.zip
LASE,LASE-57198374.wav,3.00544,500000,LASE.zip
LASE,LASE-57220819.wav,4.66944,500000,LASE.zip
LASE,LASE-57220966.wav,5.805056,500000,LASE.zip
LASE,LASE-57228353.wav,4.6848,500000,LASE.zip
LASE,LASE-61457307.wav,5.748,256000,LASE.zip
LASE,LASE-57220409.wav,5.912576,500000,LASE.zip
LASE,LASE-57227758.wav,7.876608,500000,LASE.zip
LASE,LASE-57225229.wav,7.225344,500000,LASE.zip
LASE,LASE-57228360.wav,4.38784,500000,LASE.zip
LASE,LASE-57228352.wav,4.545536,500000,LASE.zip
LASE,LASE-57228336.wav,3.204096,500000,LASE.zip
LASE,LASE-57220472.wav,3.014656,500000,LASE.zip
LASE,LASE-57225766.wav,3.815424,500000,LASE.zip
LASE,LASE-57191650.wav,3.008,256000,LASE.zip
LASE,LASE-57221842.wav,4.696064,500000,LASE.zip
LASE,LASE-57227771.wav,3.223552,500000,LASE.zip
LASE,LASE-57228248.wav,4.10624,500000,LASE.zip
LASE,LASE-57227227.wav,5.804032,500000,LASE.zip
LASE,LASE-57221391.wav,4.381696,500000,LASE.zip
LASE,LASE-57205897.wav,6.651904,500000,LASE.zip
LASE,LASE-57238898.wav,4.332544,500000,LASE.zip
LASE,LASE-57231323.wav,7.899136,500000,LASE.zip
LASE,LASE-57227126.wav,3.402752,500000,LASE.zip
LASE,LASE-57220097.wav,6.54336,500000,LASE.zip
LASE,LASE-57191885.wav,4.584,256000,LASE.zip
LASE,LASE-57220484.wav,6.289408,500000,LASE.zip
LASE,LASE-61457043.wav,5.95,256000,LASE.zip
LASE,LASE-57238383.wav,6.370304,500000,LASE.zip
LASE,LASE-57225715.wav,5.623808,500000,LASE.zip
LASE,LASE-57238506.wav,5.337088,500000,LASE.zip
LASE,LASE-57220917.wav,4.056064,500000,LASE.zip
LASE,LASE-57221006.wav,3.329024,500000,LASE.zip
LASE,LASE-57228365.wav,6.935552,500000,LASE.zip
LASE,LASE-57228436.wav,6.470656,500000,LASE.zip
LASE,LASE-61456898.wav,4.486,256000,LASE.zip
LASE,LASE-57225222.wav,5.649408,500000,LASE.zip
LASE,LASE-57190659.wav,6.226,256000,LASE.zip
LASE,LASE-57220761.wav,5.282816,500000,LASE.zip
LASE,LASE-57222936.wav,6.375424,500000,LASE.zip
LASE,LASE-57197618.wav,3.01056,500000,LASE.zip
LASE,LASE-57221540.wav,3.605504,500000,LASE.zip
LASE,LASE-57215043.wav,4.135936,500000,LASE.zip
LASE,LASE-57231459.wav,3.915776,500000,LASE.zip
LASE,LASE-57222772.wav,3.13856,500000,LASE.zip
LASE,LASE-57220939.wav,3.556352,500000,LASE.zip
LASE,LASE-57238350.wav,7.534592,500000,LASE.zip
LASE,LASE-57197423.wav,3.2,500000,LASE.zip
LASE,LASE-57228236.wav,6.4,500000,LASE.zip
LASE,LASE-57191840.wav,4.098,256000,LASE.zip
LASE,LASE-57221363.wav,4.098048,500000,LASE.zip
LASE,LASE-57221226.wav,3.201024,500000,LASE.zip
LASE,LASE-57220381.wav,5.297152,500000,LASE.zip
LASE,LASE-57238116.wav,3.516416,500000,LASE.zip
LASE,LASE-57228358.wav,8.003584,500000,LASE.zip
LASE,LASE-61457324.wav,7.178,256000,LASE.zip
LASE,LASE-57222659.wav,4.023296,500000,LASE.zip
LASE,LASE-57215029.wav,5.107712,500000,LASE.zip
LASE,LASE-57206032.wav,5.809152,500000,LASE.zip
LASE,LASE-57220973.wav,4.56192,500000,LASE.zip
LASE,LASE-57220788.wav,3.46112,500000,LASE.zip
LASE,LASE-57191780.wav,5.42,256000,LASE.zip
LASE,LASE-57238043.wav,6.17472,500000,LASE.zip
LASE,LASE-57215978.wav,4.123648,500000,LASE.zip
LASE,LASE-57220106.wav,3.888128,500000,LASE.zip
LASE,LASE-57228364.wav,5.03808,500000,LASE.zip
LASE,LASE-57221598.wav,7.743488,500000,LASE.zip
LASE,LASE-57237336.wav,4.842496,500000,LASE.zip
LASE,LASE-57197621.wav,4.849664,500000,LASE.zip
LASE,LASE-57228241.wav,3.8656,500000,LASE.zip
LASE,LASE-57222359.wav,5.086208,500000,LASE.zip
LASE,LASE-57225792.wav,5.358592,500000,LASE.zip
LASE,LASE-57222395.wav,3.021824,500000,LASE.zip
LASE,LASE-57215131.wav,5.394432,500000,LASE.zip
LASE,LASE-57192316.wav,7.376,256000,LASE.zip
LASE,LASE-57220998.wav,3.6608,500000,LASE.zip
LASE,LASE-57197558.wav,4.339712,500000,LASE.zip
LASE,LASE-57221023.wav,3.007488,500000,LASE.zip
LASE,LASE-61457165.wav,8.0,256000,LASE.zip
LASE,LASE-57220332.wav,3.01056,500000,LASE.zip
LASE,LASE-57197237.wav,3.07712,500000,LASE.zip
LASE,LASE-61457224.wav,6.352,256000,LASE.zip
LASE,LASE-57221364.wav,6.230016,500000,LASE.zip
LASE,LASE-57221086.wav,4.616192,500000,LASE.zip
LASE,LASE-57221203.wav,4.199424,500000,LASE.zip
LASE,LASE-57237899.wav,3.165184,500000,LASE.zip
LASE,LASE-57227633.wav,3.807232,500000,LASE.zip
LASE,LASE-57237771.wav,4.65408,500000,LASE.zip
LASE,LASE-57220748.wav,3.602432,500000,LASE.zip
LASE,LASE-57221050.wav,3.004416,500000,LASE.zip
LASE,LASE-57238943.wav,6.0672,500000,LASE.zip
LASE,LASE-57220608.wav,4.656128,500000,LASE.zip
LASE,LASE-57191908.wav,6.53,256000,LASE.zip
LASE,LASE-57222124.wav,4.752384,500000,LASE.zip
LASE,LASE-61456986.wav,8.0,256000,LASE.zip
LASE,LASE-57192291.wav,7.068,256000,LASE.zip
LASE,LASE-57220579.wav,4.95616,500000,LASE.zip
LASE,LASE-61457505.wav,4.356,256000,LASE.zip
LASE,LASE-57221005.wav,3.234816,500000,LASE.zip
LASE,LASE-57220373.wav,5.419008,500000,LASE.zip
LASE,LASE-57231474.wav,3.885056,500000,LASE.zip
LASE,LASE-57191833.wav,5.986,256000,LASE.zip
LASE,LASE-57228246.wav,7.781376,500000,LASE.zip
LASE,LASE-57220386.wav,5.492736,500000,LASE.zip
LASE,LASE-57228437.wav,3.463168,500000,LASE.zip
LASE,LASE-57220797.wav,6.38976,500000,LASE.zip
LASE,LASE-57221356.wav,3.71712,500000,LASE.zip
LASE,LASE-57215154.wav,4.509696,500000,LASE.zip
LASE,LASE-57221692.wav,3.397632,500000,LASE.zip
LASE,LASE-57238891.wav,3.224576,500000,LASE.zip
LASE,LASE-57191643.wav,3.384,256000,LASE.zip
LASE,LASE-61457134.wav,3.216,256000,LASE.zip
LASE,LASE-57221453.wav,6.857728,500000,LASE.zip
LASE,LASE-57221299.wav,7.368704,500000,LASE.zip
LASE,LASE-57222078.wav,3.013632,500000,LASE.zip
LASE,LASE-57216184.wav,3.902464,500000,LASE.zip
LASE,LASE-57237354.wav,3.38944,500000,LASE.zip
LASE,LASE-57220578.wav,4.360192,500000,LASE.zip
LASE,LASE-57205902.wav,3.935232,500000,LASE.zip
LASE,LASE-57237483.wav,3.621888,500000,LASE.zip
LASE,LASE-57220900.wav,5.38112,500000,LASE.zip
LASE,LASE-57225439.wav,4.328448,500000,LASE.zip
LASE,LASE-57220512.wav,3.483648,500000,LASE.zip
LASE,LASE-57191730.wav,6.89,256000,LASE.zip
LASE,LASE-61457400.wav,8.0,256000,LASE.zip
LASE,LASE-57197960.wav,5.44768,500000,LASE.zip
LASE,LASE-57220342.wav,4.732928,500000,LASE.zip
LASE,LASE-61457038.wav,3.916,256000,LASE.zip
LASE,LASE-57222435.wav,3.00544,500000,LASE.zip
LASE,LASE-57227791.wav,7.329792,500000,LASE.zip
LASE,LASE-57220531.wav,4.2496,500000,LASE.zip
LASE,LASE-57225448.wav,6.723584,500000,LASE.zip
LASE,LASE-57225498.wav,6.493184,500000,LASE.zip
LASE,LASE-57222693.wav,3.012608,500000,LASE.zip
LASE,LASE-57191882.wav,4.528,256000,LASE.zip
LASE,LASE-57239067.wav,7.673856,500000,LASE.zip
LASE,LASE-57215005.wav,7.129088,500000,LASE.zip
LASE,LASE-57215931.wav,3.295232,500000,LASE.zip
LASE,LASE-57238746.wav,4.839424,500000,LASE.zip
LASE,LASE-57192283.wav,4.736,256000,LASE.zip
LASE,LASE-57215006.wav,4.989952,500000,LASE.zip
LASE,LASE-57239035.wav,3.6096,500000,LASE.zip
LASE,LASE-61457079.wav,4.07,256000,LASE.zip
LASE,LASE-57220237.wav,3.2,500000,LASE.zip
LASE,LASE-57192200.wav,3.652,256000,LASE.zip
LASE,LASE-57228081.wav,5.87776,500000,LASE.zip
LASE,LASE-57191852.wav,7.926,256000,LASE.zip
LASE,LASE-57226936.wav,5.066752,500000,LASE.zip
LASE,LASE-57191907.wav,8.02,256000,LASE.zip
MYCA,MYCA-60354488.wav,3.932,384000,MYCA.zip
MYCA,MYCA-28298617.wav,3.68,192000,MYCA.zip
MYCA,MYCA-64883494.wav,3.0,500000,MYCA.zip
MYCA,MYCA-26688512.wav,5.6,192000,MYCA.zip
MYCA,MYCA-29874779.wav,5.004,192000,MYCA.zip
MYCA,MYCA-28544747.wav,5.407333333333334,384000,MYCA.zip
MYCA,MYCA-73643785.wav,4.216,256000,MYCA.zip
MYCA,MYCA-3041747.wav,4.999022,500000,MYCA.zip
MYCA,MYCA-63091671.wav,6.0,384000,MYCA.zip
MYCA,MYCA-3060641.wav,4.999022,500000,MYCA.zip
MYCA,MYCA-54319875.wav,6.0,384000,MYCA.zip
MYCA,MYCA-3022358.wav,4.999022,500000,MYCA.zip
MYCA,MYCA-64875267.wav,5.0,500000,MYCA.zip
MYCA,MYCA-58054145.wav,6.0,384000,MYCA.zip
MYCA,MYCA-33431084.wav,6.8,256000,MYCA.zip
MYCA,MYCA-29810590.wav,5.0,192000,MYCA.zip
MYCA,MYCA-1986088.wav,6.0,384000,MYCA.zip
MYCA,MYCA-28589836.wav,6.0,384000,MYCA.zip
MYCA,MYCA-32910983.wav,7.596,256000,MYCA.zip
MYCA,MYCA-64868738.wav,5.0,500000,MYCA.zip
MYCA,MYCA-58054146.wav,6.0,384000,MYCA.zip
MYCA,MYCA-28554319.wav,5.849333333333333,384000,MYCA.zip
MYCA,MYCA-1985964.wav,6.0,384000,MYCA.zip
MYCA,MYCA-53877201.wav,4.998976,500000,MYCA.zip
MYCA,MYCA-55083118.wav,7.941333333333334,192000,MYCA.zip
MYCA,MYCA-26686874.wav,5.049333333333333,192000,MYCA.zip
MYCA,MYCA-54421490.wav,6.88,256000,MYCA.zip
MYCA,MYCA-3034385.wav,4.999022,500000,MYCA.zip
MYCA,MYCA-31618346.wav,4.99992,500000,MYCA.zip
MYCA,MYCA-28357550.wav,5.906666666666666,384000,MYCA.zip
MYCA,MYCA-33449309.wav,5.364,256000,MYCA.zip
MYCA,MYCA-64897903.wav,5.0,500000,MYCA.zip
MYCA,MYCA-32908458.wav,5.865,256000,MYCA.zip
MYCA,MYCA-60369659.wav,6.19,256000,MYCA.zip
MYCA,MYCA-32911528.wav,3.598,256000,MYCA.zip
MYCA,MYCA-31657780.wav,4.99992,500000,MYCA.zip
MYCA,MYCA-29875729.wav,5.004,192000,MYCA.zip
MYCA,MYCA-60353456.wav,4.774666666666667,384000,MYCA.zip
MYCA,MYCA-1512117.wav,4.99837,300000,MYCA.zip
MYCA,MYCA-1986094.wav,6.0,384000,MYCA.zip
MYCA,MYCA-28342088.wav,5.717333333333333,384000,MYCA.zip
MYCA,MYCA-53862605.wav,4.998976,500000,MYCA.zip
MYCA,MYCA-29810992.wav,5.0,192000,MYCA.zip
MYCA,MYCA-3039545.wav,4.999022,500000,MYCA.zip
MYCA,MYCA-26686888.wav,5.48,192000,MYCA.zip
MYCA,MYCA-2811183.wav,4.999022,500000,MYCA.zip
MYCA,MYCA-32059752.wav,6.0,384000,MYCA.zip
MYCA,MYCA-64866741.wav,5.0,300000,MYCA.zip
MYCA,MYCA-64957710.wav,5.0,500000,MYCA.zip
MYCA,MYCA-64872829.wav,3.0,500000,MYCA.zip
MYCA,MYCA-29874718.wav,5.004,192000,MYCA.zip
MYCA,MYCA-1376473.wav,4.99837,300000,MYCA.zip
MYCA,MYCA-64868879.wav,5.0,500000,MYCA.zip
MYCA,MYCA-29788608.wav,4.34,192000,MYCA.zip
MYCA,MYCA-2835462.wav,4.999022,500000,MYCA.zip
MYCA,MYCA-60295709.wav,5.0,500000,MYCA.zip
MYCA,MYCA-31678507.wav,4.99992,500000,MYCA.zip
MYCA,MYCA-30504731.wav,6.0,384000,MYCA.zip
MYCA,MYCA-73560411.wav,5.0,256000,MYCA.zip
MYCA,MYCA-2535316.wav,6.0,384000,MYCA.zip
MYCA,MYCA-60369686.wav,5.462,256000,MYCA.zip
MYCA,MYCA-1309196.wav,4.99837,300000,MYCA.zip
MYCA,MYCA-2870671.wav,4.999022,500000,MYCA.zip
MYCA,MYCA-55478732.wav,2.998976,500000,MYCA.zip
MYCA,MYCA-185146.wav,6.336,256000,MYCA.zip
MYCA,MYCA-3016383.wav,4.999022,500000,MYCA.zip
MYCA,MYCA-60353806.wav,6.0,384000,MYCA.zip
MYCA,MYCA-58051225.wav,6.0,384000,MYCA.zip
MYCA,MYCA-2811203.wav,4.999022,500000,MYCA.zip
MYCA,MYCA-55350575.wav,6.0,384000,MYCA.zip
MYCA,MYCA-30507318.wav,3.94,384000,MYCA.zip
MYCA,MYCA-3035747.wav,4.999022,500000,MYCA.zip
MYCA,MYCA-1939382.wav,4.999022,500000,MYCA.zip
MYCA,MYCA-26686738.wav,5.153333333333333,192000,MYCA.zip
MYCA,MYCA-54198445.wav,4.998976,500000,MYCA.zip
MYCA,MYCA-33447502.wav,5.006,256000,MYCA.zip
MYCA,MYCA-26700630.wav,6.016,320000,MYCA.zip
MYCA,MYCA-28304067.wav,5.0,192000,MYCA.zip
MYCA,MYCA-64895640.wav,3.0,500000,MYCA.zip
MYCA,MYCA-4118406.wav,4.998976,500000,MYCA.zip
MYCA,MYCA-73580606.wav,5.004,192000,MYCA.zip
MYCA,MYCA-58056511.wav,6.0,384000,MYCA.zip
MYCA,MYCA-12631791.wav,4.998976,500000,MYCA.zip
MYCA,MYCA-28300164.wav,5.0,192000,MYCA.zip
MYCA,MYCA-2002414.wav,6.0,384000,MYCA.zip
MYCA,MYCA-26686429.wav,3.464,192000,MYCA.zip
MYCA,MYCA-31859284.wav,4.99992,500000,MYCA.zip
MYCA,MYCA-73577676.wav,5.004,192000,MYCA.zip
MYCA,MYCA-28302584.wav,5.0,192000,MYCA.zip
MYCA,MYCA-58057169.wav,6.0,384000,MYCA.zip
MYCA,MYCA-28369256.wav,6.0,384000,MYCA.zip
MYCA,MYCA-64956914.wav,5.0,500000,MYCA.zip
MYCA,MYCA-29875035.wav,3.917333333333333,192000,MYCA.zip
MYCA,MYCA-28342167.wav,6.0,384000,MYCA.zip
MYCA,MYCA-28330469.wav,6.0,384000,MYCA.zip
MYCA,MYCA-64957274.wav,5.0,500000,MYCA.zip
MYCA,MYCA-54418300.wav,5.617,256000,MYCA.zip
MYCA,MYCA-73607874.wav,5.0,256000,MYCA.zip
MYCA,MYCA-1323390.wav,4.999022,500000,MYCA.zip
MYCA,MYCA-2043413.wav,4.999022,500000,MYCA.zip
MYCA,MYCA-3054630.wav,4.999022,500000,MYCA.zip
MYCA,MYCA-32049101.wav,6.0,384000,MYCA.zip
MYCA,MYCA-28602111.wav,5.494,384000,MYCA.zip
MYCA,MYCA-64956649.wav,5.0,500000,MYCA.zip
MYCA,MYCA-28405922.wav,6.0,384000,MYCA.zip
MYCA,MYCA-74445509.wav,6.0,384000,MYCA.zip
MYCA,MYCA-64868878.wav,5.0,500000,MYCA.zip
MYCA,MYCA-28341905.wav,5.534666666666666,384000,MYCA.zip
MYCA,MYCA-74443515.wav,6.0,384000,MYCA.zip
MYCA,MYCA-73607094.wav,4.498,256000,MYCA.zip
MYCA,MYCA-64862064.wav,5.0,500000,MYCA.zip
MYCA,MYCA-63086247.wav,6.0,384000,MYCA.zip
MYCA,MYCA-63088544.wav,6.0,384000,MYCA.zip
MYCA,MYCA-3011725.wav,4.999022,500000,MYCA.zip
MYCA,MYCA-182441.wav,5.004,256000,MYCA.zip
MYCA,MYCA-28534315.wav,5.317333333333333,384000,MYCA.zip
MYCA,MYCA-60295791.wav,3.0,500000,MYCA.zip
MYCA,MYCA-1325348.wav,3.926,256000,MYCA.zip
MYCA,MYCA-29873529.wav,2.7186666666666666,192000,MYCA.zip
MYCA,MYCA-187906.wav,5.368,256000,MYCA.zip
MYCA,MYCA-26686816.wav,5.922666666666666,192000,MYCA.zip
MYCA,MYCA-184001.wav,4.89,256000,MYCA.zip
MYCA,MYCA-3042543.wav,4.999022,500000,MYCA.zip
MYCA,MYCA-64873656.wav,5.0,500000,MYCA.zip
MYCA,MYCA-64897919.wav,5.0,500000,MYCA.zip
MYCA,MYCA-55348913.wav,6.0,384000,MYCA.zip
MYCA,MYCA-12631661.wav,4.998976,500000,MYCA.zip
MYCA,MYCA-54315777.wav,6.0,384000,MYCA.zip
MYCA,MYCA-64957318.wav,5.0,500000,MYCA.zip
MYCA,MYCA-73529006.wav,2.884,192000,MYCA.zip
MYCA,MYCA-28300641.wav,5.0,192000,MYCA.zip
MYCA,MYCA-73570080.wav,2.8573333333333335,192000,MYCA.zip
MYCA,MYCA-32883926.wav,6.0,384000,MYCA.zip
MYCA,MYCA-30502570.wav,6.0,384000,MYCA.zip
MYCA,MYCA-64867748.wav,5.0,500000,MYCA.zip
MYCA,MYCA-60369684.wav,6.24,256000,MYCA.zip
MYCA,MYCA-2538547.wav,6.0,384000,MYCA.zip
MYCA,MYCA-64895839.wav,5.0,500000,MYCA.zip
MYCA,MYCA-26688918.wav,2.532,192000,MYCA.zip
MYCA,MYCA-28540876.wav,6.0,384000,MYCA.zip
MYCA,MYCA-2823006.wav,4.999022,500000,MYCA.zip
MYCA,MYCA-3011189.wav,4.999022,500000,MYCA.zip
MYCA,MYCA-53859672.wav,4.998976,500000,MYCA.zip
MYCA,MYCA-33441443.wav,5.176,256000,MYCA.zip
MYCA,MYCA-53859659.wav,4.998976,500000,MYCA.zip
MYCA,MYCA-2001658.wav,6.0,384000,MYCA.zip
MYCA,MYCA-31631748.wav,4.99992,500000,MYCA.zip
MYCA,MYCA-29874841.wav,5.004,192000,MYCA.zip
MYCA,MYCA-60353070.wav,3.9,384000,MYCA.zip
MYCA,MYCA-26686873.wav,5.616,192000,MYCA.zip
MYCA,MYCA-54317725.wav,6.0,384000,MYCA.zip
MYCA,MYCA-58056030.wav,6.0,384000,MYCA.zip
MYCA,MYCA-73524282.wav,5.004,192000,MYCA.zip
MYCA,MYCA-54318304.wav,6.0,384000,MYCA.zip
MYCA,MYCA-60489079.wav,5.0,500000,MYCA.zip
MYCA,MYCA-28419124.wav,5.637333333333333,384000,MYCA.zip
MYCA,MYCA-64956509.wav,5.0,500000,MYCA.zip
MYCA,MYCA-33221473.wav,6.184,256000,MYCA.zip
MYCA,MYCA-28405877.wav,6.0,384000,MYCA.zip
MYCA,MYCA-3060900.wav,4.999022,500000,MYCA.zip
MYCA,MYCA-3015122.wav,4.999022,500000,MYCA.zip
MYCA,MYCA-54306976.wav,6.0,384000,MYCA.zip
MYCA,MYCA-178985.wav,5.028,256000,MYCA.zip
MYCA,MYCA-53280398.wav,4.998976,500000,MYCA.zip
MYCA,MYCA-53843537.wav,4.998976,500000,MYCA.zip
MYCA,MYCA-29875724.wav,3.062666666666667,192000,MYCA.zip
MYCA,MYCA-28337678.wav,5.795,256000,MYCA.zip
MYCA,MYCA-3048803.wav,4.999022,500000,MYCA.zip
MYCA,MYCA-26713124.wav,6.0,384000,MYCA.zip
MYCA,MYCA-30258529.wav,4.764,256000,MYCA.zip
MYCA,MYCA-73598399.wav,2.702,256000,MYCA.zip
MYCA,MYCA-31712970.wav,4.99992,500000,MYCA.zip
MYCA,MYCA-31618206.wav,4.99992,500000,MYCA.zip
MYCA,MYCA-26687931.wav,7.373333333333333,192000,MYCA.zip
MYCA,MYCA-3043540.wav,4.999022,500000,MYCA.zip
MYCA,MYCA-28356427.wav,6.0,384000,MYCA.zip
MYCA,MYCA-26688568.wav,4.041333333333333,192000,MYCA.zip
MYCA,MYCA-73598656.wav,3.752,256000,MYCA.zip
MYCA,MYCA-2002409.wav,6.0,384000,MYCA.zip
MYCA,MYCA-26713598.wav,6.0,384000,MYCA.zip
MYCA,MYCA-53870381.wav,4.998976,500000,MYCA.zip
MYCA,MYCA-29874868.wav,5.004,192000,MYCA.zip
MYCA,MYCA-64878715.wav,5.0,500000,MYCA.zip
MYCA,MYCA-3031674.wav,4.999022,500000,MYCA.zip
MYCA,MYCA-64862063.wav,5.0,500000,MYCA.zip
MYCA,MYCA-63090937.wav,6.0,384000,MYCA.zip
MYCA,MYCA-2156362.wav,6.0,384000,MYCA.zip
MYCA,MYCA-64872920.wav,5.0,500000,MYCA.zip
MYCA,MYCA-29875674.wav,5.004,192000,MYCA.zip
MYCA,MYCA-29873537.wav,4.016,192000,MYCA.zip
MYCA,MYCA-55349337.wav,6.0,384000,MYCA.zip
MYCA,MYCA-29371972.wav,4.998976,500000,MYCA.zip
MYCA,MYCA-33211150.wav,6.5,256000,MYCA.zip
MYCA,MYCA-28863102.wav,6.542,256000,MYCA.zip
MYCA,MYCA-28617440.wav,6.0,384000,MYCA.zip
MYCA,MYCA-32883785.wav,6.0,384000,MYCA.zip
MYCA,MYCA-64873657.wav,5.0,500000,MYCA.zip
MYCA,MYCA-73560418.wav,5.0,256000,MYCA.zip
MYCA,MYCA-26686648.wav,5.078666666666667,192000,MYCA.zip
MYCA,MYCA-73607867.wav,5.0,256000,MYCA.zip
MYCA,MYCA-31679274.wav,4.99992,500000,MYCA.zip
MYCA,MYCA-63091627.wav,6.0,384000,MYCA.zip
MYCA,MYCA-26689460.wav,5.768,192000,MYCA.zip
MYCA,MYCA-166112.wav,5.504,256000,MYCA.zip
MYCA,MYCA-73565421.wav,5.004,192000,MYCA.zip
MYCA,MYCA-60353551.wav,6.0,384000,MYCA.zip
MYCA,MYCA-55021842.wav,5.234666666666667,192000,MYCA.zip
MYCA,MYCA-53784121.wav,4.998976,500000,MYCA.zip
MYCA,MYCA-28588785.wav,6.0,384000,MYCA.zip
MYCA,MYCA-26713601.wav,6.0,384000,MYCA.zip
MYCA,MYCA-28297257.wav,5.0,192000,MYCA.zip
MYCA,MYCA-2535253.wav,6.0,384000,MYCA.zip
MYCA,MYCA-32049908.wav,6.0,384000,MYCA.zip
MYCA,MYCA-33212803.wav,3.082,256000,MYCA.zip
MYCA,MYCA-28863302.wav,5.344,256000,MYCA.zip
MYCA,MYCA-12632048.wav,4.998976,500000,MYCA.zip
MYCA,MYCA-54316665.wav,6.0,384000,MYCA.zip
MYCA,MYCA-26689029.wav,6.057333333333333,192000,MYCA.zip
MYCA,MYCA-2866747.wav,4.999022,500000,MYCA.zip
MYCA,MYCA-64956591.wav,5.0,500000,MYCA.zip
MYCA,MYCA-55024749.wav,5.289333333333333,192000,MYCA.zip
MYCA,MYCA-14453.wav,6.0,384000,MYCA.zip
MYCA,MYCA-60369670.wav,6.888,256000,MYCA.zip
MYCA,MYCA-3031866.wav,4.999022,500000,MYCA.zip
MYCA,MYCA-32045934.wav,6.0,384000,MYCA.zip
MYCA,MYCA-64894817.wav,5.0,500000,MYCA.zip
MYCA,MYCA-54321568.wav,6.0,384000,MYCA.zip
MYCA,MYCA-2632899.wav,4.998976,500000,MYCA.zip
MYCA,MYCA-2001656.wav,6.0,384000,MYCA.zip
MYCA,MYCA-26689490.wav,4.945333333333333,192000,MYCA.zip
MYCA,MYCA-26711698.wav,4.3,384000,MYCA.zip
MYCA,MYCA-32907778.wav,6.064,256000,MYCA.zip
MYCA,MYCA-2535487.wav,6.0,384000,MYCA.zip
MYCA,MYCA-1985960.wav,6.0,384000,MYCA.zip
MYCA,MYCA-64895398.wav,5.0,500000,MYCA.zip
MYCA,MYCA-64895639.wav,3.0,500000,MYCA.zip
MYCA,MYCA-54316805.wav,6.0,384000,MYCA.zip
MYCA,MYCA-73580608.wav,5.004,192000,MYCA.zip
MYCA,MYCA-26687775.wav,3.3946666666666667,192000,MYCA.zip
MYCA,MYCA-54320531.wav,6.0,384000,MYCA.zip
MYCA,MYCA-1554915.wav,8.062,256000,MYCA.zip
MYCA,MYCA-192068.wav,6.642,256000,MYCA.zip
MYCA,MYCA-29841976.wav,5.004,192000,MYCA.zip
MYCA,MYCA-58057170.wav,6.0,384000,MYCA.zip
MYCA,MYCA-2806994.wav,4.999022,500000,MYCA.zip
MYCA,MYCA-3015233.wav,4.999022,500000,MYCA.zip
MYCA,MYCA-54317712.wav,6.0,384000,MYCA.zip
MYCA,MYCA-28406044.wav,6.0,384000,MYCA.zip
MYCA,MYCA-29873204.wav,5.004,192000,MYCA.zip
MYCA,MYCA-29006878.wav,4.314,256000,MYCA.zip
MYCA,MYCA-26686649.wav,2.5613333333333332,192000,MYCA.zip
MYCA,MYCA-35540068.wav,6.0,256000,MYCA.zip
MYCA,MYCA-3028441.wav,4.999022,500000,MYCA.zip
MYCA,MYCA-55022278.wav,5.350666666666666,192000,MYCA.zip
MYCA,MYCA-53843903.wav,4.998976,500000,MYCA.zip
MYCA,MYCA-26689459.wav,4.781333333333333,192000,MYCA.zip
MYCA,MYCA-58056031.wav,6.0,384000,MYCA.zip
MYCA,MYCA-190895.wav,7.548,256000,MYCA.zip
MYCA,MYCA-2629919.wav,4.998976,500000,MYCA.zip
MYCA,MYCA-28331895.wav,6.0,384000,MYCA.zip
MYCA,MYCA-28297666.wav,5.0,192000,MYCA.zip
MYCA,MYCA-31641314.wav,4.99992,500000,MYCA.zip
MYCA,MYCA-55351026.wav,6.0,384000,MYCA.zip
MYCA,MYCA-28541117.wav,6.0,384000,MYCA.zip
MYCA,MYCA-64879835.wav,5.0,500000,MYCA.zip
MYCA,MYCA-32911529.wav,4.32,256000,MYCA.zip
MYCA,MYCA-35540997.wav,6.0,256000,MYCA.zip
MYCA,MYCA-33844780.wav,6.0,384000,MYCA.zip
MYCA,MYCA-53877226.wav,4.998976,500000,MYCA.zip
MYCA,MYCA-2820950.wav,4.999022,500000,MYCA.zip
MYCA,MYCA-29409043.wav,5.152,256000,MYCA.zip
MYCA,MYCA-268442.wav,4.216,256000,MYCA.zip
MYCA,MYCA-54306456.wav,4.521333333333334,384000,MYCA.zip
MYCA,MYCA-32883719.wav,6.0,384000,MYCA.zip
MYCA,MYCA-32050085.wav,6.0,384000,MYCA.zip
MYCA,MYCA-54422529.wav,6.0,384000,MYCA.zip
MYCA,MYCA-32051241.wav,6.0,384000,MYCA.zip
MYCA,MYCA-32884458.wav,6.0,384000,MYCA.zip
MYCA,MYCA-73511410.wav,5.0,256000,MYCA.zip
MYCA,MYCA-55081748.wav,5.528,192000,MYCA.zip
MYCA,MYCA-28591534.wav,5.898666666666666,384000,MYCA.zip
MYCA,MYCA-32059753.wav,5.177333333333333,384000,MYCA.zip
MYCA,MYCA-63090227.wav,6.0,384000,MYCA.zip
MYCA,MYCA-186961.wav,5.946,256000,MYCA.zip
MYCA,MYCA-26686906.wav,4.518666666666666,192000,MYCA.zip
MYCA,MYCA-54320192.wav,6.0,384000,MYCA.zip
MYCA,MYCA-55349600.wav,6.0,384000,MYCA.zip
MYCA,MYCA-30502571.wav,6.0,384000,MYCA.zip
MYCA,MYCA-54317550.wav,5.405333333333333,384000,MYCA.zip
MYCA,MYCA-73642918.wav,3.654,256000,MYCA.zip
MYCA,MYCA-63091652.wav,5.697333333333333,384000,MYCA.zip
MYCA,MYCA-64892074.wav,5.0,500000,MYCA.zip
MYCA,MYCA-28591908.wav,5.745333333333333,384000,MYCA.zip
MYCA,MYCA-225240.wav,7.326,256000,MYCA.zip
MYCA,MYCA-31636439.wav,4.99992,500000,MYCA.zip
MYCA,MYCA-1398807.wav,4.99837,300000,MYCA.zip
MYCA,MYCA-29873262.wav,5.004,192000,MYCA.zip
MYCA,MYCA-53784175.wav,4.998976,500000,MYCA.zip
MYCA,MYCA-60369673.wav,8.028,256000,MYCA.zip
MYCA,MYCA-64897701.wav,5.0,500000,MYCA.zip
MYCA,MYCA-31613661.wav,4.99992,500000,MYCA.zip
MYCA,MYCA-3034265.wav,4.999022,500000,MYCA.zip
MYCA,MYCA-32062155.wav,6.0,384000,MYCA.zip
MYCA,MYCA-55351695.wav,6.0,384000,MYCA.zip
MYCA,MYCA-26711689.wav,6.0,384000,MYCA.zip
MYCA,MYCA-53845153.wav,4.998976,500000,MYCA.zip
MYCA,MYCA-64894815.wav,5.0,500000,MYCA.zip
MYCA,MYCA-56652774.wav,6.0,384000,MYCA.zip
MYCA,MYCA-73580509.wav,5.004,192000,MYCA.zip
MYCA,MYCA-32052150.wav,6.0,384000,MYCA.zip
MYCA,MYCA-2818407.wav,4.999022,500000,MYCA.zip
MYCA,MYCA-97905.wav,6.622,256000,MYCA.zip
MYCA,MYCA-73560195.wav,5.0,256000,MYCA.zip
MYCA,MYCA-2826416.wav,4.999022,500000,MYCA.zip
MYCA,MYCA-64868740.wav,5.0,500000,MYCA.zip
MYCA,MYCA-32908449.wav,3.879,256000,MYCA.zip
MYCA,MYCA-54311227.wav,5.789333333333333,384000,MYCA.zip
MYCA,MYCA-64868739.wav,5.0,500000,MYCA.zip
MYCA,MYCA-3043607.wav,4.999022,500000,MYCA.zip
MYCA,MYCA-31655323.wav,4.99992,500000,MYCA.zip
MYCA,MYCA-13600604.wav,4.998976,500000,MYCA.zip
MYCA,MYCA-28367754.wav,6.0,384000,MYCA.zip
MYCA,MYCA-54427919.wav,5.304666666666667,384000,MYCA.zip
MYCA,MYCA-55348519.wav,6.0,384000,MYCA.zip
MYCA,MYCA-55349924.wav,6.0,384000,MYCA.zip
MYCA,MYCA-54425195.wav,6.0,384000,MYCA.zip
MYCA,MYCA-29371978.wav,4.998976,500000,MYCA.zip
MYCA,MYCA-3063269.wav,4.999022,500000,MYCA.zip
MYCA,MYCA-73517236.wav,5.004,192000,MYCA.zip
MYCA,MYCA-268860.wav,4.404,256000,MYCA.zip
MYCA,MYCA-3013266.wav,4.999022,500000,MYCA.zip
MYCA,MYCA-53863168.wav,4.998976,500000,MYCA.zip
MYCA,MYCA-63089985.wav,6.0,384000,MYCA.zip
MYCA,MYCA-2537279.wav,6.0,384000,MYCA.zip
MYCA,MYCA-73629909.wav,2.884,256000,MYCA.zip
MYCA,MYCA-2619050.wav,4.999022,500000,MYCA.zip
MYCA,MYCA-73560599.wav,4.348,256000,MYCA.zip
MYCA,MYCA-32908448.wav,5.655,256000,MYCA.zip
MYCA,MYCA-2809706.wav,4.999022,500000,MYCA.zip
MYCA,MYCA-12443812.wav,4.998976,500000,MYCA.zip
MYCA,MYCA-28298032.wav,5.0,192000,MYCA.zip
MYCA,MYCA-14216.wav,6.0,384000,MYCA.zip
MYCA,MYCA-28300159.wav,5.0,192000,MYCA.zip
MYCA,MYCA-58054144.wav,6.0,384000,MYCA.zip
MYCA,MYCA-58057168.wav,6.0,384000,MYCA.zip
MYCA,MYCA-63086724.wav,6.0,384000,MYCA.zip
MYCA,MYCA-64895840.wav,5.0,500000,MYCA.zip
MYCA,MYCA-53877155.wav,4.998976,500000,MYCA.zip
MYCA,MYCA-1985962.wav,6.0,384000,MYCA.zip
MYCA,MYCA-2537009.wav,5.164,384000,MYCA.zip
MYCA,MYCA-54316186.wav,6.0,384000,MYCA.zip
MYCA,MYCA-54425196.wav,6.0,384000,MYCA.zip
MYCA,MYCA-73570015.wav,2.668,192000,MYCA.zip
MYCA,MYCA-3039517.wav,4.999022,500000,MYCA.zip
MYCA,MYCA-63085818.wav,6.0,384000,MYCA.zip
MYCA,MYCA-32052148.wav,6.0,384000,MYCA.zip
MYCA,MYCA-3056552.wav,2.999022,500000,MYCA.zip
MYCA,MYCA-2830647.wav,4.999022,500000,MYCA.zip
MYCA,MYCA-29874954.wav,5.004,192000,MYCA.zip
MYCA,MYCA-26713725.wav,5.466666666666667,384000,MYCA.zip
MYCA,MYCA-29873340.wav,5.004,192000,MYCA.zip
MYCA,MYCA-3060376.wav,4.999022,500000,MYCA.zip
MYCA,MYCA-28372921.wav,6.0,384000,MYCA.zip
MYCA,MYCA-28532749.wav,6.0,384000,MYCA.zip
MYCA,MYCA-53784348.wav,4.998976,500000,MYCA.zip
MYCA,MYCA-54306439.wav,6.0,384000,MYCA.zip
MYCA,MYCA-2870944.wav,2.999022,500000,MYCA.zip
MYCA,MYCA-28596904.wav,6.0,384000,MYCA.zip
MYCA,MYCA-33446857.wav,6.124,256000,MYCA.zip
MYCA,MYCA-73536886.wav,4.836,192000,MYCA.zip
MYCA,MYCA-28300859.wav,5.0,192000,MYCA.zip
MYCA,MYCA-32885121.wav,6.0,384000,MYCA.zip
MYCA,MYCA-73628367.wav,4.006,256000,MYCA.zip
MYCA,MYCA-26688470.wav,4.573333333333333,192000,MYCA.zip
MYCA,MYCA-74443943.wav,6.0,384000,MYCA.zip
MYCA,MYCA-28591365.wav,6.0,384000,MYCA.zip
MYCA,MYCA-1986085.wav,6.0,384000,MYCA.zip
MYCA,MYCA-26714492.wav,4.072,384000,MYCA.zip
MYCA,MYCA-28300165.wav,5.0,192000,MYCA.zip
MYCA,MYCA-33447500.wav,4.938,256000,MYCA.zip
MYCA,MYCA-54317135.wav,5.073333333333333,384000,MYCA.zip
MYCA,MYCA-28353350.wav,6.0,384000,MYCA.zip
MYCA,MYCA-64869272.wav,5.0,500000,MYCA.zip
MYCA,MYCA-64872170.wav,5.0,500000,MYCA.zip
MYCA,MYCA-54316773.wav,4.993333333333333,384000,MYCA.zip
MYCA,MYCA-73598395.wav,5.0,256000,MYCA.zip
MYCA,MYCA-31624292.wav,4.99992,500000,MYCA.zip
MYCA,MYCA-54418124.wav,4.304,256000,MYCA.zip
MYCA,MYCA-54323342.wav,6.0,384000,MYCA.zip
MYCA,MYCA-2840597.wav,4.999022,500000,MYCA.zip
MYCA,MYCA-3043447.wav,4.999022,500000,MYCA.zip
MYCA,MYCA-73607946.wav,5.0,256000,MYCA.zip
MYCA,MYCA-28549541.wav,6.0,384000,MYCA.zip
MYCA,MYCA-30507319.wav,4.221333333333333,384000,MYCA.zip
MYCA,MYCA-28554318.wav,6.0,384000,MYCA.zip
MYCA,MYCA-73534063.wav,3.0733333333333333,192000,MYCA.zip
MYCA,MYCA-31636440.wav,4.99992,500000,MYCA.zip
MYCA,MYCA-28624387.wav,6.0,384000,MYCA.zip
MYCA,MYCA-64861150.wav,5.0,500000,MYCA.zip
MYCA,MYCA-64897702.wav,5.0,500000,MYCA.zip
MYCA,MYCA-26688468.wav,6.94,192000,MYCA.zip
MYCA,MYCA-26689023.wav,5.225333333333333,192000,MYCA.zip
MYCA,MYCA-33442003.wav,5.336,256000,MYCA.zip
MYCA,MYCA-2868423.wav,4.999022,500000,MYCA.zip
MYCA,MYCA-54319961.wav,6.0,384000,MYCA.zip
MYCA,MYCA-3029436.wav,4.999022,500000,MYCA.zip
MYCA,MYCA-64957220.wav,5.0,500000,MYCA.zip
MYCA,MYCA-28996498.wav,4.598,256000,MYCA.zip
MYCA,MYCA-29842106.wav,5.004,192000,MYCA.zip
MYCA,MYCA-28311078.wav,4.56,192000,MYCA.zip
MYCA,MYCA-73533594.wav,5.004,192000,MYCA.zip
MYCA,MYCA-64875721.wav,5.0,500000,MYCA.zip
MYCA,MYCA-53853916.wav,4.998976,500000,MYCA.zip
MYCA,MYCA-64867750.wav,5.0,500000,MYCA.zip
MYCA,MYCA-2811001.wav,4.999022,500000,MYCA.zip
MYCA,MYCA-28348366.wav,6.0,384000,MYCA.zip
MYCA,MYCA-31658746.wav,4.99992,500000,MYCA.zip
MYCA,MYCA-2002410.wav,6.0,384000,MYCA.zip
MYCA,MYCA-73552834.wav,4.818,256000,MYCA.zip
MYCA,MYCA-54321193.wav,6.0,384000,MYCA.zip
MYCA,MYCA-269080.wav,6.118,256000,MYCA.zip
MYCA,MYCA-3062701.wav,2.999022,500000,MYCA.zip
MYCA,MYCA-1939384.wav,4.999022,500000,MYCA.zip
MYCA,MYCA-60489078.wav,5.0,500000,MYCA.zip
MYCA,MYCA-2815369.wav,4.999022,500000,MYCA.zip
MYCA,MYCA-30502572.wav,6.0,384000,MYCA.zip
MYCA,MYCA-26700422.wav,3.9936,320000,MYCA.zip
MYCA,MYCA-33447121.wav,4.224,256000,MYCA.zip
MYCA,MYCA-73608344.wav,5.0,256000,MYCA.zip
MYCA,MYCA-29371991.wav,4.998976,500000,MYCA.zip
MYCA,MYCA-1401227.wav,4.999022,500000,MYCA.zip
MYCA,MYCA-2809334.wav,4.999022,500000,MYCA.zip
MYCA,MYCA-26688569.wav,2.8453333333333335,192000,MYCA.zip
MYCA,MYCA-55022358.wav,7.218666666666667,192000,MYCA.zip
MYCA,MYCA-33441463.wav,7.652,256000,MYCA.zip
MYCA,MYCA-31612072.wav,4.99992,500000,MYCA.zip
MYCA,MYCA-54320370.wav,6.0,384000,MYCA.zip
MYCA,MYCA-223888.wav,7.48,256000,MYCA.zip
MYCA,MYCA-73570924.wav,5.004,192000,MYCA.zip
MYCA,MYCA-29841483.wav,5.004,192000,MYCA.zip
MYCA,MYCA-32911524.wav,5.966,256000,MYCA.zip
MYCA,MYCA-31633789.wav,4.99992,500000,MYCA.zip
MYCA,MYCA-31625422.wav,4.99992,500000,MYCA.zip
MYCA,MYCA-53877171.wav,4.998976,500000,MYCA.zip
MYCA,MYCA-28297801.wav,3.490666666666667,192000,MYCA.zip
MYCA,MYCA-28405921.wav,6.0,384000,MYCA.zip
MYCA,MYCA-63089896.wav,6.0,384000,MYCA.zip
MYCA,MYCA-1545794.wav,6.018,256000,MYCA.zip
MYCA,MYCA-28356353.wav,6.0,384000,MYCA.zip
MYCA,MYCA-29788546.wav,3.7826666666666666,192000,MYCA.zip
MYCA,MYCA-31612488.wav,2.99992,500000,MYCA.zip
MYCA,MYCA-31677491.wav,4.99992,500000,MYCA.zip
MYCA,MYCA-53861822.wav,4.998976,500000,MYCA.zip
MYCA,MYCA-29874786.wav,5.004,192000,MYCA.zip
MYCA,MYCA-3056139.wav,4.999022,500000,MYCA.zip
MYCA,MYCA-73573098.wav,5.004,192000,MYCA.zip
MYCA,MYCA-2871729.wav,4.999022,500000,MYCA.zip
MYCA,MYCA-3040718.wav,4.999022,500000,MYCA.zip
MYCA,MYCA-2830089.wav,4.999022,500000,MYCA.zip
MYCA,MYCA-28404687.wav,6.0,384000,MYCA.zip
MYCA,MYCA-32058039.wav,5.868,384000,MYCA.zip
MYCA,MYCA-64878368.wav,3.0,500000,MYCA.zip
MYCA,MYCA-63090021.wav,6.0,384000,MYCA.zip
MYCA,MYCA-64878714.wav,5.0,500000,MYCA.zip
MYCA,MYCA-28404661.wav,6.0,384000,MYCA.zip
MYCA,MYCA-54426865.wav,6.0,384000,MYCA.zip
MYCA,MYCA-29833183.wav,3.3306666666666667,192000,MYCA.zip
MYCA,MYCA-26688469.wav,7.589333333333333,192000,MYCA.zip
MYCA,MYCA-55020736.wav,7.644,192000,MYCA.zip
MYCA,MYCA-3038469.wav,4.999022,500000,MYCA.zip
MYCA,MYCA-3055156.wav,4.999022,500000,MYCA.zip
MYCA,MYCA-31627276.wav,4.99992,500000,MYCA.zip
MYCA,MYCA-31635973.wav,4.99992,500000,MYCA.zip
MYCA,MYCA-33493552.wav,4.998976,500000,MYCA.zip
MYCA,MYCA-33845489.wav,6.0,384000,MYCA.zip
MYCA,MYCA-26688966.wav,4.158666666666667,192000,MYCA.zip
MYCA,MYCA-29873655.wav,5.004,192000,MYCA.zip
MYCA,MYCA-3061170.wav,2.999022,500000,MYCA.zip
MYCA,MYCA-28863062.wav,6.388,256000,MYCA.zip
MYCA,MYCA-63091643.wav,6.0,384000,MYCA.zip
MYCA,MYCA-35540718.wav,6.0,256000,MYCA.zip
MYCA,MYCA-54428352.wav,6.0,384000,MYCA.zip
MYCA,MYCA-3053272.wav,4.999022,500000,MYCA.zip
MYCA,MYCA-64875720.wav,5.0,500000,MYCA.zip
MYCA,MYCA-33449287.wav,6.248,256000,MYCA.zip
MYCA,MYCA-33844958.wav,6.0,384000,MYCA.zip
MYCA,MYCA-28300255.wav,4.8613333333333335,192000,MYCA.zip
MYCA,MYCA-54310987.wav,6.0,384000,MYCA.zip
MYCA,MYCA-64873070.wav,3.0,500000,MYCA.zip
MYCA,MYCA-55350018.wav,6.0,384000,MYCA.zip
MYCA,MYCA-2001657.wav,6.0,384000,MYCA.zip
MYCA,MYCA-2820375.wav,4.999022,500000,MYCA.zip
MYCA,MYCA-28361736.wav,6.0,384000,MYCA.zip
MYCA,MYCA-64873028.wav,5.0,500000,MYCA.zip
MYCA,MYCA-26689492.wav,4.406666666666666,192000,MYCA.zip
MYCA,MYCA-29821948.wav,5.0,192000,MYCA.zip
MYCA,MYCA-64957596.wav,5.0,500000,MYCA.zip
MYCA,MYCA-63089668.wav,4.858666666666666,384000,MYCA.zip
MYCA,MYCA-3027380.wav,4.999022,500000,MYCA.zip
MYCA,MYCA-64874458.wav,5.0,500000,MYCA.zip
MYCA,MYCA-31641207.wav,4.99992,500000,MYCA.zip
MYCA,MYCA-53865344.wav,4.998976,500000,MYCA.zip
MYCA,MYCA-29874785.wav,5.004,192000,MYCA.zip
MYCA,MYCA-29873318.wav,5.004,192000,MYCA.zip
MYCA,MYCA-267545.wav,4.31,256000,MYCA.zip
MYCA,MYCA-3044597.wav,4.999022,500000,MYCA.zip
MYCA,MYCA-2835284.wav,2.999022,500000,MYCA.zip
MYCA,MYCA-3011146.wav,4.999022,500000,MYCA.zip
MYCA,MYCA-64862065.wav,5.0,500000,MYCA.zip
MYCA,MYCA-2002408.wav,6.0,384000,MYCA.zip
MYCA,MYCA-29841529.wav,4.478666666666666,192000,MYCA.zip
MYCA,MYCA-28303556.wav,5.0,192000,MYCA.zip
MYCA,MYCA-35540744.wav,6.0,256000,MYCA.zip
MYCA,MYCA-26712581.wav,6.0,384000,MYCA.zip
MYCA,MYCA-64897938.wav,5.0,500000,MYCA.zip
MYCA,MYCA-28350844.wav,6.0,384000,MYCA.zip
MYCA,MYCA-64894276.wav,5.0,500000,MYCA.zip
MYCA,MYCA-63085817.wav,6.0,384000,MYCA.zip
MYCA,MYCA-64875645.wav,5.0,500000,MYCA.zip
MYCA,MYCA-35540473.wav,5.81,256000,MYCA.zip
MYCA,MYCA-33448467.wav,6.828,256000,MYCA.zip
MYCA,MYCA-2631965.wav,4.998976,500000,MYCA.zip
MYCA,MYCA-33846046.wav,6.0,384000,MYCA.zip
MYCA,MYCA-3025664.wav,4.999022,500000,MYCA.zip
MYCA,MYCA-54426007.wav,6.0,384000,MYCA.zip
MYCA,MYCA-1555732.wav,6.54,256000,MYCA.zip
MYCA,MYCA-54316052.wav,6.0,384000,MYCA.zip
MYCA,MYCA-55020711.wav,6.510666666666666,192000,MYCA.zip
MYCA,MYCA-60489080.wav,5.0,500000,MYCA.zip
MYCA,MYCA-2851956.wav,2.999022,500000,MYCA.zip
MYCA,MYCA-26713125.wav,6.0,384000,MYCA.zip
MYCA,MYCA-28601795.wav,6.0,384000,MYCA.zip
MYCA,MYCA-35541001.wav,6.0,256000,MYCA.zip
MYCA,MYCA-64869506.wav,5.0,500000,MYCA.zip
MYCA,MYCA-28532192.wav,6.0,384000,MYCA.zip
MYCA,MYCA-33846294.wav,6.0,384000,MYCA.zip
MYCA,MYCA-29371997.wav,4.998976,500000,MYCA.zip
MYCA,MYCA-73607868.wav,5.0,256000,MYCA.zip
MYCA,MYCA-3032158.wav,4.999022,500000,MYCA.zip
MYCA,MYCA-58056032.wav,6.0,384000,MYCA.zip
MYCA,MYCA-28297211.wav,4.818666666666667,192000,MYCA.zip
MYCA,MYCA-53280504.wav,4.998976,500000,MYCA.zip
MYCA,MYCA-2865404.wav,4.999022,500000,MYCA.zip
MYCA,MYCA-28624903.wav,5.6593333333333335,384000,MYCA.zip
MYCA,MYCA-2808202.wav,2.999022,500000,MYCA.zip
MYCA,MYCA-31605208.wav,4.99992,500000,MYCA.zip
MYCA,MYCA-63089292.wav,6.0,384000,MYCA.zip
MYCA,MYCA-26688613.wav,5.617333333333334,192000,MYCA.zip
MYCA,MYCA-1399522.wav,4.99837,300000,MYCA.zip
MYCA,MYCA-26686425.wav,6.121333333333333,192000,MYCA.zip
MYCA,MYCA-185203.wav,6.472,256000,MYCA.zip
MYCA,MYCA-29164292.wav,4.998976,500000,MYCA.zip
MYCA,MYCA-55351369.wav,6.0,384000,MYCA.zip
MYCA,MYCA-29842354.wav,5.004,192000,MYCA.zip
MYCA,MYCA-64872828.wav,3.0,500000,MYCA.zip
MYCA,MYCA-266043.wav,5.856,256000,MYCA.zip
MYCA,MYCA-53783804.wav,4.998976,500000,MYCA.zip
MYCA,MYCA-31657168.wav,4.99992,500000,MYCA.zip
MYCA,MYCA-35540979.wav,6.0,256000,MYCA.zip
MYCA,MYCA-53784599.wav,4.998976,500000,MYCA.zip
MYCA,MYCA-64866747.wav,5.0,300000,MYCA.zip
MYCA,MYCA-29006846.wav,5.218,256000,MYCA.zip
MYCA,MYCA-54307062.wav,6.0,384000,MYCA.zip
MYCA,MYCA-3035279.wav,4.999022,500000,MYCA.zip
MYCA,MYCA-2871728.wav,4.999022,500000,MYCA.zip
MYCA,MYCA-31634858.wav,4.99992,500000,MYCA.zip
MYCA,MYCA-3054963.wav,4.999022,500000,MYCA.zip
MYCA,MYCA-64874851.wav,5.0,500000,MYCA.zip
MYCA,MYCA-28395084.wav,5.477333333333333,384000,MYCA.zip
MYCA,MYCA-2043411.wav,4.999022,500000,MYCA.zip
MYCA,MYCA-54320299.wav,6.0,384000,MYCA.zip
MYCA,MYCA-32062034.wav,6.0,384000,MYCA.zip
MYCA,MYCA-32066802.wav,6.0,384000,MYCA.zip
MYCA,MYCA-1511199.wav,4.99837,300000,MYCA.zip
MYCA,MYCA-1378725.wav,4.99837,300000,MYCA.zip
MYCA,MYCA-64894816.wav,5.0,500000,MYCA.zip
MYCA,MYCA-55020846.wav,2.974666666666667,192000,MYCA.zip
MYCA,MYCA-63090828.wav,6.0,384000,MYCA.zip
MYCA,MYCA-60353368.wav,6.0,384000,MYCA.zip
MYCA,MYCA-12632821.wav,4.998976,500000,MYCA.zip
MYCA,MYCA-2817838.wav,4.999022,500000,MYCA.zip
MYCA,MYCA-64895638.wav,3.0,500000,MYCA.zip
MYCA,MYCA-33845183.wav,6.0,384000,MYCA.zip
MYCA,MYCA-28557362.wav,6.0,384000,MYCA.zip
MYCA,MYCA-64879833.wav,5.0,500000,MYCA.zip
MYCA,MYCA-64869507.wav,5.0,500000,MYCA.zip
MYCA,MYCA-1350810.wav,4.999022,500000,MYCA.zip
MYCA,MYCA-64862191.wav,5.0,500000,MYCA.zip
MYCA,MYCA-26687041.wav,2.5653333333333332,192000,MYCA.zip
MYCA,MYCA-63090453.wav,6.0,384000,MYCA.zip
MYCA,MYCA-64878713.wav,5.0,500000,MYCA.zip
MYCA,MYCA-73533396.wav,2.396,192000,MYCA.zip
MYCA,MYCA-26686859.wav,3.5866666666666664,192000,MYCA.zip
MYCA,MYCA-54321068.wav,6.0,384000,MYCA.zip
MYCA,MYCA-28418429.wav,5.892,384000,MYCA.zip
MYCA,MYCA-54318884.wav,6.0,384000,MYCA.zip
MYCA,MYCA-31632994.wav,4.99992,500000,MYCA.zip
MYCA,MYCA-28301120.wav,4.773333333333333,192000,MYCA.zip
MYCA,MYCA-55475873.wav,4.998976,500000,MYCA.zip
MYCA,MYCA-73533467.wav,5.004,192000,MYCA.zip
MYCA,MYCA-31642895.wav,4.99992,500000,MYCA.zip
MYCA,MYCA-3939818.wav,6.0,384000,MYCA.zip
MYCA,MYCA-28301213.wav,4.242666666666667,192000,MYCA.zip
MYCA,MYCA-12631738.wav,4.998976,500000,MYCA.zip
MYCA,MYCA-1551517.wav,7.404,256000,MYCA.zip
MYCA,MYCA-26688570.wav,7.2,192000,MYCA.zip
MYCA,MYCA-29397947.wav,6.824,256000,MYCA.zip
MYCA,MYCA-28539300.wav,6.0,384000,MYCA.zip
MYCA,MYCA-28619649.wav,5.673333333333333,384000,MYCA.zip
MYCA,MYCA-53864762.wav,4.998976,500000,MYCA.zip
MYCA,MYCA-3036801.wav,4.999022,500000,MYCA.zip
MYCA,MYCA-3045659.wav,4.999022,500000,MYCA.zip
MYCA,MYCA-54320804.wav,6.0,384000,MYCA.zip
MYCA,MYCA-60369687.wav,5.788,256000,MYCA.zip
MYCA,MYCA-64956533.wav,5.0,500000,MYCA.zip
MYCA,MYCA-64956645.wav,5.0,500000,MYCA.zip
MYCA,MYCA-60295935.wav,5.0,500000,MYCA.zip
MYCA,MYCA-55020139.wav,5.6866666666666665,192000,MYCA.zip
MYCA,MYCA-64868877.wav,5.0,500000,MYCA.zip
MYCA,MYCA-28345213.wav,6.0,384000,MYCA.zip
MYCA,MYCA-64878367.wav,3.0,500000,MYCA.zip
MYCA,MYCA-28304652.wav,5.0,192000,MYCA.zip
MYCA,MYCA-56651332.wav,6.0,384000,MYCA.zip
MYCA,MYCA-1317853.wav,4.999022,500000,MYCA.zip
MYCA,MYCA-73570852.wav,3.248,192000,MYCA.zip
MYCA,MYCA-73524294.wav,2.925333333333333,192000,MYCA.zip
MYCA,MYCA-28347639.wav,6.0,384000,MYCA.zip
MYCA,MYCA-28536467.wav,5.682666666666667,384000,MYCA.zip
MYCA,MYCA-29413847.wav,6.034,256000,MYCA.zip
MYCA,MYCA-2043398.wav,4.999022,500000,MYCA.zip
MYCA,MYCA-54320480.wav,6.0,384000,MYCA.zip
MYCA,MYCA-64872987.wav,5.0,500000,MYCA.zip
MYCA,MYCA-29873099.wav,5.004,192000,MYCA.zip
MYCA,MYCA-28300212.wav,5.0,192000,MYCA.zip
MYCA,MYCA-64874460.wav,5.0,500000,MYCA.zip
MYCA,MYCA-73608434.wav,5.0,256000,MYCA.zip
MYCA,MYCA-31624289.wav,4.99992,500000,MYCA.zip
MYCA,MYCA-29371981.wav,4.998976,500000,MYCA.zip
MYCA,MYCA-31865882.wav,4.99992,500000,MYCA.zip
MYCA,MYCA-28622879.wav,6.0,384000,MYCA.zip
MYCA,MYCA-60369689.wav,7.354,256000,MYCA.zip
MYCA,MYCA-63085816.wav,6.0,384000,MYCA.zip
MYCA,MYCA-33447014.wav,3.99,256000,MYCA.zip
MYCA,MYCA-54426009.wav,6.0,384000,MYCA.zip
MYCA,MYCA-29824812.wav,5.0,192000,MYCA.zip
MYCA,MYCA-60354045.wav,5.872,384000,MYCA.zip
MYCA,MYCA-53859773.wav,4.998976,500000,MYCA.zip
MYCA,MYCA-32899971.wav,7.138,256000,MYCA.zip
MYCA,MYCA-55347794.wav,6.0,384000,MYCA.zip
MYCA,MYCA-28272166.wav,6.0,384000,MYCA.zip
MYCA,MYCA-28271734.wav,6.855,256000,MYCA.zip
MYCA,MYCA-28370430.wav,6.0,384000,MYCA.zip
MYCA,MYCA-32883868.wav,6.0,384000,MYCA.zip
MYCA,MYCA-28367064.wav,6.0,384000,MYCA.zip
MYCA,MYCA-26713123.wav,6.0,384000,MYCA.zip
MYCA,MYCA-29829717.wav,4.52,192000,MYCA.zip
MYCA,MYCA-73560415.wav,4.852,256000,MYCA.zip
MYCA,MYCA-1313731.wav,4.999022,500000,MYCA.zip
MYCA,MYCA-64873068.wav,3.0,500000,MYCA.zip
MYCA,MYCA-64867749.wav,5.0,500000,MYCA.zip
MYCA,MYCA-55021770.wav,6.8693333333333335,192000,MYCA.zip
MYCA,MYCA-2839089.wav,2.999022,500000,MYCA.zip
MYCA,MYCA-56652159.wav,4.132,384000,MYCA.zip
MYCA,MYCA-3044937.wav,4.999022,500000,MYCA.zip
MYCA,MYCA-28532757.wav,6.0,384000,MYCA.zip
MYCA,MYCA-28411673.wav,6.0,384000,MYCA.zip
MYCA,MYCA-26711690.wav,6.0,384000,MYCA.zip
MYCA,MYCA-28862987.wav,5.07,256000,MYCA.zip
MYCA,MYCA-64874850.wav,5.0,500000,MYCA.zip
MYCA,MYCA-64897907.wav,5.0,500000,MYCA.zip
MYCA,MYCA-73577950.wav,4.976,192000,MYCA.zip
MYCA,MYCA-3036775.wav,4.999022,500000,MYCA.zip
MYCA,MYCA-55021270.wav,4.013333333333334,192000,MYCA.zip
MYCA,MYCA-64872832.wav,3.0,500000,MYCA.zip
MYCA,MYCA-26689464.wav,5.254666666666667,192000,MYCA.zip
MYCA,MYCA-64889270.wav,5.0,500000,MYCA.zip
MYCA,MYCA-28558060.wav,6.0,384000,MYCA.zip
MYCA,MYCA-55019226.wav,5.274666666666667,192000,MYCA.zip
MYCA,MYCA-3046042.wav,4.999022,500000,MYCA.zip
MYCA,MYCA-31861483.wav,4.99992,500000,MYCA.zip
MYCA,MYCA-267418.wav,6.428,256000,MYCA.zip
MYCA,MYCA-1986087.wav,6.0,384000,MYCA.zip
MYCA,MYCA-28304120.wav,5.0,192000,MYCA.zip
MYCA,MYCA-53787016.wav,4.998976,500000,MYCA.zip
MYCA,MYCA-28863407.wav,7.954,256000,MYCA.zip
MYCA,MYCA-64957077.wav,5.0,500000,MYCA.zip
MYCA,MYCA-2862721.wav,4.999022,500000,MYCA.zip
MYCA,MYCA-28544978.wav,6.0,384000,MYCA.zip
MYCA,MYCA-2854837.wav,4.999022,500000,MYCA.zip
MYCA,MYCA-31638480.wav,4.99992,500000,MYCA.zip
MYCA,MYCA-28539134.wav,6.0,384000,MYCA.zip
MYCA,MYCA-28441795.wav,4.998666666666667,192000,MYCA.zip
MYCA,MYCA-64869271.wav,5.0,500000,MYCA.zip
MYCA,MYCA-28300379.wav,5.0,192000,MYCA.zip
MYCA,MYCA-28301835.wav,5.0,192000,MYCA.zip
MYCA,MYCA-64895397.wav,5.0,500000,MYCA.zip
MYCA,MYCA-26689461.wav,4.470666666666666,192000,MYCA.zip
MYCA,MYCA-4120335.wav,4.998976,500000,MYCA.zip
MYCA,MYCA-64895504.wav,3.0,500000,MYCA.zip
MYCA,MYCA-2860548.wav,4.999022,500000,MYCA.zip
MYCA,MYCA-31630762.wav,4.99992,500000,MYCA.zip
MYCA,MYCA-60369661.wav,7.076,256000,MYCA.zip
MYCA,MYCA-64862192.wav,5.0,500000,MYCA.zip
MYCA,MYCA-56653089.wav,4.229333333333333,384000,MYCA.zip
MYCA,MYCA-28337579.wav,4.504,384000,MYCA.zip
MYCA,MYCA-3027897.wav,4.999022,500000,MYCA.zip
MYCA,MYCA-32058898.wav,6.0,384000,MYCA.zip
MYCA,MYCA-1987807.wav,6.0,384000,MYCA.zip
MYCA,MYCA-28349517.wav,6.0,384000,MYCA.zip
MYCA,MYCA-73608371.wav,5.0,256000,MYCA.zip
MYCA,MYCA-28413413.wav,6.0,384000,MYCA.zip
MYCA,MYCA-26686693.wav,5.172,192000,MYCA.zip
MYCA,MYCA-3031627.wav,4.999022,500000,MYCA.zip
MYCA,MYCA-64875647.wav,5.0,500000,MYCA.zip
MYCA,MYCA-3016904.wav,4.999022,500000,MYCA.zip
MYCA,MYCA-63091103.wav,6.0,384000,MYCA.zip
MYCA,MYCA-2618946.wav,4.999022,500000,MYCA.zip
MYCA,MYCA-3046714.wav,4.999022,500000,MYCA.zip
MYCA,MYCA-53864210.wav,4.998976,500000,MYCA.zip
MYCA,MYCA-2002407.wav,6.0,384000,MYCA.zip
MYCA,MYCA-64878369.wav,3.0,500000,MYCA.zip
MYCA,MYCA-1552922.wav,6.422,256000,MYCA.zip
MYCA,MYCA-1987272.wav,6.0,384000,MYCA.zip
MYCA,MYCA-2813726.wav,4.999022,500000,MYCA.zip
MYCA,MYCA-55350272.wav,6.0,384000,MYCA.zip
MYCA,MYCA-2043412.wav,4.999022,500000,MYCA.zip
MYCA,MYCA-2838647.wav,4.999022,500000,MYCA.zip
MYCA,MYCA-35540630.wav,6.0,256000,MYCA.zip
MYCA,MYCA-26689030.wav,5.464,192000,MYCA.zip
MYCA,MYCA-28304416.wav,5.0,192000,MYCA.zip
MYCA,MYCA-53785996.wav,4.998976,500000,MYCA.zip
MYCA,MYCA-54418204.wav,7.044,256000,MYCA.zip
MYCA,MYCA-28380588.wav,6.0,384000,MYCA.zip
MYCA,MYCA-28372181.wav,6.0,384000,MYCA.zip
MYCA,MYCA-53784449.wav,4.998976,500000,MYCA.zip
MYCA,MYCA-29404720.wav,3.474,256000,MYCA.zip
MYCA,MYCA-266208.wav,7.608,256000,MYCA.zip
MYCA,MYCA-33845499.wav,4.5,384000,MYCA.zip
MYCA,MYCA-55022308.wav,3.2733333333333334,192000,MYCA.zip
MYCA,MYCA-26712582.wav,6.0,384000,MYCA.zip
MYCA,MYCA-28586326.wav,6.0,384000,MYCA.zip
MYCA,MYCA-2870945.wav,2.999022,500000,MYCA.zip
MYCA,MYCA-28380492.wav,6.0,384000,MYCA.zip
MYCA,MYCA-55349450.wav,6.0,384000,MYCA.zip
MYCA,MYCA-3044259.wav,4.999022,500000,MYCA.zip
MYCA,MYCA-3020791.wav,4.999022,500000,MYCA.zip
MYCA,MYCA-63090284.wav,6.0,384000,MYCA.zip
MYCA,MYCA-73524268.wav,3.705333333333334,192000,MYCA.zip
MYCA,MYCA-28304180.wav,5.0,192000,MYCA.zip
MYCA,MYCA-55469195.wav,4.998976,500000,MYCA.zip
MYCA,MYCA-54311424.wav,5.418666666666667,384000,MYCA.zip
MYCA,MYCA-64875576.wav,5.0,500000,MYCA.zip
MYCA,MYCA-54322287.wav,5.765333333333333,384000,MYCA.zip
MYCA,MYCA-53279746.wav,4.998976,500000,MYCA.zip
MYCA,MYCA-29873534.wav,5.004,192000,MYCA.zip
MYCA,MYCA-32880967.wav,6.0,384000,MYCA.zip
MYCA,MYCA-73629769.wav,4.294,256000,MYCA.zip
MYCA,MYCA-73629130.wav,2.584,256000,MYCA.zip
MYCA,MYCA-54419031.wav,6.065,256000,MYCA.zip
MYCA,MYCA-28370392.wav,5.6226666666666665,384000,MYCA.zip
MYCA,MYCA-73607132.wav,5.0,256000,MYCA.zip
MYCA,MYCA-2001659.wav,6.0,384000,MYCA.zip
MYCA,MYCA-32049100.wav,6.0,384000,MYCA.zip
MYCA,MYCA-2867544.wav,4.999022,500000,MYCA.zip
MYCA,MYCA-29841449.wav,5.004,192000,MYCA.zip
MYCA,MYCA-73524628.wav,2.544,192000,MYCA.zip
MYCA,MYCA-54318346.wav,6.0,384000,MYCA.zip
MYCA,MYCA-26688585.wav,3.962666666666667,192000,MYCA.zip
MYCA,MYCA-32046904.wav,6.0,384000,MYCA.zip
MYCA,MYCA-2870634.wav,4.999022,500000,MYCA.zip
MYCA,MYCA-3036925.wav,4.999022,500000,MYCA.zip
MYCA,MYCA-60369671.wav,6.574,256000,MYCA.zip
MYCA,MYCA-28371114.wav,6.0,384000,MYCA.zip
MYCA,MYCA-64957713.wav,5.0,500000,MYCA.zip
MYCA,MYCA-31868307.wav,4.99992,500000,MYCA.zip
MYCA,MYCA-28300393.wav,5.0,192000,MYCA.zip
MYCA,MYCA-28575654.wav,6.0,384000,MYCA.zip
MYCA,MYCA-64874459.wav,5.0,500000,MYCA.zip
MYCA,MYCA-28270484.wav,6.0,384000,MYCA.zip
MYCA,MYCA-60369691.wav,7.658,256000,MYCA.zip
MYCA,MYCA-32066992.wav,6.0,384000,MYCA.zip
MYCA,MYCA-26688513.wav,6.046666666666667,192000,MYCA.zip
MYCA,MYCA-2848311.wav,4.999022,500000,MYCA.zip
MYCA,MYCA-2870946.wav,2.999022,500000,MYCA.zip
MYCA,MYCA-1986967.wav,5.984,384000,MYCA.zip
MYCA,MYCA-32051126.wav,6.0,384000,MYCA.zip
MYCA,MYCA-54315572.wav,6.0,384000,MYCA.zip
MYCA,MYCA-32899973.wav,6.028,256000,MYCA.zip
MYCA,MYCA-29418788.wav,2.556,256000,MYCA.zip
MYCA,MYCA-29163520.wav,4.998976,500000,MYCA.zip
MYCA,MYCA-64895506.wav,3.0,500000,MYCA.zip
MYCA,MYCA-29875676.wav,5.004,192000,MYCA.zip
MYCA,MYCA-54426011.wav,6.0,384000,MYCA.zip
MYCA,MYCA-2061158.wav,6.692,256000,MYCA.zip
MYCA,MYCA-2043414.wav,4.999022,500000,MYCA.zip
MYCA,MYCA-4120190.wav,4.998976,500000,MYCA.zip
MYCA,MYCA-60369666.wav,7.556,256000,MYCA.zip
MYCA,MYCA-28621433.wav,5.854666666666667,384000,MYCA.zip
MYCA,MYCA-73579777.wav,4.522666666666667,192000,MYCA.zip
MYCA,MYCA-3010401.wav,4.999022,500000,MYCA.zip
MYCA,MYCA-73608370.wav,5.0,256000,MYCA.zip
MYCA,MYCA-64872919.wav,5.0,500000,MYCA.zip
MYCA,MYCA-26686553.wav,7.184,192000,MYCA.zip
MYCA,MYCA-12632725.wav,4.998976,500000,MYCA.zip
MYCA,MYCA-28617271.wav,6.0,384000,MYCA.zip
MYCA,MYCA-28337335.wav,5.811,256000,MYCA.zip
MYCA,MYCA-2536109.wav,6.0,384000,MYCA.zip
MYCA,MYCA-3945637.wav,5.933333333333334,384000,MYCA.zip
MYCA,MYCA-28863203.wav,6.852,256000,MYCA.zip
MYCA,MYCA-28372442.wav,6.0,384000,MYCA.zip
MYCA,MYCA-28535135.wav,6.0,384000,MYCA.zip
MYCA,MYCA-64874853.wav,5.0,500000,MYCA.zip
MYCA,MYCA-2624007.wav,4.998976,500000,MYCA.zip
MYCA,MYCA-64956498.wav,5.0,500000,MYCA.zip
MYCA,MYCA-26713738.wav,6.0,384000,MYCA.zip
MYCA,MYCA-64862189.wav,5.0,500000,MYCA.zip
MYCA,MYCA-53865821.wav,4.998976,500000,MYCA.zip
MYCA,MYCA-29876012.wav,3.950666666666667,192000,MYCA.zip
MYCA,MYCA-64872918.wav,5.0,500000,MYCA.zip
MYCA,MYCA-3034310.wav,4.999022,500000,MYCA.zip
MYCA,MYCA-28863356.wav,4.574,256000,MYCA.zip
MYCA,MYCA-28372036.wav,6.0,384000,MYCA.zip
MYCA,MYCA-58056893.wav,6.0,384000,MYCA.zip
MYCA,MYCA-32051307.wav,6.0,384000,MYCA.zip
MYCA,MYCA-29395604.wav,5.528,256000,MYCA.zip
MYCA,MYCA-35541470.wav,6.0,256000,MYCA.zip
MYCA,MYCA-2042608.wav,4.999022,500000,MYCA.zip
MYCA,MYCA-1388925.wav,4.99837,300000,MYCA.zip
MYCA,MYCA-54307547.wav,5.586666666666667,384000,MYCA.zip
MYCA,MYCA-26713599.wav,5.978666666666666,384000,MYCA.zip
MYCA,MYCA-73536656.wav,5.004,192000,MYCA.zip
MYCA,MYCA-64887558.wav,5.0,500000,MYCA.zip
MYCA,MYCA-2825003.wav,4.999022,500000,MYCA.zip
MYCA,MYCA-28594316.wav,6.0,384000,MYCA.zip
MYCA,MYCA-73570127.wav,2.6706666666666665,192000,MYCA.zip
MYCA,MYCA-29874090.wav,5.004,192000,MYCA.zip
MYCA,MYCA-54421977.wav,6.0,384000,MYCA.zip
MYCA,MYCA-28534782.wav,6.0,384000,MYCA.zip
MYCA,MYCA-26688441.wav,4.629333333333333,192000,MYCA.zip
MYCA,MYCA-26712580.wav,6.0,384000,MYCA.zip
MYCA,MYCA-64875574.wav,5.0,500000,MYCA.zip
MYCA,MYCA-26689520.wav,6.097333333333333,192000,MYCA.zip
MYCA,MYCA-31612940.wav,2.99992,500000,MYCA.zip
MYCA,MYCA-54425194.wav,6.0,384000,MYCA.zip
MYCA,MYCA-3037896.wav,4.999022,500000,MYCA.zip
MYCA,MYCA-3021786.wav,4.999022,500000,MYCA.zip
MYCA,MYCA-64873067.wav,3.0,500000,MYCA.zip
MYCA,MYCA-28349508.wav,5.581333333333333,384000,MYCA.zip
MYCA,MYCA-28346949.wav,6.0,384000,MYCA.zip
MYCA,MYCA-26700499.wav,3.9936,320000,MYCA.zip
MYCA,MYCA-31616294.wav,2.99992,500000,MYCA.zip
MYCA,MYCA-1939386.wav,4.999022,500000,MYCA.zip
MYCA,MYCA-73608408.wav,5.0,256000,MYCA.zip
MYCA,MYCA-31630713.wav,4.99992,500000,MYCA.zip
MYCA,MYCA-28347294.wav,6.0,384000,MYCA.zip
MYCA,MYCA-31664489.wav,4.99992,500000,MYCA.zip
MYCA,MYCA-63090552.wav,6.0,384000,MYCA.zip
MYCA,MYCA-73642495.wav,5.0,256000,MYCA.zip
MYCA,MYCA-3025153.wav,4.999022,500000,MYCA.zip
MYCA,MYCA-64866739.wav,5.0,300000,MYCA.zip
MYCA,MYCA-64872172.wav,5.0,500000,MYCA.zip
MYCA,MYCA-63087369.wav,6.0,384000,MYCA.zip
MYCA,MYCA-28395147.wav,6.0,384000,MYCA.zip
MYCA,MYCA-2834378.wav,4.999022,500000,MYCA.zip
MYCA,MYCA-32059264.wav,6.0,384000,MYCA.zip
MYCA,MYCA-32884326.wav,6.0,384000,MYCA.zip
MYCA,MYCA-32063126.wav,6.0,384000,MYCA.zip
MYCA,MYCA-28530961.wav,4.225333333333333,384000,MYCA.zip
MYCA,MYCA-31662574.wav,4.99992,500000,MYCA.zip
MYCA,MYCA-73607930.wav,5.0,256000,MYCA.zip
MYCA,MYCA-54311299.wav,6.0,384000,MYCA.zip
MYCA,MYCA-26686488.wav,5.433333333333334,192000,MYCA.zip
MYCA,MYCA-3047666.wav,2.999022,500000,MYCA.zip
MYCA,MYCA-3011630.wav,4.999022,500000,MYCA.zip
MYCA,MYCA-28539705.wav,6.028666666666667,384000,MYCA.zip
MYCA,MYCA-64895505.wav,3.0,500000,MYCA.zip
MYCA,MYCA-53870081.wav,4.998976,500000,MYCA.zip
MYCA,MYCA-2537960.wav,6.0,384000,MYCA.zip
MYCA,MYCA-26688566.wav,5.132,192000,MYCA.zip
MYCA,MYCA-28301375.wav,5.0,192000,MYCA.zip
MYCA,MYCA-28534567.wav,6.0,384000,MYCA.zip
MYCA,MYCA-29821403.wav,5.0,192000,MYCA.zip
MYCA,MYCA-2537023.wav,5.1786666666666665,384000,MYCA.zip
MYCA,MYCA-33449315.wav,6.13,256000,MYCA.zip
MYCA,MYCA-3049170.wav,4.999022,500000,MYCA.zip
MYCA,MYCA-29164291.wav,4.998976,500000,MYCA.zip
MYCA,MYCA-28556460.wav,4.704,384000,MYCA.zip
MYCA,MYCA-58056894.wav,6.0,384000,MYCA.zip
MYCA,MYCA-26689025.wav,6.413333333333333,192000,MYCA.zip
MYCA,MYCA-32910635.wav,7.03,256000,MYCA.zip
MYCA,MYCA-54306492.wav,6.0,384000,MYCA.zip
MYCA,MYCA-33447109.wav,5.568,256000,MYCA.zip
MYCA,MYCA-28298723.wav,4.530666666666667,192000,MYCA.zip
MYCA,MYCA-64957711.wav,5.0,500000,MYCA.zip
MYCA,MYCA-31634180.wav,4.99992,500000,MYCA.zip
MYCA,MYCA-64873658.wav,5.0,500000,MYCA.zip
MYCA,MYCA-35540789.wav,6.0,256000,MYCA.zip
MYCA,MYCA-13564607.wav,4.998976,500000,MYCA.zip
MYCA,MYCA-31629918.wav,4.99992,500000,MYCA.zip
MYCA,MYCA-64957098.wav,5.0,500000,MYCA.zip
MYCA,MYCA-60353144.wav,6.0,384000,MYCA.zip
MYCA,MYCA-2536561.wav,5.494666666666666,384000,MYCA.zip
MYCA,MYCA-73514667.wav,5.0,256000,MYCA.zip
MYCA,MYCA-29877873.wav,2.2413333333333334,192000,MYCA.zip
MYCA,MYCA-29840984.wav,5.004,192000,MYCA.zip
MYCA,MYCA-64869508.wav,5.0,500000,MYCA.zip
MYCA,MYCA-3035128.wav,4.999022,500000,MYCA.zip
MYCA,MYCA-28359525.wav,6.0,384000,MYCA.zip
MYCA,MYCA-60369694.wav,4.63,256000,MYCA.zip
MYCA,MYCA-54423285.wav,6.0,384000,MYCA.zip
MYCA,MYCA-35540077.wav,6.0,256000,MYCA.zip
MYCA,MYCA-55347416.wav,6.0,384000,MYCA.zip
MYCA,MYCA-63090347.wav,6.0,384000,MYCA.zip
MYCA,MYCA-33484231.wav,4.592,256000,MYCA.zip
MYCA,MYCA-1398930.wav,4.99837,300000,MYCA.zip
MYCA,MYCA-28601390.wav,6.0,384000,MYCA.zip
MYCA,MYCA-29821457.wav,5.0,192000,MYCA.zip
MYCI,MYCI-73536957.wav,3.9093333333333335,192000,MYCI.zip
MYCI,MYCI-28987018.wav,4.998666666666667,192000,MYCI.zip
MYCI,MYCI-73641637.wav,5.0,256000,MYCI.zip
MYCI,MYCI-28529545.wav,5.0,192000,MYCI.zip
MYCI,MYCI-28441965.wav,4.998666666666667,192000,MYCI.zip
MYCI,MYCI-211741.wav,4.998976,500000,MYCI.zip
MYCI,MYCI-73541306.wav,5.0,256000,MYCI.zip
MYCI,MYCI-73613710.wav,5.004,192000,MYCI.zip
MYCI,MYCI-31624692.wav,2.99992,500000,MYCI.zip
MYCI,MYCI-29381223.wav,4.998976,500000,MYCI.zip
MYCI,MYCI-1396847.wav,4.99837,300000,MYCI.zip
MYCI,MYCI-2155740.wav,6.0,384000,MYCI.zip
MYCI,MYCI-28468178.wav,5.0,192000,MYCI.zip
MYCI,MYCI-29740314.wav,4.998666666666667,192000,MYCI.zip
MYCI,MYCI-29788601.wav,5.004,192000,MYCI.zip
MYCI,MYCI-73643524.wav,5.0,256000,MYCI.zip
MYCI,MYCI-2638917.wav,4.998976,500000,MYCI.zip
MYCI,MYCI-31624689.wav,4.99992,500000,MYCI.zip
MYCI,MYCI-28499688.wav,5.0,192000,MYCI.zip
MYCI,MYCI-73588075.wav,3.34,256000,MYCI.zip
MYCI,MYCI-29771376.wav,4.998666666666667,192000,MYCI.zip
MYCI,MYCI-73552808.wav,5.0,256000,MYCI.zip
MYCI,MYCI-28526261.wav,5.0,192000,MYCI.zip
MYCI,MYCI-73626812.wav,5.0,256000,MYCI.zip
MYCI,MYCI-55479020.wav,4.998976,500000,MYCI.zip
MYCI,MYCI-29743059.wav,5.0,192000,MYCI.zip
MYCI,MYCI-73628302.wav,5.0,256000,MYCI.zip
MYCI,MYCI-55478692.wav,4.998976,500000,MYCI.zip
MYCI,MYCI-28267952.wav,4.714666666666667,192000,MYCI.zip
MYCI,MYCI-28526721.wav,5.0,192000,MYCI.zip
MYCI,MYCI-29796381.wav,5.0,192000,MYCI.zip
MYCI,MYCI-28505654.wav,5.0,192000,MYCI.zip
MYCI,MYCI-28479345.wav,5.0,192000,MYCI.zip
MYCI,MYCI-28526708.wav,5.0,192000,MYCI.zip
MYCI,MYCI-1309496.wav,4.998976,500000,MYCI.zip
MYCI,MYCI-31624703.wav,2.99992,500000,MYCI.zip
MYCI,MYCI-31621780.wav,4.99992,500000,MYCI.zip
MYCI,MYCI-28481402.wav,5.0,192000,MYCI.zip
MYCI,MYCI-2843746.wav,4.999022,500000,MYCI.zip
MYCI,MYCI-29718997.wav,4.998666666666667,192000,MYCI.zip
MYCI,MYCI-2579246.wav,4.998976,500000,MYCI.zip
MYCI,MYCI-33492450.wav,4.998976,500000,MYCI.zip
MYCI,MYCI-28722351.wav,7.81,256000,MYCI.zip
MYCI,MYCI-28502922.wav,5.0,192000,MYCI.zip
MYCI,MYCI-60353162.wav,6.0,384000,MYCI.zip
MYCI,MYCI-53784306.wav,4.998976,500000,MYCI.zip
MYCI,MYCI-2846614.wav,4.999022,500000,MYCI.zip
MYCI,MYCI-29824767.wav,5.0,192000,MYCI.zip
MYCI,MYCI-2061166.wav,4.74,256000,MYCI.zip
MYCI,MYCI-29744472.wav,5.004,192000,MYCI.zip
MYCI,MYCI-31665440.wav,4.99992,500000,MYCI.zip
MYCI,MYCI-31862616.wav,4.99992,500000,MYCI.zip
MYCI,MYCI-55476171.wav,4.998976,500000,MYCI.zip
MYCI,MYCI-31612555.wav,4.99992,500000,MYCI.zip
MYCI,MYCI-33846553.wav,6.0,384000,MYCI.zip
MYCI,MYCI-29838596.wav,4.293333333333333,192000,MYCI.zip
MYCI,MYCI-31612947.wav,2.99992,500000,MYCI.zip
MYCI,MYCI-30486511.wav,6.0,384000,MYCI.zip
MYCI,MYCI-28490889.wav,5.0,192000,MYCI.zip
MYCI,MYCI-28516043.wav,5.0,192000,MYCI.zip
MYCI,MYCI-28515884.wav,5.0,192000,MYCI.zip
MYCI,MYCI-73587908.wav,4.999,256000,MYCI.zip
MYCI,MYCI-2849088.wav,4.999022,500000,MYCI.zip
MYCI,MYCI-55385994.wav,4.998976,500000,MYCI.zip
MYCI,MYCI-73561331.wav,5.0,256000,MYCI.zip
MYCI,MYCI-1354532.wav,4.99837,300000,MYCI.zip
MYCI,MYCI-28412315.wav,4.998666666666667,192000,MYCI.zip
MYCI,MYCI-28524227.wav,5.0,192000,MYCI.zip
MYCI,MYCI-33846284.wav,6.0,384000,MYCI.zip
MYCI,MYCI-28476957.wav,5.0,192000,MYCI.zip
MYCI,MYCI-60295205.wav,5.0,500000,MYCI.zip
MYCI,MYCI-28459581.wav,5.0,192000,MYCI.zip
MYCI,MYCI-63114880.wav,4.998976,500000,MYCI.zip
MYCI,MYCI-30654757.wav,4.998976,500000,MYCI.zip
MYCI,MYCI-73613866.wav,5.004,192000,MYCI.zip
MYCI,MYCI-28341412.wav,7.07,256000,MYCI.zip
MYCI,MYCI-29840277.wav,2.7533333333333334,192000,MYCI.zip
MYCI,MYCI-2249290.wav,4.998666666666667,192000,MYCI.zip
MYCI,MYCI-54417734.wav,7.49,256000,MYCI.zip
MYCI,MYCI-28449547.wav,5.0,192000,MYCI.zip
MYCI,MYCI-29743811.wav,5.0,192000,MYCI.zip
MYCI,MYCI-73556250.wav,5.0,256000,MYCI.zip
MYCI,MYCI-55475805.wav,2.998976,500000,MYCI.zip
MYCI,MYCI-73550759.wav,4.686,256000,MYCI.zip
MYCI,MYCI-29859571.wav,4.998666666666667,192000,MYCI.zip
MYCI,MYCI-29719884.wav,5.0,192000,MYCI.zip
MYCI,MYCI-73541429.wav,5.0,256000,MYCI.zip
MYCI,MYCI-144972.wav,4.998976,500000,MYCI.zip
MYCI,MYCI-28312220.wav,5.0,192000,MYCI.zip
MYCI,MYCI-33846229.wav,6.0,384000,MYCI.zip
MYCI,MYCI-28526157.wav,5.0,192000,MYCI.zip
MYCI,MYCI-60295150.wav,3.0,500000,MYCI.zip
MYCI,MYCI-73555246.wav,5.0,256000,MYCI.zip
MYCI,MYCI-28977915.wav,4.998976,500000,MYCI.zip
MYCI,MYCI-28476881.wav,5.0,192000,MYCI.zip
MYCI,MYCI-29149625.wav,6.894,256000,MYCI.zip
MYCI,MYCI-73642487.wav,5.0,256000,MYCI.zip
MYCI,MYCI-58056697.wav,6.0,384000,MYCI.zip
MYCI,MYCI-2870590.wav,2.999022,500000,MYCI.zip
MYCI,MYCI-29783990.wav,5.004,192000,MYCI.zip
MYCI,MYCI-28493727.wav,5.0,192000,MYCI.zip
MYCI,MYCI-1937486.wav,4.999022,500000,MYCI.zip
MYCI,MYCI-29287457.wav,4.512,192000,MYCI.zip
MYCI,MYCI-60489066.wav,5.0,500000,MYCI.zip
MYCI,MYCI-31866252.wav,4.99992,500000,MYCI.zip
MYCI,MYCI-73641687.wav,5.0,256000,MYCI.zip
MYCI,MYCI-30667146.wav,4.998976,500000,MYCI.zip
MYCI,MYCI-73627928.wav,5.0,256000,MYCI.zip
MYCI,MYCI-31542638.wav,4.998976,500000,MYCI.zip
MYCI,MYCI-33621977.wav,4.998976,500000,MYCI.zip
MYCI,MYCI-28441979.wav,4.998666666666667,192000,MYCI.zip
MYCI,MYCI-28993832.wav,5.004,192000,MYCI.zip
MYCI,MYCI-28341749.wav,6.0,384000,MYCI.zip
MYCI,MYCI-53854389.wav,4.998976,500000,MYCI.zip
MYCI,MYCI-29744091.wav,5.0,192000,MYCI.zip
MYCI,MYCI-29788564.wav,5.004,192000,MYCI.zip
MYCI,MYCI-213193.wav,4.998976,500000,MYCI.zip
MYCI,MYCI-28978801.wav,4.998976,500000,MYCI.zip
MYCI,MYCI-28994107.wav,5.004,192000,MYCI.zip
MYCI,MYCI-29837300.wav,5.0,192000,MYCI.zip
MYCI,MYCI-28510250.wav,5.0,192000,MYCI.zip
MYCI,MYCI-73551830.wav,5.0,256000,MYCI.zip
MYCI,MYCI-33484776.wav,3.638,256000,MYCI.zip
MYCI,MYCI-73555017.wav,5.0,256000,MYCI.zip
MYCI,MYCI-28479880.wav,5.0,192000,MYCI.zip
MYCI,MYCI-28506371.wav,5.0,192000,MYCI.zip
MYCI,MYCI-73548321.wav,5.0,256000,MYCI.zip
MYCI,MYCI-31624702.wav,2.99992,500000,MYCI.zip
MYCI,MYCI-29712483.wav,5.004,192000,MYCI.zip
MYCI,MYCI-28992913.wav,4.418666666666667,192000,MYCI.zip
MYCI,MYCI-3043694.wav,4.999022,500000,MYCI.zip
MYCI,MYCI-28526822.wav,5.0,192000,MYCI.zip
MYCI,MYCI-28460635.wav,3.026666666666667,192000,MYCI.zip
MYCI,MYCI-73613914.wav,5.004,192000,MYCI.zip
MYCI,MYCI-28535435.wav,6.0,384000,MYCI.zip
MYCI,MYCI-29345442.wav,4.998976,500000,MYCI.zip
MYCI,MYCI-54299700.wav,6.0,384000,MYCI.zip
MYCI,MYCI-53854214.wav,4.998976,500000,MYCI.zip
MYCI,MYCI-12632654.wav,4.998976,500000,MYCI.zip
MYCI,MYCI-28504023.wav,5.0,192000,MYCI.zip
MYCI,MYCI-73601263.wav,5.0,256000,MYCI.zip
MYCI,MYCI-29286781.wav,5.0,192000,MYCI.zip
MYCI,MYCI-28526868.wav,5.0,192000,MYCI.zip
MYCI,MYCI-28460630.wav,5.0,192000,MYCI.zip
MYCI,MYCI-73601286.wav,5.0,256000,MYCI.zip
MYCI,MYCI-2844874.wav,4.999022,500000,MYCI.zip
MYCI,MYCI-73616400.wav,5.0,256000,MYCI.zip
MYCI,MYCI-29842373.wav,4.237333333333333,192000,MYCI.zip
MYCI,MYCI-28523765.wav,5.0,192000,MYCI.zip
MYCI,MYCI-28530481.wav,5.0,192000,MYCI.zip
MYCI,MYCI-29286309.wav,5.0,192000,MYCI.zip
MYCI,MYCI-73637699.wav,5.0,256000,MYCI.zip
MYCI,MYCI-28442366.wav,4.998666666666667,192000,MYCI.zip
MYCI,MYCI-33491257.wav,4.998976,500000,MYCI.zip
MYCI,MYCI-28525687.wav,5.0,192000,MYCI.zip
MYCI,MYCI-55386416.wav,4.998976,500000,MYCI.zip
MYCI,MYCI-29788255.wav,5.0,192000,MYCI.zip
MYCI,MYCI-28284003.wav,3.952,192000,MYCI.zip
MYCI,MYCI-28499602.wav,5.0,192000,MYCI.zip
MYCI,MYCI-33846308.wav,6.0,384000,MYCI.zip
MYCI,MYCI-28474705.wav,5.0,192000,MYCI.zip
MYCI,MYCI-28330763.wav,6.0,384000,MYCI.zip
MYCI,MYCI-29853072.wav,5.0,192000,MYCI.zip
MYCI,MYCI-3012226.wav,4.999022,500000,MYCI.zip
MYCI,MYCI-28442143.wav,4.998666666666667,192000,MYCI.zip
MYCI,MYCI-31617355.wav,4.99992,500000,MYCI.zip
MYCI,MYCI-29857348.wav,4.224,192000,MYCI.zip
MYCI,MYCI-2069421.wav,4.998976,500000,MYCI.zip
MYCI,MYCI-29837761.wav,5.0,192000,MYCI.zip
MYCI,MYCI-29872615.wav,5.004,192000,MYCI.zip
MYCI,MYCI-28345295.wav,6.0,384000,MYCI.zip
MYCI,MYCI-28312210.wav,5.0,192000,MYCI.zip
MYCI,MYCI-57097975.wav,4.998976,500000,MYCI.zip
MYCI,MYCI-53853829.wav,4.998976,500000,MYCI.zip
MYCI,MYCI-29728772.wav,3.4546666666666668,192000,MYCI.zip
MYCI,MYCI-28459647.wav,5.0,192000,MYCI.zip
MYCI,MYCI-29783781.wav,5.004,192000,MYCI.zip
MYCI,MYCI-28445605.wav,5.0,192000,MYCI.zip
MYCI,MYCI-28483646.wav,5.0,192000,MYCI.zip
MYCI,MYCI-1986601.wav,6.0,384000,MYCI.zip
MYCI,MYCI-28476285.wav,5.0,192000,MYCI.zip
MYCI,MYCI-73635245.wav,5.004,192000,MYCI.zip
MYCI,MYCI-29874938.wav,5.004,192000,MYCI.zip
MYCI,MYCI-29179638.wav,7.45,256000,MYCI.zip
MYCI,MYCI-28978741.wav,4.998976,500000,MYCI.zip
MYCI,MYCI-29381153.wav,4.998976,500000,MYCI.zip
MYCI,MYCI-73557632.wav,5.0,256000,MYCI.zip
MYCI,MYCI-28459671.wav,5.0,192000,MYCI.zip
MYCI,MYCI-3011311.wav,4.999022,500000,MYCI.zip
MYCI,MYCI-73642539.wav,5.0,256000,MYCI.zip
MYCI,MYCI-33845376.wav,6.0,384000,MYCI.zip
MYCI,MYCI-33493542.wav,4.998976,500000,MYCI.zip
MYCI,MYCI-53843306.wav,4.998976,500000,MYCI.zip
MYCI,MYCI-29877895.wav,5.004,192000,MYCI.zip
MYCI,MYCI-28984212.wav,4.998976,500000,MYCI.zip
MYCI,MYCI-73533981.wav,5.004,192000,MYCI.zip
MYCI,MYCI-28461098.wav,5.0,192000,MYCI.zip
MYCI,MYCI-73546010.wav,4.436,256000,MYCI.zip
MYCI,MYCI-29734510.wav,5.0,192000,MYCI.zip
MYCI,MYCI-73564962.wav,5.004,192000,MYCI.zip
MYCI,MYCI-73555199.wav,5.0,256000,MYCI.zip
MYCI,MYCI-73551841.wav,5.0,256000,MYCI.zip
MYCI,MYCI-73637821.wav,5.0,256000,MYCI.zip
MYCI,MYCI-29838407.wav,5.004,192000,MYCI.zip
MYCI,MYCI-73637822.wav,5.0,256000,MYCI.zip
MYCI,MYCI-29294675.wav,5.0,192000,MYCI.zip
MYCI,MYCI-31606809.wav,4.99992,500000,MYCI.zip
MYCI,MYCI-29673196.wav,5.004,192000,MYCI.zip
MYCI,MYCI-1469418.wav,6.648,256000,MYCI.zip
MYCI,MYCI-2071354.wav,4.998976,500000,MYCI.zip
MYCI,MYCI-28277927.wav,5.004,192000,MYCI.zip
MYCI,MYCI-73601243.wav,5.0,256000,MYCI.zip
MYCI,MYCI-28466217.wav,5.0,192000,MYCI.zip
MYCI,MYCI-28522830.wav,5.0,192000,MYCI.zip
MYCI,MYCI-33446886.wav,7.338,256000,MYCI.zip
MYCI,MYCI-57097788.wav,4.998976,500000,MYCI.zip
MYCI,MYCI-28541566.wav,6.0,384000,MYCI.zip
MYCI,MYCI-29029245.wav,4.998976,500000,MYCI.zip
MYCI,MYCI-29304226.wav,4.998976,500000,MYCI.zip
MYCI,MYCI-73641708.wav,5.0,256000,MYCI.zip
MYCI,MYCI-29840856.wav,5.004,192000,MYCI.zip
MYCI,MYCI-1348693.wav,4.999022,500000,MYCI.zip
MYCI,MYCI-73550747.wav,6.898,256000,MYCI.zip
MYCI,MYCI-26713399.wav,6.0,384000,MYCI.zip
MYCI,MYCI-55475810.wav,2.998976,500000,MYCI.zip
MYCI,MYCI-28317264.wav,5.0,192000,MYCI.zip
MYCI,MYCI-28421150.wav,4.998976,500000,MYCI.zip
MYCI,MYCI-28483991.wav,5.0,192000,MYCI.zip
MYCI,MYCI-28518818.wav,5.0,192000,MYCI.zip
MYCI,MYCI-28489845.wav,5.0,192000,MYCI.zip
MYCI,MYCI-3035889.wav,4.999022,500000,MYCI.zip
MYCI,MYCI-29745409.wav,5.0,192000,MYCI.zip
MYCI,MYCI-33493532.wav,4.998976,500000,MYCI.zip
MYCI,MYCI-33449375.wav,8.016,256000,MYCI.zip
MYCI,MYCI-28474069.wav,5.0,192000,MYCI.zip
MYCI,MYCI-28486347.wav,4.8373333333333335,192000,MYCI.zip
MYCI,MYCI-1320227.wav,4.99837,300000,MYCI.zip
MYCI,MYCI-32907846.wav,6.317,256000,MYCI.zip
MYCI,MYCI-60295187.wav,5.0,500000,MYCI.zip
MYCI,MYCI-29852677.wav,5.0,192000,MYCI.zip
MYCI,MYCI-29788533.wav,5.004,192000,MYCI.zip
MYCI,MYCI-29285865.wav,5.0,192000,MYCI.zip
MYCI,MYCI-73514178.wav,5.0,256000,MYCI.zip
MYCI,MYCI-29833385.wav,5.0,192000,MYCI.zip
MYCI,MYCI-53854919.wav,4.998976,500000,MYCI.zip
MYCI,MYCI-32063063.wav,6.0,384000,MYCI.zip
MYCI,MYCI-29284146.wav,5.004,192000,MYCI.zip
MYCI,MYCI-28508478.wav,5.0,192000,MYCI.zip
MYCI,MYCI-60295217.wav,5.0,500000,MYCI.zip
MYCI,MYCI-29739664.wav,4.998666666666667,192000,MYCI.zip
MYCI,MYCI-28450143.wav,5.0,192000,MYCI.zip
MYCI,MYCI-28553306.wav,6.0,384000,MYCI.zip
MYCI,MYCI-32059460.wav,6.0,384000,MYCI.zip
MYCI,MYCI-29796905.wav,5.0,192000,MYCI.zip
MYCI,MYCI-2844578.wav,4.999022,500000,MYCI.zip
MYCI,MYCI-60294838.wav,5.0,500000,MYCI.zip
MYCI,MYCI-54400718.wav,6.0,384000,MYCI.zip
MYCI,MYCI-31606806.wav,4.99992,500000,MYCI.zip
MYCI,MYCI-29720548.wav,3.304,192000,MYCI.zip
MYCI,MYCI-73617816.wav,5.0,256000,MYCI.zip
MYCI,MYCI-73642528.wav,5.0,256000,MYCI.zip
MYCI,MYCI-29824198.wav,5.0,192000,MYCI.zip
MYCI,MYCI-28444336.wav,5.0,192000,MYCI.zip
MYCI,MYCI-60369600.wav,6.54,256000,MYCI.zip
MYCI,MYCI-73561626.wav,5.0,256000,MYCI.zip
MYCI,MYCI-211369.wav,4.998976,500000,MYCI.zip
MYCI,MYCI-73637779.wav,5.0,256000,MYCI.zip
MYCI,MYCI-29685646.wav,5.0,192000,MYCI.zip
MYCI,MYCI-29784512.wav,5.0,192000,MYCI.zip
MYCI,MYCI-73627673.wav,5.0,256000,MYCI.zip
MYCI,MYCI-28469940.wav,5.0,192000,MYCI.zip
MYCI,MYCI-28445597.wav,5.0,192000,MYCI.zip
MYCI,MYCI-60295069.wav,5.0,500000,MYCI.zip
MYCI,MYCI-28518883.wav,5.0,192000,MYCI.zip
MYCI,MYCI-33533775.wav,4.998976,500000,MYCI.zip
MYCI,MYCI-310819.wav,4.998976,500000,MYCI.zip
MYCI,MYCI-31850140.wav,4.99992,500000,MYCI.zip
MYCI,MYCI-2161236.wav,4.999022,500000,MYCI.zip
MYCI,MYCI-29747373.wav,4.998666666666667,192000,MYCI.zip
MYCI,MYCI-73597680.wav,5.0,256000,MYCI.zip
MYCI,MYCI-29841026.wav,5.004,192000,MYCI.zip
MYCI,MYCI-73597560.wav,5.0,256000,MYCI.zip
MYCI,MYCI-28470840.wav,5.0,192000,MYCI.zip
MYCI,MYCI-1355557.wav,4.99837,300000,MYCI.zip
MYCI,MYCI-1552241.wav,7.46,256000,MYCI.zip
MYCI,MYCI-29846881.wav,5.004,192000,MYCI.zip
MYCI,MYCI-29796485.wav,5.0,192000,MYCI.zip
MYCI,MYCI-2853301.wav,4.999022,500000,MYCI.zip
MYCI,MYCI-2275365.wav,5.004,192000,MYCI.zip
MYCI,MYCI-73618430.wav,5.0,256000,MYCI.zip
MYCI,MYCI-28449582.wav,5.0,192000,MYCI.zip
MYCI,MYCI-31861707.wav,2.99992,500000,MYCI.zip
MYCI,MYCI-56695282.wav,8.046,256000,MYCI.zip
MYCI,MYCI-73623282.wav,5.0,256000,MYCI.zip
MYCI,MYCI-28408662.wav,4.998976,500000,MYCI.zip
MYCI,MYCI-60295166.wav,3.0,500000,MYCI.zip
MYCI,MYCI-53843562.wav,4.998976,500000,MYCI.zip
MYCI,MYCI-31861704.wav,2.99992,500000,MYCI.zip
MYCI,MYCI-31714515.wav,4.99992,500000,MYCI.zip
MYCI,MYCI-29842203.wav,5.004,192000,MYCI.zip
MYCI,MYCI-28523502.wav,5.0,192000,MYCI.zip
MYCI,MYCI-29824692.wav,5.0,192000,MYCI.zip
MYCI,MYCI-73640442.wav,4.978,256000,MYCI.zip
MYCI,MYCI-145236.wav,4.998976,500000,MYCI.zip
MYCI,MYCI-28469724.wav,5.0,192000,MYCI.zip
MYCI,MYCI-28473565.wav,5.0,192000,MYCI.zip
MYCI,MYCI-28466488.wav,3.672,192000,MYCI.zip
MYCI,MYCI-29747361.wav,4.998666666666667,192000,MYCI.zip
MYCI,MYCI-28451642.wav,5.0,192000,MYCI.zip
MYCI,MYCI-73626811.wav,5.0,256000,MYCI.zip
MYCI,MYCI-73555000.wav,5.0,256000,MYCI.zip
MYCI,MYCI-73644337.wav,5.0,256000,MYCI.zip
MYCI,MYCI-33622133.wav,4.998976,500000,MYCI.zip
MYCI,MYCI-29684942.wav,5.0,192000,MYCI.zip
MYCI,MYCI-28408691.wav,4.998976,500000,MYCI.zip
MYCI,MYCI-1472736.wav,5.822,256000,MYCI.zip
MYCI,MYCI-29334214.wav,5.0,192000,MYCI.zip
MYCI,MYCI-1943980.wav,2.998976,500000,MYCI.zip
MYCI,MYCI-73622786.wav,4.074,256000,MYCI.zip
MYCI,MYCI-73613867.wav,4.974666666666667,192000,MYCI.zip
MYCI,MYCI-28514031.wav,5.0,192000,MYCI.zip
MYCI,MYCI-28502869.wav,5.0,192000,MYCI.zip
MYCI,MYCI-31607482.wav,4.99992,500000,MYCI.zip
MYCI,MYCI-1556263.wav,5.308,256000,MYCI.zip
MYCI,MYCI-1360522.wav,4.99837,300000,MYCI.zip
MYCI,MYCI-73560931.wav,5.0,256000,MYCI.zip
MYCI,MYCI-33490433.wav,4.998976,500000,MYCI.zip
MYCI,MYCI-73554991.wav,5.0,256000,MYCI.zip
MYCI,MYCI-29833580.wav,5.0,192000,MYCI.zip
MYCI,MYCI-33449856.wav,6.608,256000,MYCI.zip
MYCI,MYCI-1937485.wav,4.999022,500000,MYCI.zip
MYCI,MYCI-73630508.wav,5.0,256000,MYCI.zip
MYCI,MYCI-28380732.wav,6.0,384000,MYCI.zip
MYCI,MYCI-57092472.wav,4.998976,500000,MYCI.zip
MYCI,MYCI-29180162.wav,6.582,256000,MYCI.zip
MYCI,MYCI-2870599.wav,2.999022,500000,MYCI.zip
MYCI,MYCI-28331840.wav,6.0,384000,MYCI.zip
MYCI,MYCI-28442342.wav,4.998666666666667,192000,MYCI.zip
MYCI,MYCI-28994142.wav,3.964,192000,MYCI.zip
MYCI,MYCI-73564495.wav,5.0,256000,MYCI.zip
MYCI,MYCI-58057003.wav,6.0,384000,MYCI.zip
MYCI,MYCI-28483737.wav,5.0,192000,MYCI.zip
MYCI,MYCI-28526148.wav,5.0,192000,MYCI.zip
MYCI,MYCI-28522014.wav,5.0,192000,MYCI.zip
MYCI,MYCI-144529.wav,4.998976,500000,MYCI.zip
MYCI,MYCI-60295178.wav,5.0,500000,MYCI.zip
MYCI,MYCI-29735175.wav,5.0,192000,MYCI.zip
MYCI,MYCI-33845558.wav,4.832,384000,MYCI.zip
MYCI,MYCI-73541351.wav,5.0,256000,MYCI.zip
MYCI,MYCI-28493907.wav,5.0,192000,MYCI.zip
MYCI,MYCI-55475781.wav,2.998976,500000,MYCI.zip
MYCI,MYCI-54420613.wav,5.9,256000,MYCI.zip
MYCI,MYCI-29684944.wav,5.0,192000,MYCI.zip
MYCI,MYCI-73555986.wav,5.0,256000,MYCI.zip
MYCI,MYCI-28366213.wav,6.0,384000,MYCI.zip
MYCI,MYCI-29788544.wav,4.269333333333333,192000,MYCI.zip
MYCI,MYCI-144842.wav,4.998976,500000,MYCI.zip
MYCI,MYCI-3035354.wav,4.999022,500000,MYCI.zip
MYCI,MYCI-73616784.wav,5.0,256000,MYCI.zip
MYCI,MYCI-53854777.wav,4.998976,500000,MYCI.zip
MYCI,MYCI-28994108.wav,3.946666666666667,192000,MYCI.zip
MYCI,MYCI-64955335.wav,6.0,384000,MYCI.zip
MYCI,MYCI-32067615.wav,5.418666666666667,384000,MYCI.zip
MYCI,MYCI-33533824.wav,4.998976,500000,MYCI.zip
MYCI,MYCI-29149143.wav,4.998976,500000,MYCI.zip
MYCI,MYCI-29835293.wav,5.0,192000,MYCI.zip
MYCI,MYCI-28521988.wav,5.0,192000,MYCI.zip
MYCI,MYCI-33430513.wav,6.586,256000,MYCI.zip
MYCI,MYCI-28282143.wav,5.004,192000,MYCI.zip
MYCI,MYCI-60353588.wav,6.0,384000,MYCI.zip
MYCI,MYCI-54421370.wav,7.214,256000,MYCI.zip
MYCI,MYCI-28493610.wav,3.5893333333333333,192000,MYCI.zip
MYCI,MYCI-1518609.wav,4.99837,300000,MYCI.zip
MYCI,MYCI-73633876.wav,4.394666666666667,192000,MYCI.zip
MYCI,MYCI-29837804.wav,5.0,192000,MYCI.zip
MYCI,MYCI-28477031.wav,5.0,192000,MYCI.zip
MYCI,MYCI-28522557.wav,5.0,192000,MYCI.zip
MYCI,MYCI-28310038.wav,5.004,192000,MYCI.zip
MYCI,MYCI-73558087.wav,5.0,256000,MYCI.zip
MYCI,MYCI-73564602.wav,5.0,256000,MYCI.zip
MYCI,MYCI-58056695.wav,6.0,384000,MYCI.zip
MYCI,MYCI-31620185.wav,4.99992,500000,MYCI.zip
MYCI,MYCI-28979016.wav,4.998976,500000,MYCI.zip
MYCI,MYCI-1551635.wav,6.81,256000,MYCI.zip
MYCI,MYCI-28844829.wav,4.998976,500000,MYCI.zip
MYCI,MYCI-1355681.wav,4.99837,300000,MYCI.zip
MYCI,MYCI-73624234.wav,4.784,256000,MYCI.zip
MYCI,MYCI-28460554.wav,5.0,192000,MYCI.zip
MYCI,MYCI-53843285.wav,4.998976,500000,MYCI.zip
MYCI,MYCI-1350105.wav,4.999022,500000,MYCI.zip
MYCI,MYCI-31616295.wav,2.99992,500000,MYCI.zip
MYCI,MYCI-29011273.wav,4.998976,500000,MYCI.zip
MYCI,MYCI-28290355.wav,5.004,192000,MYCI.zip
MYCI,MYCI-53784703.wav,4.998976,500000,MYCI.zip
MYCI,MYCI-73637693.wav,3.932,256000,MYCI.zip
MYCI,MYCI-29149137.wav,4.998976,500000,MYCI.zip
MYCI,MYCI-28994114.wav,4.764,192000,MYCI.zip
MYCI,MYCI-57099916.wav,4.998976,500000,MYCI.zip
MYCI,MYCI-73556248.wav,5.0,256000,MYCI.zip
MYCI,MYCI-29769534.wav,4.112,192000,MYCI.zip
MYCI,MYCI-28391824.wav,4.998976,500000,MYCI.zip
MYCI,MYCI-28498253.wav,5.0,192000,MYCI.zip
MYCI,MYCI-73641622.wav,5.0,256000,MYCI.zip
MYCI,MYCI-28341221.wav,6.0,384000,MYCI.zip
MYCI,MYCI-28462878.wav,5.0,192000,MYCI.zip
MYCI,MYCI-53786684.wav,4.999022,500000,MYCI.zip
MYCI,MYCI-73555128.wav,3.94,256000,MYCI.zip
MYCI,MYCI-2817127.wav,4.999022,500000,MYCI.zip
MYCI,MYCI-57098055.wav,4.998976,500000,MYCI.zip
MYCI,MYCI-29719683.wav,5.004,192000,MYCI.zip
MYCI,MYCI-2579359.wav,4.998976,500000,MYCI.zip
MYCI,MYCI-28476836.wav,5.0,192000,MYCI.zip
MYCI,MYCI-73597639.wav,5.0,256000,MYCI.zip
MYCI,MYCI-29685659.wav,5.0,192000,MYCI.zip
MYCI,MYCI-28545267.wav,6.0,384000,MYCI.zip
MYCI,MYCI-73536971.wav,5.004,192000,MYCI.zip
MYCI,MYCI-73626905.wav,4.002,256000,MYCI.zip
MYCI,MYCI-28350646.wav,4.998976,500000,MYCI.zip
MYCI,MYCI-28513368.wav,5.0,192000,MYCI.zip
MYCI,MYCI-28495774.wav,5.0,192000,MYCI.zip
MYCI,MYCI-28520269.wav,5.0,192000,MYCI.zip
MYCI,MYCI-29367922.wav,4.998976,500000,MYCI.zip
MYCI,MYCI-28471166.wav,5.0,192000,MYCI.zip
MYCI,MYCI-29840753.wav,5.004,192000,MYCI.zip
MYCI,MYCI-28340033.wav,6.0,384000,MYCI.zip
MYCI,MYCI-29842358.wav,4.198666666666667,192000,MYCI.zip
MYCI,MYCI-1556176.wav,5.94,256000,MYCI.zip
MYCI,MYCI-2162725.wav,4.999022,500000,MYCI.zip
MYCI,MYCI-73548641.wav,5.0,256000,MYCI.zip
MYCI,MYCI-28289891.wav,4.881333333333333,192000,MYCI.zip
MYCI,MYCI-57099456.wav,4.998976,500000,MYCI.zip
MYCI,MYCI-73623329.wav,5.0,256000,MYCI.zip
MYCI,MYCI-73533629.wav,5.004,192000,MYCI.zip
MYCI,MYCI-28526152.wav,5.0,192000,MYCI.zip
MYCI,MYCI-29719673.wav,5.004,192000,MYCI.zip
MYCI,MYCI-2066703.wav,4.998976,500000,MYCI.zip
MYCI,MYCI-73614124.wav,5.004,192000,MYCI.zip
MYCI,MYCI-73513438.wav,5.0,256000,MYCI.zip
MYCI,MYCI-29840419.wav,3.8546666666666662,192000,MYCI.zip
MYCI,MYCI-60295252.wav,5.0,500000,MYCI.zip
MYCI,MYCI-29842363.wav,4.582666666666666,192000,MYCI.zip
MYCI,MYCI-73555141.wav,5.0,256000,MYCI.zip
MYCI,MYCI-29294232.wav,5.0,192000,MYCI.zip
MYCI,MYCI-73588022.wav,3.419,256000,MYCI.zip
MYCI,MYCI-73541141.wav,5.0,256000,MYCI.zip
MYCI,MYCI-28384933.wav,4.998976,500000,MYCI.zip
MYCI,MYCI-73601220.wav,5.0,256000,MYCI.zip
MYCI,MYCI-228254.wav,4.998976,500000,MYCI.zip
MYCI,MYCI-73624264.wav,5.0,256000,MYCI.zip
MYCI,MYCI-28463283.wav,5.0,192000,MYCI.zip
MYCI,MYCI-28844824.wav,4.998976,500000,MYCI.zip
MYCI,MYCI-73597574.wav,5.0,256000,MYCI.zip
MYCI,MYCI-28482668.wav,3.954666666666667,192000,MYCI.zip
MYCI,MYCI-29286743.wav,5.0,192000,MYCI.zip
MYCI,MYCI-1554116.wav,7.22,256000,MYCI.zip
MYCI,MYCI-29157921.wav,6.384,256000,MYCI.zip
MYCI,MYCI-32907845.wav,8.021,256000,MYCI.zip
MYCI,MYCI-29855454.wav,4.998666666666667,192000,MYCI.zip
MYCI,MYCI-73556075.wav,5.0,256000,MYCI.zip
MYCI,MYCI-28993038.wav,3.7533333333333334,192000,MYCI.zip
MYCI,MYCI-28459458.wav,5.0,192000,MYCI.zip
MYCI,MYCI-73591680.wav,5.0,256000,MYCI.zip
MYCI,MYCI-3011931.wav,4.999022,500000,MYCI.zip
MYCI,MYCI-73551833.wav,5.0,256000,MYCI.zip
MYCI,MYCI-73642537.wav,5.0,256000,MYCI.zip
MYCI,MYCI-55478695.wav,4.998976,500000,MYCI.zip
MYCI,MYCI-33490441.wav,4.998976,500000,MYCI.zip
MYCI,MYCI-28987019.wav,4.998666666666667,192000,MYCI.zip
MYCI,MYCI-29837776.wav,5.0,192000,MYCI.zip
MYCI,MYCI-29381221.wav,4.998976,500000,MYCI.zip
MYCI,MYCI-73564605.wav,4.934,256000,MYCI.zip
MYCI,MYCI-29792466.wav,5.0,192000,MYCI.zip
MYCI,MYCI-73565041.wav,5.004,192000,MYCI.zip
MYCI,MYCI-2066707.wav,4.998976,500000,MYCI.zip
MYCI,MYCI-31861703.wav,2.99992,500000,MYCI.zip
MYCI,MYCI-28442769.wav,4.998666666666667,192000,MYCI.zip
MYCI,MYCI-29719935.wav,2.1733333333333333,192000,MYCI.zip
MYCI,MYCI-29811296.wav,5.0,192000,MYCI.zip
MYCI,MYCI-28521767.wav,5.0,192000,MYCI.zip
MYCI,MYCI-28493941.wav,5.0,192000,MYCI.zip
MYCI,MYCI-28441784.wav,4.998666666666667,192000,MYCI.zip
MYCI,MYCI-55475971.wav,4.998976,500000,MYCI.zip
MYCI,MYCI-55475948.wav,4.998976,500000,MYCI.zip
MYCI,MYCI-33622448.wav,4.998976,500000,MYCI.zip
MYCI,MYCI-28476508.wav,5.0,192000,MYCI.zip
MYCI,MYCI-1984413.wav,5.465333333333334,384000,MYCI.zip
MYCI,MYCI-73541346.wav,5.0,256000,MYCI.zip
MYCI,MYCI-73627574.wav,5.0,256000,MYCI.zip
MYCI,MYCI-73533635.wav,5.004,192000,MYCI.zip
MYCI,MYCI-28450239.wav,5.0,192000,MYCI.zip
MYCI,MYCI-1454841.wav,8.008,256000,MYCI.zip
MYCI,MYCI-73541196.wav,5.0,256000,MYCI.zip
MYCI,MYCI-30497557.wav,6.0,384000,MYCI.zip
MYCI,MYCI-58057004.wav,6.0,384000,MYCI.zip
MYCI,MYCI-2867003.wav,2.999022,500000,MYCI.zip
MYCI,MYCI-28469690.wav,5.0,192000,MYCI.zip
MYCI,MYCI-28478738.wav,5.0,192000,MYCI.zip
MYCI,MYCI-29768556.wav,4.998666666666667,192000,MYCI.zip
MYCI,MYCI-29367907.wav,4.998976,500000,MYCI.zip
MYCI,MYCI-29286793.wav,5.0,192000,MYCI.zip
MYCI,MYCI-29783889.wav,5.004,192000,MYCI.zip
MYCI,MYCI-28353935.wav,6.0,384000,MYCI.zip
MYCI,MYCI-33622164.wav,4.998976,500000,MYCI.zip
MYCI,MYCI-28492970.wav,5.0,192000,MYCI.zip
MYCI,MYCI-73541422.wav,4.7,256000,MYCI.zip
MYCI,MYCI-2629682.wav,4.998976,500000,MYCI.zip
MYCI,MYCI-33846318.wav,6.0,384000,MYCI.zip
MYCI,MYCI-57093106.wav,4.998976,500000,MYCI.zip
MYCI,MYCI-31606828.wav,4.99992,500000,MYCI.zip
MYCI,MYCI-11369.wav,6.0,384000,MYCI.zip
MYCI,MYCI-29782653.wav,4.464,192000,MYCI.zip
MYCI,MYCI-29179649.wav,6.968,256000,MYCI.zip
MYCI,MYCI-2630306.wav,4.998976,500000,MYCI.zip
MYCI,MYCI-73642530.wav,5.0,256000,MYCI.zip
MYCI,MYCI-29764608.wav,5.004,192000,MYCI.zip
MYCI,MYCI-29723767.wav,5.004,192000,MYCI.zip
MYCI,MYCI-73612602.wav,4.648,256000,MYCI.zip
MYCI,MYCI-29842398.wav,3.088,192000,MYCI.zip
MYCI,MYCI-28476728.wav,5.0,192000,MYCI.zip
MYCI,MYCI-29857251.wav,4.94,192000,MYCI.zip
MYCI,MYCI-29788539.wav,2.6106666666666665,192000,MYCI.zip
MYCI,MYCI-28410629.wav,6.0,384000,MYCI.zip
MYCI,MYCI-28518624.wav,5.0,192000,MYCI.zip
MYCI,MYCI-28993211.wav,5.004,192000,MYCI.zip
MYCI,MYCI-29007188.wav,6.582,256000,MYCI.zip
MYCI,MYCI-28482957.wav,5.0,192000,MYCI.zip
MYCI,MYCI-73556693.wav,5.0,256000,MYCI.zip
MYCI,MYCI-73633062.wav,5.004,192000,MYCI.zip
MYCI,MYCI-28482478.wav,5.0,192000,MYCI.zip
MYCI,MYCI-73614307.wav,5.004,192000,MYCI.zip
MYCI,MYCI-28525651.wav,5.0,192000,MYCI.zip
MYCI,MYCI-28473282.wav,5.0,192000,MYCI.zip
MYCI,MYCI-73541356.wav,5.0,256000,MYCI.zip
MYCI,MYCI-29780178.wav,4.112,192000,MYCI.zip
MYCI,MYCI-184970.wav,7.554,256000,MYCI.zip
MYCI,MYCI-28993198.wav,3.802666666666666,192000,MYCI.zip
MYCI,MYCI-28481332.wav,5.0,192000,MYCI.zip
MYCI,MYCI-29285873.wav,5.0,192000,MYCI.zip
MYCI,MYCI-29720335.wav,5.0,192000,MYCI.zip
MYCI,MYCI-29857177.wav,4.998666666666667,192000,MYCI.zip
MYCI,MYCI-1554113.wav,6.996,256000,MYCI.zip
MYCI,MYCI-29862047.wav,5.0,192000,MYCI.zip
MYCI,MYCI-28455328.wav,4.338666666666667,192000,MYCI.zip
MYCI,MYCI-2633469.wav,4.998976,500000,MYCI.zip
MYCI,MYCI-28444686.wav,3.136,192000,MYCI.zip
MYCI,MYCI-33447142.wav,7.84,256000,MYCI.zip
MYCI,MYCI-29853286.wav,5.0,192000,MYCI.zip
MYCI,MYCI-73551839.wav,5.0,256000,MYCI.zip
MYCI,MYCI-32067432.wav,6.0,384000,MYCI.zip
MYCI,MYCI-28449586.wav,5.0,192000,MYCI.zip
MYCI,MYCI-1937462.wav,4.999022,500000,MYCI.zip
MYCI,MYCI-55476486.wav,4.998976,500000,MYCI.zip
MYCI,MYCI-55389273.wav,4.998976,500000,MYCI.zip
MYCI,MYCI-28529813.wav,3.464,192000,MYCI.zip
MYCI,MYCI-28502814.wav,5.0,192000,MYCI.zip
MYCI,MYCI-103739.wav,5.272,256000,MYCI.zip
MYCI,MYCI-55385998.wav,4.998976,500000,MYCI.zip
MYCI,MYCI-29842408.wav,4.442666666666667,192000,MYCI.zip
MYCI,MYCI-73586732.wav,5.0,256000,MYCI.zip
MYCI,MYCI-2155753.wav,5.633333333333334,384000,MYCI.zip
MYCI,MYCI-144260.wav,4.998976,500000,MYCI.zip
MYCI,MYCI-28470798.wav,5.0,192000,MYCI.zip
MYCI,MYCI-28586388.wav,6.0,384000,MYCI.zip
MYCI,MYCI-28277660.wav,3.541333333333333,192000,MYCI.zip
MYCI,MYCI-73561823.wav,5.0,256000,MYCI.zip
MYCI,MYCI-29788538.wav,2.8466666666666667,192000,MYCI.zip
MYCI,MYCI-73644308.wav,5.0,256000,MYCI.zip
MYCI,MYCI-73622755.wav,5.0,256000,MYCI.zip
MYCI,MYCI-28477076.wav,5.0,192000,MYCI.zip
MYCI,MYCI-55478813.wav,4.998976,500000,MYCI.zip
MYCI,MYCI-28460519.wav,5.0,192000,MYCI.zip
MYCI,MYCI-29279942.wav,4.998976,500000,MYCI.zip
MYCI,MYCI-28517048.wav,5.0,192000,MYCI.zip
MYCI,MYCI-28476343.wav,5.0,192000,MYCI.zip
MYCI,MYCI-31542645.wav,4.998976,500000,MYCI.zip
MYCI,MYCI-2840173.wav,4.999022,500000,MYCI.zip
MYCI,MYCI-28515842.wav,4.84,192000,MYCI.zip
MYCI,MYCI-28334640.wav,6.0,384000,MYCI.zip
MYCI,MYCI-28474934.wav,5.0,192000,MYCI.zip
MYCI,MYCI-73565257.wav,5.004,192000,MYCI.zip
MYCI,MYCI-73616769.wav,5.0,256000,MYCI.zip
MYCI,MYCI-31624696.wav,2.99992,500000,MYCI.zip
MYCI,MYCI-29787083.wav,5.0,192000,MYCI.zip
MYCI,MYCI-73613907.wav,5.004,192000,MYCI.zip
MYCI,MYCI-29861633.wav,5.0,192000,MYCI.zip
MYCI,MYCI-31624691.wav,2.99992,500000,MYCI.zip
MYCI,MYCI-73587389.wav,3.895,256000,MYCI.zip
MYCI,MYCI-73643992.wav,4.65,256000,MYCI.zip
MYCI,MYCI-73614288.wav,5.004,192000,MYCI.zip
MYCI,MYCI-28506736.wav,5.0,192000,MYCI.zip
MYCI,MYCI-28498647.wav,5.0,192000,MYCI.zip
MYCI,MYCI-29812041.wav,5.0,192000,MYCI.zip
MYCI,MYCI-29285850.wav,5.0,192000,MYCI.zip
MYCI,MYCI-29833484.wav,5.0,192000,MYCI.zip
MYCI,MYCI-1321085.wav,4.999022,500000,MYCI.zip
MYCI,MYCI-2624555.wav,4.998976,500000,MYCI.zip
MYCI,MYCI-60354431.wav,5.741333333333333,384000,MYCI.zip
MYCI,MYCI-54417564.wav,6.42,256000,MYCI.zip
MYCI,MYCI-2874457.wav,6.016,320000,MYCI.zip
MYCI,MYCI-29875915.wav,5.004,192000,MYCI.zip
MYCI,MYCI-73601273.wav,4.806,256000,MYCI.zip
MYCI,MYCI-55475946.wav,4.998976,500000,MYCI.zip
MYCI,MYCI-28469948.wav,5.0,192000,MYCI.zip
MYCI,MYCI-55475967.wav,4.998976,500000,MYCI.zip
MYCI,MYCI-73541186.wav,5.0,256000,MYCI.zip
MYCI,MYCI-55475638.wav,2.998976,500000,MYCI.zip
MYCI,MYCI-73629901.wav,4.938,256000,MYCI.zip
MYCI,MYCI-29720407.wav,5.0,192000,MYCI.zip
MYCI,MYCI-2067441.wav,4.998976,500000,MYCI.zip
MYCI,MYCI-29283896.wav,4.872,192000,MYCI.zip
MYCI,MYCI-28299057.wav,5.004,192000,MYCI.zip
MYCI,MYCI-29856478.wav,4.998666666666667,192000,MYCI.zip
MYCI,MYCI-30668910.wav,4.998976,500000,MYCI.zip
MYCI,MYCI-28482789.wav,2.872,192000,MYCI.zip
MYCI,MYCI-73597827.wav,5.0,256000,MYCI.zip
MYCI,MYCI-1550490.wav,6.634,256000,MYCI.zip
MYCI,MYCI-28979099.wav,5.004,192000,MYCI.zip
MYCI,MYCI-28368034.wav,5.0,192000,MYCI.zip
MYCI,MYCI-73557454.wav,5.0,256000,MYCI.zip
MYCI,MYCI-1556665.wav,4.624,256000,MYCI.zip
MYCI,MYCI-28994455.wav,4.998666666666667,192000,MYCI.zip
MYCI,MYCI-28470991.wav,5.0,192000,MYCI.zip
MYCI,MYCI-28444446.wav,5.0,192000,MYCI.zip
MYCI,MYCI-28587621.wav,5.566666666666666,384000,MYCI.zip
MYCI,MYCI-73639320.wav,5.0,256000,MYCI.zip
MYCI,MYCI-28423053.wav,4.998976,500000,MYCI.zip
MYCI,MYCI-28844832.wav,4.998976,500000,MYCI.zip
MYCI,MYCI-29734754.wav,5.0,192000,MYCI.zip
MYCI,MYCI-73601231.wav,5.0,256000,MYCI.zip
MYCI,MYCI-73555122.wav,5.0,256000,MYCI.zip
MYCI,MYCI-33450106.wav,7.71,256000,MYCI.zip
MYCI,MYCI-3035887.wav,4.999022,500000,MYCI.zip
MYCI,MYCI-145554.wav,4.998976,500000,MYCI.zip
MYCI,MYCI-29627342.wav,4.532,192000,MYCI.zip
MYCI,MYCI-29838565.wav,5.004,192000,MYCI.zip
MYCI,MYCI-73583425.wav,5.0,256000,MYCI.zip
MYCI,MYCI-73551842.wav,5.0,256000,MYCI.zip
MYCI,MYCI-28442291.wav,4.998666666666667,192000,MYCI.zip
MYCI,MYCI-1547173.wav,6.302,256000,MYCI.zip
MYCI,MYCI-145055.wav,4.998976,500000,MYCI.zip
MYCI,MYCI-28481334.wav,5.0,192000,MYCI.zip
MYCI,MYCI-73633053.wav,5.004,192000,MYCI.zip
MYCI,MYCI-29717587.wav,4.998666666666667,192000,MYCI.zip
MYCI,MYCI-29345437.wav,4.998976,500000,MYCI.zip
MYCI,MYCI-73641641.wav,5.0,256000,MYCI.zip
MYCI,MYCI-3010587.wav,4.999022,500000,MYCI.zip
MYCI,MYCI-55476222.wav,4.998976,500000,MYCI.zip
MYCI,MYCI-31657103.wav,4.99992,500000,MYCI.zip
MYCI,MYCI-28385142.wav,4.998976,500000,MYCI.zip
MYCI,MYCI-29736876.wav,5.0,192000,MYCI.zip
MYCI,MYCI-73597809.wav,5.0,256000,MYCI.zip
MYCI,MYCI-73601234.wav,5.0,256000,MYCI.zip
MYCI,MYCI-31624699.wav,2.99992,500000,MYCI.zip
MYCI,MYCI-73552530.wav,5.0,256000,MYCI.zip
MYCI,MYCI-73555049.wav,5.0,256000,MYCI.zip
MYCI,MYCI-32875351.wav,4.998976,500000,MYCI.zip
MYCI,MYCI-2808067.wav,4.999022,500000,MYCI.zip
MYCI,MYCI-28469836.wav,5.0,192000,MYCI.zip
MYCI,MYCI-145027.wav,4.998976,500000,MYCI.zip
MYCI,MYCI-28502737.wav,5.0,192000,MYCI.zip
MYCI,MYCI-1945953.wav,2.998976,500000,MYCI.zip
MYCI,MYCI-29846869.wav,5.004,192000,MYCI.zip
MYCI,MYCI-57098119.wav,4.998976,500000,MYCI.zip
MYCI,MYCI-28597147.wav,6.0,384000,MYCI.zip
MYCI,MYCI-73643169.wav,5.0,256000,MYCI.zip
MYCI,MYCI-28525077.wav,5.0,192000,MYCI.zip
MYCI,MYCI-28470872.wav,5.0,192000,MYCI.zip
MYCI,MYCI-29787107.wav,4.544,192000,MYCI.zip
MYCI,MYCI-28290022.wav,4.008,192000,MYCI.zip
MYCI,MYCI-29837397.wav,5.0,192000,MYCI.zip
MYCI,MYCI-28459630.wav,5.0,192000,MYCI.zip
MYCI,MYCI-32066244.wav,5.185333333333333,384000,MYCI.zip
MYCI,MYCI-29837030.wav,5.0,192000,MYCI.zip
MYCI,MYCI-55535520.wav,4.998976,500000,MYCI.zip
MYCI,MYCI-2631693.wav,4.998976,500000,MYCI.zip
MYCI,MYCI-3010660.wav,4.999022,500000,MYCI.zip
MYCI,MYCI-31615966.wav,2.99992,500000,MYCI.zip
MYCI,MYCI-29616665.wav,4.998666666666667,192000,MYCI.zip
MYCI,MYCI-32066677.wav,6.0,384000,MYCI.zip
MYCI,MYCI-28994117.wav,5.004,192000,MYCI.zip
MYCI,MYCI-55478548.wav,4.998976,500000,MYCI.zip
MYCI,MYCI-60369607.wav,5.044,256000,MYCI.zip
MYCI,MYCI-28505651.wav,5.0,192000,MYCI.zip
MYCI,MYCI-186765.wav,4.842,256000,MYCI.zip
MYCI,MYCI-2066712.wav,4.998976,500000,MYCI.zip
MYCI,MYCI-28978797.wav,4.998976,500000,MYCI.zip
MYCI,MYCI-32052285.wav,6.0,384000,MYCI.zip
MYCI,MYCI-28493400.wav,5.0,192000,MYCI.zip
MYCI,MYCI-73556849.wav,3.458,256000,MYCI.zip
MYCI,MYCI-28510291.wav,5.0,192000,MYCI.zip
MYCI,MYCI-28984202.wav,4.998976,500000,MYCI.zip
MYCI,MYCI-211538.wav,4.998976,500000,MYCI.zip
MYCI,MYCI-1984492.wav,6.0,384000,MYCI.zip
MYCI,MYCI-58057002.wav,6.0,384000,MYCI.zip
MYCI,MYCI-28524254.wav,5.0,192000,MYCI.zip
MYCI,MYCI-53785516.wav,4.998976,500000,MYCI.zip
MYCI,MYCI-29771109.wav,4.998666666666667,192000,MYCI.zip
MYCI,MYCI-29719003.wav,4.998666666666667,192000,MYCI.zip
MYCI,MYCI-73513426.wav,5.0,256000,MYCI.zip
MYCI,MYCI-31620599.wav,4.99992,500000,MYCI.zip
MYCI,MYCI-28530522.wav,5.0,192000,MYCI.zip
MYCI,MYCI-2845555.wav,4.999022,500000,MYCI.zip
MYCI,MYCI-29824166.wav,5.0,192000,MYCI.zip
MYCI,MYCI-28289889.wav,4.998666666666667,192000,MYCI.zip
MYCI,MYCI-31609787.wav,4.99992,500000,MYCI.zip
MYCI,MYCI-73647221.wav,5.0,256000,MYCI.zip
MYCI,MYCI-28445071.wav,5.0,192000,MYCI.zip
MYCI,MYCI-28526660.wav,5.0,192000,MYCI.zip
MYCI,MYCI-29783695.wav,5.004,192000,MYCI.zip
MYCI,MYCI-1985265.wav,6.0,384000,MYCI.zip
MYCI,MYCI-31869373.wav,4.99992,500000,MYCI.zip
MYCI,MYCI-29842405.wav,3.3,192000,MYCI.zip
MYCI,MYCI-28486210.wav,5.0,192000,MYCI.zip
MYCI,MYCI-29837031.wav,5.0,192000,MYCI.zip
MYCI,MYCI-28987020.wav,4.998666666666667,192000,MYCI.zip
MYCI,MYCI-28993870.wav,3.972,192000,MYCI.zip
MYCI,MYCI-73624240.wav,5.0,256000,MYCI.zip
MYCI,MYCI-2866440.wav,2.999022,500000,MYCI.zip
MYCI,MYCI-2846113.wav,4.999022,500000,MYCI.zip
MYCI,MYCI-73641616.wav,5.0,256000,MYCI.zip
MYCI,MYCI-29788597.wav,4.8933333333333335,192000,MYCI.zip
MYCI,MYCI-29029247.wav,4.998976,500000,MYCI.zip
MYCI,MYCI-28476139.wav,5.0,192000,MYCI.zip
MYCI,MYCI-28337531.wav,6.596,256000,MYCI.zip
MYCI,MYCI-33846556.wav,6.0,384000,MYCI.zip
MYCI,MYCI-28444077.wav,5.0,192000,MYCI.zip
MYCI,MYCI-73637793.wav,5.0,256000,MYCI.zip
MYCI,MYCI-2624832.wav,4.998976,500000,MYCI.zip
MYCI,MYCI-30586538.wav,4.998976,500000,MYCI.zip
MYCI,MYCI-73565528.wav,5.004,192000,MYCI.zip
MYCI,MYCI-73565090.wav,5.004,192000,MYCI.zip
MYCI,MYCI-228367.wav,4.998976,500000,MYCI.zip
MYCI,MYCI-53843057.wav,4.998976,500000,MYCI.zip
MYCI,MYCI-28332869.wav,5.394,384000,MYCI.zip
MYCI,MYCI-29011275.wav,4.998976,500000,MYCI.zip
MYCI,MYCI-1557055.wav,6.202,256000,MYCI.zip
MYCI,MYCI-3018149.wav,4.999022,500000,MYCI.zip
MYCI,MYCI-2066714.wav,4.998976,500000,MYCI.zip
MYCI,MYCI-28476817.wav,5.0,192000,MYCI.zip
MYCI,MYCI-28414413.wav,4.998976,500000,MYCI.zip
MYCI,MYCI-57347345.wav,4.998976,500000,MYCI.zip
MYCI,MYCI-28270995.wav,6.0,384000,MYCI.zip
MYCI,MYCI-33491229.wav,4.998976,500000,MYCI.zip
MYCI,MYCI-29287424.wav,4.6066666666666665,192000,MYCI.zip
MYCI,MYCI-73642531.wav,5.0,256000,MYCI.zip
MYCI,MYCI-28978484.wav,4.998976,500000,MYCI.zip
MYCI,MYCI-28510154.wav,5.0,192000,MYCI.zip
MYCI,MYCI-29824351.wav,5.0,192000,MYCI.zip
MYCI,MYCI-33491334.wav,4.998976,500000,MYCI.zip
MYCI,MYCI-28469264.wav,5.0,192000,MYCI.zip
MYCI,MYCI-29845626.wav,5.004,192000,MYCI.zip
MYCI,MYCI-212331.wav,4.998976,500000,MYCI.zip
MYCI,MYCI-29735048.wav,3.5866666666666664,192000,MYCI.zip
MYCI,MYCI-29764610.wav,5.004,192000,MYCI.zip
MYCI,MYCI-2845283.wav,4.999022,500000,MYCI.zip
MYCI,MYCI-29735700.wav,4.998666666666667,192000,MYCI.zip
MYCI,MYCI-5679927.wav,6.016,320000,MYCI.zip
MYCI,MYCI-73533888.wav,5.004,192000,MYCI.zip
MYCI,MYCI-33844960.wav,6.0,384000,MYCI.zip
MYCI,MYCI-29294450.wav,5.0,192000,MYCI.zip
MYCI,MYCI-28502600.wav,5.0,192000,MYCI.zip
MYCI,MYCI-73541174.wav,5.0,256000,MYCI.zip
MYCI,MYCI-29739388.wav,4.998666666666667,192000,MYCI.zip
MYCI,MYCI-28979018.wav,4.998976,500000,MYCI.zip
MYCI,MYCI-29340077.wav,5.0,192000,MYCI.zip
MYCI,MYCI-28466487.wav,5.0,192000,MYCI.zip
MYCI,MYCI-29837633.wav,5.0,192000,MYCI.zip
MYCI,MYCI-28506737.wav,5.0,192000,MYCI.zip
MYCI,MYCI-29781274.wav,4.7785520833333335,192000,MYCI.zip
MYCI,MYCI-29833672.wav,5.0,192000,MYCI.zip
MYCI,MYCI-28993843.wav,5.004,192000,MYCI.zip
MYCI,MYCI-29658210.wav,4.998666666666667,192000,MYCI.zip
MYCI,MYCI-29859072.wav,4.124,192000,MYCI.zip
MYCI,MYCI-29717561.wav,4.524,192000,MYCI.zip
MYCI,MYCI-55478577.wav,4.998976,500000,MYCI.zip
MYCI,MYCI-55385188.wav,4.998976,500000,MYCI.zip
MYCI,MYCI-29345441.wav,4.998976,500000,MYCI.zip
MYCI,MYCI-28514275.wav,5.0,192000,MYCI.zip
MYCI,MYCI-28312222.wav,4.088,192000,MYCI.zip
MYCI,MYCI-2071852.wav,4.998976,500000,MYCI.zip
MYCI,MYCI-29874775.wav,5.004,192000,MYCI.zip
MYCI,MYCI-29840222.wav,5.004,192000,MYCI.zip
MYCI,MYCI-28844831.wav,4.998976,500000,MYCI.zip
MYCI,MYCI-1323205.wav,4.999022,500000,MYCI.zip
MYCI,MYCI-29367923.wav,4.998976,500000,MYCI.zip
MYCI,MYCI-73548642.wav,5.0,256000,MYCI.zip
MYCI,MYCI-29769554.wav,5.0,192000,MYCI.zip
MYCI,MYCI-28978742.wav,4.998976,500000,MYCI.zip
MYCI,MYCI-28384398.wav,4.998976,500000,MYCI.zip
MYCI,MYCI-28977920.wav,4.998976,500000,MYCI.zip
MYCI,MYCI-29745522.wav,5.0,192000,MYCI.zip
MYCI,MYCI-29811129.wav,5.0,192000,MYCI.zip
MYCI,MYCI-33846230.wav,4.8,384000,MYCI.zip
MYCI,MYCI-73623276.wav,5.0,256000,MYCI.zip
MYCI,MYCI-29842392.wav,4.512,192000,MYCI.zip
MYCI,MYCI-55478894.wav,4.998976,500000,MYCI.zip
MYCI,MYCI-53854073.wav,4.998976,500000,MYCI.zip
MYCI,MYCI-73601326.wav,5.0,256000,MYCI.zip
MYCI,MYCI-28478663.wav,5.0,192000,MYCI.zip
MYCI,MYCI-28330901.wav,6.0,384000,MYCI.zip
MYCI,MYCI-28977925.wav,4.998976,500000,MYCI.zip
MYCI,MYCI-73549731.wav,5.0,256000,MYCI.zip
MYCI,MYCI-73623746.wav,5.0,256000,MYCI.zip
MYCI,MYCI-73637825.wav,5.0,256000,MYCI.zip
MYCI,MYCI-73561233.wav,5.0,256000,MYCI.zip
MYCI,MYCI-1555647.wav,6.284,256000,MYCI.zip
MYCI,MYCI-28979129.wav,4.998976,500000,MYCI.zip
MYCI,MYCI-73551845.wav,5.0,256000,MYCI.zip
MYCI,MYCI-29837648.wav,5.0,192000,MYCI.zip
MYCI,MYCI-73541111.wav,5.0,256000,MYCI.zip
MYCI,MYCI-73641582.wav,5.0,256000,MYCI.zip
MYCI,MYCI-29336789.wav,2.9386666666666668,192000,MYCI.zip
MYCI,MYCI-73623252.wav,5.0,256000,MYCI.zip
MYCI,MYCI-73622907.wav,5.0,256000,MYCI.zip
MYCI,MYCI-73587592.wav,4.999,256000,MYCI.zip
MYCI,MYCI-60352246.wav,6.0,384000,MYCI.zip
MYCI,MYCI-73642253.wav,4.999,256000,MYCI.zip
MYCI,MYCI-28525873.wav,5.0,192000,MYCI.zip
MYCI,MYCI-53842818.wav,4.998976,500000,MYCI.zip
MYCI,MYCI-2628845.wav,4.998976,500000,MYCI.zip
MYCI,MYCI-28331074.wav,5.342666666666666,384000,MYCI.zip
MYCI,MYCI-28509096.wav,5.0,192000,MYCI.zip
MYCI,MYCI-28498733.wav,5.0,192000,MYCI.zip
MYCI,MYCI-73617814.wav,5.0,256000,MYCI.zip
MYCI,MYCI-73617834.wav,5.0,256000,MYCI.zip
MYCI,MYCI-29840561.wav,5.004,192000,MYCI.zip
MYCI,MYCI-73613916.wav,4.950666666666667,192000,MYCI.zip
MYCI,MYCI-29764599.wav,5.004,192000,MYCI.zip
MYCI,MYCI-28530148.wav,5.0,192000,MYCI.zip
MYCI,MYCI-28276552.wav,5.004,192000,MYCI.zip
MYCI,MYCI-28530018.wav,5.0,192000,MYCI.zip
MYCI,MYCI-33490692.wav,4.998976,500000,MYCI.zip
MYCI,MYCI-55478635.wav,4.998976,500000,MYCI.zip
MYCI,MYCI-55475814.wav,2.998976,500000,MYCI.zip
MYCI,MYCI-29736204.wav,4.998666666666667,192000,MYCI.zip
MYCI,MYCI-73615802.wav,5.0,256000,MYCI.zip
MYCI,MYCI-28471998.wav,5.0,192000,MYCI.zip
MYCI,MYCI-53854491.wav,4.998976,500000,MYCI.zip
MYCI,MYCI-28526641.wav,2.973333333333333,192000,MYCI.zip
MYCI,MYCI-1396279.wav,4.99837,300000,MYCI.zip
MYCI,MYCI-29345438.wav,4.998976,500000,MYCI.zip
MYCI,MYCI-28468286.wav,5.0,192000,MYCI.zip
MYCI,MYCI-73551599.wav,5.0,256000,MYCI.zip
MYCI,MYCI-60354246.wav,5.292,384000,MYCI.zip
MYCI,MYCI-28526782.wav,5.0,192000,MYCI.zip
MYCI,MYCI-31621653.wav,4.99992,500000,MYCI.zip
MYCI,MYCI-73639285.wav,5.0,256000,MYCI.zip
MYCI,MYCI-60353375.wav,6.0,384000,MYCI.zip
MYCI,MYCI-2967760.wav,4.998976,500000,MYCI.zip
MYCI,MYCI-73641581.wav,5.0,256000,MYCI.zip
MYCI,MYCI-28450155.wav,5.0,192000,MYCI.zip
MYCI,MYCI-58056696.wav,6.0,384000,MYCI.zip
MYCI,MYCI-29720482.wav,5.0,192000,MYCI.zip
MYCI,MYCI-29717567.wav,3.986666666666667,192000,MYCI.zip
MYCI,MYCI-55322409.wav,6.0,384000,MYCI.zip
MYCI,MYCI-29632839.wav,6.0,384000,MYCI.zip
MYCI,MYCI-73614025.wav,5.004,192000,MYCI.zip
MYCI,MYCI-29449803.wav,4.3773333333333335,192000,MYCI.zip
MYCI,MYCI-29740922.wav,5.0,192000,MYCI.zip
MYCI,MYCI-73552318.wav,5.0,256000,MYCI.zip
MYCI,MYCI-73627592.wav,5.0,256000,MYCI.zip
MYCI,MYCI-28529744.wav,5.0,192000,MYCI.zip
MYCI,MYCI-73643041.wav,5.0,256000,MYCI.zip
MYCI,MYCI-29720849.wav,5.0,192000,MYCI.zip
MYCI,MYCI-29747367.wav,4.998666666666667,192000,MYCI.zip
MYCI,MYCI-28844817.wav,4.998976,500000,MYCI.zip
MYCI,MYCI-28445602.wav,5.0,192000,MYCI.zip
MYCI,MYCI-2843793.wav,4.999022,500000,MYCI.zip
MYCI,MYCI-28525955.wav,5.0,192000,MYCI.zip
MYCI,MYCI-145372.wav,4.998976,500000,MYCI.zip
MYCI,MYCI-28445419.wav,5.0,192000,MYCI.zip
MYCI,MYCI-55386500.wav,4.998976,500000,MYCI.zip
MYCI,MYCI-29157400.wav,4.602,256000,MYCI.zip
MYCI,MYCI-29837746.wav,4.437333333333333,192000,MYCI.zip
MYCI,MYCI-3031984.wav,4.999022,500000,MYCI.zip
MYCI,MYCI-33492048.wav,4.998976,500000,MYCI.zip
MYCI,MYCI-28502772.wav,5.0,192000,MYCI.zip
MYCI,MYCI-29284615.wav,5.0,192000,MYCI.zip
MYCI,MYCI-211701.wav,4.998976,500000,MYCI.zip
MYCI,MYCI-29723749.wav,4.953333333333333,192000,MYCI.zip
MYCI,MYCI-28461890.wav,5.0,192000,MYCI.zip
MYCI,MYCI-28459614.wav,5.0,192000,MYCI.zip
MYCI,MYCI-73642062.wav,4.999,256000,MYCI.zip
MYCI,MYCI-28445603.wav,5.0,192000,MYCI.zip
MYCI,MYCI-28467927.wav,3.5893333333333333,192000,MYCI.zip
MYCI,MYCI-30584904.wav,4.998976,500000,MYCI.zip
MYCI,MYCI-73637796.wav,5.0,256000,MYCI.zip
MYCI,MYCI-29149141.wav,4.998976,500000,MYCI.zip
MYCI,MYCI-29838439.wav,5.004,192000,MYCI.zip
MYCI,MYCI-28530794.wav,6.0,384000,MYCI.zip
MYCI,MYCI-2858866.wav,2.999022,500000,MYCI.zip
MYCI,MYCI-28475409.wav,5.0,192000,MYCI.zip
MYCI,MYCI-3052005.wav,2.999022,500000,MYCI.zip
MYCI,MYCI-31611010.wav,4.99992,500000,MYCI.zip
MYCI,MYCI-28476806.wav,5.0,192000,MYCI.zip
MYCI,MYCI-29784782.wav,5.0,192000,MYCI.zip
MYCI,MYCI-28526741.wav,5.0,192000,MYCI.zip
MYCI,MYCI-33535311.wav,4.998976,500000,MYCI.zip
MYCI,MYCI-57098202.wav,4.998976,500000,MYCI.zip
MYCI,MYCI-28478868.wav,5.0,192000,MYCI.zip
MYCI,MYCI-29788555.wav,4.008,192000,MYCI.zip
MYCI,MYCI-29781474.wav,5.0,192000,MYCI.zip
MYCI,MYCI-213667.wav,4.998976,500000,MYCI.zip
MYCI,MYCI-73632841.wav,5.004,192000,MYCI.zip
MYCI,MYCI-28526005.wav,5.0,192000,MYCI.zip
MYCI,MYCI-33431185.wav,4.262,256000,MYCI.zip
MYCI,MYCI-73642254.wav,4.999,256000,MYCI.zip
MYCI,MYCI-60353376.wav,6.0,384000,MYCI.zip
MYCI,MYCI-28508251.wav,5.0,192000,MYCI.zip
MYCI,MYCI-1309486.wav,4.998976,500000,MYCI.zip
MYCI,MYCI-60295299.wav,3.0,500000,MYCI.zip
MYCI,MYCI-28979124.wav,4.998976,500000,MYCI.zip
MYCI,MYCI-28459601.wav,5.0,192000,MYCI.zip
MYCI,MYCI-33622161.wav,4.998976,500000,MYCI.zip
MYCI,MYCI-57092539.wav,4.998976,500000,MYCI.zip
MYCI,MYCI-29842362.wav,4.857333333333333,192000,MYCI.zip
MYCI,MYCI-73587241.wav,5.0,256000,MYCI.zip
MYCI,MYCI-1365874.wav,4.999022,500000,MYCI.zip
MYCI,MYCI-28482965.wav,5.0,192000,MYCI.zip
MYCI,MYCI-1937490.wav,4.999022,500000,MYCI.zip
MYCI,MYCI-60295174.wav,5.0,500000,MYCI.zip
MYCI,MYCI-28410029.wav,4.998976,500000,MYCI.zip
MYCI,MYCI-73555029.wav,5.0,256000,MYCI.zip
MYCI,MYCI-29788607.wav,5.004,192000,MYCI.zip
MYCI,MYCI-73627601.wav,5.0,256000,MYCI.zip
MYCI,MYCI-73616007.wav,5.0,256000,MYCI.zip
MYCI,MYCI-73548620.wav,5.0,256000,MYCI.zip
MYCI,MYCI-2060632.wav,5.534,256000,MYCI.zip
MYCI,MYCI-29745076.wav,4.608,192000,MYCI.zip
MYCI,MYCI-1556062.wav,6.646,256000,MYCI.zip
MYCI,MYCI-29784231.wav,5.004,192000,MYCI.zip
MYCI,MYCI-29083787.wav,4.998976,500000,MYCI.zip
MYCI,MYCI-3013072.wav,4.999022,500000,MYCI.zip
MYCI,MYCI-29345449.wav,4.998976,500000,MYCI.zip
MYCI,MYCI-32050029.wav,6.0,384000,MYCI.zip
MYCI,MYCI-29858546.wav,4.998666666666667,192000,MYCI.zip
MYCI,MYCI-28526630.wav,3.5893333333333333,192000,MYCI.zip
MYCI,MYCI-73564642.wav,4.018,256000,MYCI.zip
MYCI,MYCI-1937495.wav,4.999022,500000,MYCI.zip
MYCI,MYCI-2870796.wav,4.99837,300000,MYCI.zip
MYCI,MYCI-28513656.wav,5.0,192000,MYCI.zip
MYCI,MYCI-2066553.wav,4.998976,500000,MYCI.zip
MYCI,MYCI-1984375.wav,6.0,384000,MYCI.zip
MYCI,MYCI-73597828.wav,5.0,256000,MYCI.zip
MYCI,MYCI-73533721.wav,5.004,192000,MYCI.zip
MYCI,MYCI-1472735.wav,7.634,256000,MYCI.zip
MYCI,MYCI-29739956.wav,4.998666666666667,192000,MYCI.zip
MYCI,MYCI-28441852.wav,4.998666666666667,192000,MYCI.zip
MYCI,MYCI-29876604.wav,5.004,192000,MYCI.zip
MYCI,MYCI-73533804.wav,5.004,192000,MYCI.zip
MYCI,MYCI-26713401.wav,6.0,384000,MYCI.zip
MYCI,MYCI-29747385.wav,4.998666666666667,192000,MYCI.zip
MYCI,MYCI-1557525.wav,5.732,256000,MYCI.zip
MYCI,MYCI-28526696.wav,5.0,192000,MYCI.zip
MYCI,MYCI-32052151.wav,6.0,384000,MYCI.zip
MYCI,MYCI-29838589.wav,3.957333333333333,192000,MYCI.zip
MYCI,MYCI-215103.wav,4.998976,500000,MYCI.zip
MYCI,MYCI-14694.wav,6.0,384000,MYCI.zip
MYCI,MYCI-28587757.wav,6.0,384000,MYCI.zip
MYCI,MYCI-29824636.wav,5.0,192000,MYCI.zip
MYCI,MYCI-29811432.wav,5.0,192000,MYCI.zip
MYCI,MYCI-73533793.wav,5.004,192000,MYCI.zip
MYCI,MYCI-28987017.wav,4.998666666666667,192000,MYCI.zip
MYCI,MYCI-1353296.wav,4.99837,300000,MYCI.zip
MYCI,MYCI-29811427.wav,5.0,192000,MYCI.zip
MYCI,MYCI-29719670.wav,5.004,192000,MYCI.zip
MYCI,MYCI-29448270.wav,3.032,192000,MYCI.zip
MYCI,MYCI-1946025.wav,2.998976,500000,MYCI.zip
MYCI,MYCI-31626878.wav,4.99992,500000,MYCI.zip
MYCI,MYCI-73613650.wav,5.004,192000,MYCI.zip
MYCI,MYCI-28445578.wav,5.0,192000,MYCI.zip
MYCI,MYCI-28482369.wav,5.0,192000,MYCI.zip
MYCI,MYCI-73597882.wav,4.614,256000,MYCI.zip
MYCI,MYCI-31638678.wav,2.99992,500000,MYCI.zip
MYCI,MYCI-33846449.wav,6.0,384000,MYCI.zip
MYCI,MYCI-29742540.wav,5.0,192000,MYCI.zip
MYCI,MYCI-55385939.wav,2.998976,500000,MYCI.zip
MYCI,MYCI-60295214.wav,5.0,500000,MYCI.zip
MYCI,MYCI-73565093.wav,5.004,192000,MYCI.zip
MYCI,MYCI-73559379.wav,5.0,256000,MYCI.zip
MYCI,MYCI-73556432.wav,5.0,256000,MYCI.zip
MYCI,MYCI-33490437.wav,4.998976,500000,MYCI.zip
MYCI,MYCI-73585654.wav,5.0,256000,MYCI.zip
MYCI,MYCI-73550284.wav,5.0,256000,MYCI.zip
MYCI,MYCI-55476395.wav,4.998976,500000,MYCI.zip
MYCI,MYCI-29632830.wav,5.514666666666667,384000,MYCI.zip
MYCI,MYCI-29837097.wav,5.0,192000,MYCI.zip
MYCI,MYCI-33621976.wav,4.998976,500000,MYCI.zip
MYCI,MYCI-73582827.wav,5.0,256000,MYCI.zip
MYCI,MYCI-28526334.wav,5.0,192000,MYCI.zip
MYCI,MYCI-2541131.wav,4.998976,500000,MYCI.zip
MYCI,MYCI-33446982.wav,7.102,256000,MYCI.zip
MYCI,MYCI-2069055.wav,4.998976,500000,MYCI.zip
MYCI,MYCI-2623842.wav,4.998976,500000,MYCI.zip
MYCI,MYCI-60369585.wav,7.18,256000,MYCI.zip
MYCI,MYCI-29788719.wav,5.004,192000,MYCI.zip
MYCI,MYCI-26713623.wav,6.0,384000,MYCI.zip
MYCI,MYCI-1552370.wav,4.554,256000,MYCI.zip
MYCI,MYCI-1517508.wav,4.99837,300000,MYCI.zip
MYCI,MYCI-28459291.wav,5.0,192000,MYCI.zip
MYCI,MYCI-33492528.wav,4.998976,500000,MYCI.zip
MYCI,MYCI-28993553.wav,5.004,192000,MYCI.zip
MYCI,MYCI-29788141.wav,4.1626666666666665,192000,MYCI.zip
MYCI,MYCI-28483915.wav,5.0,192000,MYCI.zip
MYCI,MYCI-2579413.wav,4.998976,500000,MYCI.zip
MYCI,MYCI-29737082.wav,5.0,192000,MYCI.zip
MYCI,MYCI-1550265.wav,4.072,256000,MYCI.zip
MYCI,MYCI-73624135.wav,4.814,256000,MYCI.zip
MYCI,MYCI-28498256.wav,5.0,192000,MYCI.zip
MYCI,MYCI-29764596.wav,5.004,192000,MYCI.zip
MYCI,MYCI-28400438.wav,6.0,384000,MYCI.zip
MYCI,MYCI-28509063.wav,5.0,192000,MYCI.zip
MYCI,MYCI-73550285.wav,5.0,256000,MYCI.zip
MYEV,MYEV-30613625.wav,4.998976,500000,MYEV.zip
MYEV,MYEV-183160.wav,4.998976,500000,MYEV.zip
MYEV,MYEV-2066546.wav,4.998976,500000,MYEV.zip
MYEV,MYEV-28469916.wav,5.0,192000,MYEV.zip
MYEV,MYEV-29390562.wav,5.0,192000,MYEV.zip
MYEV,MYEV-3049169.wav,4.999022,500000,MYEV.zip
MYEV,MYEV-28332557.wav,6.0,384000,MYEV.zip
MYEV,MYEV-32877587.wav,4.414,256000,MYEV.zip
MYEV,MYEV-53645938.wav,2.86,256000,MYEV.zip
MYEV,MYEV-32051300.wav,6.0,384000,MYEV.zip
MYEV,MYEV-29718831.wav,4.998666666666667,192000,MYEV.zip
MYEV,MYEV-2003675.wav,6.0,384000,MYEV.zip
MYEV,MYEV-29277906.wav,4.998666666666667,192000,MYEV.zip
MYEV,MYEV-28510279.wav,5.0,192000,MYEV.zip
MYEV,MYEV-29726855.wav,5.004,192000,MYEV.zip
MYEV,MYEV-28544890.wav,5.566666666666666,384000,MYEV.zip
MYEV,MYEV-29339523.wav,5.0,192000,MYEV.zip
MYEV,MYEV-53645912.wav,1.73,256000,MYEV.zip
MYEV,MYEV-28347557.wav,6.0,384000,MYEV.zip
MYEV,MYEV-3804109.wav,7.652,256000,MYEV.zip
MYEV,MYEV-2850374.wav,4.999022,500000,MYEV.zip
MYEV,MYEV-28509252.wav,5.0,192000,MYEV.zip
MYEV,MYEV-32066362.wav,6.0,384000,MYEV.zip
MYEV,MYEV-29868377.wav,4.998666666666667,192000,MYEV.zip
MYEV,MYEV-29766904.wav,5.0,192000,MYEV.zip
MYEV,MYEV-29329010.wav,5.0,192000,MYEV.zip
MYEV,MYEV-1987023.wav,6.0,384000,MYEV.zip
MYEV,MYEV-55347817.wav,6.0,384000,MYEV.zip
MYEV,MYEV-53784073.wav,4.998976,500000,MYEV.zip
MYEV,MYEV-55020182.wav,4.18,192000,MYEV.zip
MYEV,MYEV-35540512.wav,6.0,256000,MYEV.zip
MYEV,MYEV-28336634.wav,4.392,384000,MYEV.zip
MYEV,MYEV-29726669.wav,5.004,192000,MYEV.zip
MYEV,MYEV-28333904.wav,5.0,192000,MYEV.zip
MYEV,MYEV-57098012.wav,4.998976,500000,MYEV.zip
MYEV,MYEV-30430002.wav,6.0,384000,MYEV.zip
MYEV,MYEV-53645936.wav,3.328,256000,MYEV.zip
MYEV,MYEV-28286055.wav,5.0,192000,MYEV.zip
MYEV,MYEV-54307850.wav,4.293333333333333,384000,MYEV.zip
MYEV,MYEV-55475813.wav,2.998976,500000,MYEV.zip
MYEV,MYEV-31715413.wav,4.99992,500000,MYEV.zip
MYEV,MYEV-29760431.wav,5.004,192000,MYEV.zip
MYEV,MYEV-29841899.wav,5.004,192000,MYEV.zip
MYEV,MYEV-2457341.wav,7.242,256000,MYEV.zip
MYEV,MYEV-2003081.wav,6.0,384000,MYEV.zip
MYEV,MYEV-29745770.wav,4.976,192000,MYEV.zip
MYEV,MYEV-28348621.wav,6.0,384000,MYEV.zip
MYEV,MYEV-2072268.wav,4.998976,500000,MYEV.zip
MYEV,MYEV-32880283.wav,4.726,256000,MYEV.zip
MYEV,MYEV-28341218.wav,6.0,384000,MYEV.zip
MYEV,MYEV-29324847.wav,4.546666666666667,192000,MYEV.zip
MYEV,MYEV-3011761.wav,4.999022,500000,MYEV.zip
MYEV,MYEV-33493185.wav,4.998976,500000,MYEV.zip
MYEV,MYEV-1397420.wav,4.99837,300000,MYEV.zip
MYEV,MYEV-53784124.wav,4.998976,500000,MYEV.zip
MYEV,MYEV-33493191.wav,4.998976,500000,MYEV.zip
MYEV,MYEV-29722289.wav,5.004,192000,MYEV.zip
MYEV,MYEV-1941869.wav,2.998976,500000,MYEV.zip
MYEV,MYEV-1558667.wav,7.07,256000,MYEV.zip
MYEV,MYEV-55475836.wav,4.998976,500000,MYEV.zip
MYEV,MYEV-28457217.wav,5.0,192000,MYEV.zip
MYEV,MYEV-28298030.wav,5.0,192000,MYEV.zip
MYEV,MYEV-29759041.wav,4.230666666666667,192000,MYEV.zip
MYEV,MYEV-28305498.wav,5.0,192000,MYEV.zip
MYEV,MYEV-28483674.wav,5.0,192000,MYEV.zip
MYEV,MYEV-53843563.wav,4.998976,500000,MYEV.zip
MYEV,MYEV-29029119.wav,4.998976,500000,MYEV.zip
MYEV,MYEV-3034923.wav,4.999022,500000,MYEV.zip
MYEV,MYEV-55475965.wav,4.998976,500000,MYEV.zip
MYEV,MYEV-60369569.wav,4.832,256000,MYEV.zip
MYEV,MYEV-29847447.wav,5.004,192000,MYEV.zip
MYEV,MYEV-28290216.wav,5.0,192000,MYEV.zip
MYEV,MYEV-30644025.wav,2.998976,500000,MYEV.zip
MYEV,MYEV-28459408.wav,5.0,192000,MYEV.zip
MYEV,MYEV-26686657.wav,7.078666666666667,192000,MYEV.zip
MYEV,MYEV-31664483.wav,4.99992,500000,MYEV.zip
MYEV,MYEV-28534566.wav,6.0,384000,MYEV.zip
MYEV,MYEV-29840744.wav,5.004,192000,MYEV.zip
MYEV,MYEV-28325104.wav,6.0,384000,MYEV.zip
MYEV,MYEV-29719004.wav,4.998666666666667,192000,MYEV.zip
MYEV,MYEV-54299711.wav,6.0,384000,MYEV.zip
MYEV,MYEV-28294663.wav,3.681333333333334,192000,MYEV.zip
MYEV,MYEV-29783882.wav,5.004,192000,MYEV.zip
MYEV,MYEV-29846915.wav,3.298666666666666,192000,MYEV.zip
MYEV,MYEV-54323226.wav,6.0,384000,MYEV.zip
MYEV,MYEV-29854873.wav,5.0,192000,MYEV.zip
MYEV,MYEV-28469172.wav,5.0,192000,MYEV.zip
MYEV,MYEV-1556070.wav,5.83,256000,MYEV.zip
MYEV,MYEV-73556653.wav,5.0,256000,MYEV.zip
MYEV,MYEV-29991279.wav,4.724,256000,MYEV.zip
MYEV,MYEV-26700504.wav,3.9936,320000,MYEV.zip
MYEV,MYEV-26714032.wav,6.0,384000,MYEV.zip
MYEV,MYEV-12255.wav,6.0,384000,MYEV.zip
MYEV,MYEV-55477976.wav,4.998976,500000,MYEV.zip
MYEV,MYEV-1558330.wav,6.334,256000,MYEV.zip
MYEV,MYEV-29745020.wav,5.0,192000,MYEV.zip
MYEV,MYEV-29284926.wav,5.0,192000,MYEV.zip
MYEV,MYEV-32060507.wav,5.390666666666666,384000,MYEV.zip
MYEV,MYEV-1504973.wav,4.99837,300000,MYEV.zip
MYEV,MYEV-1401962.wav,6.0,384000,MYEV.zip
MYEV,MYEV-55351568.wav,5.673333333333333,384000,MYEV.zip
MYEV,MYEV-73545669.wav,5.0,256000,MYEV.zip
MYEV,MYEV-2857900.wav,4.999022,500000,MYEV.zip
MYEV,MYEV-2536410.wav,6.0,384000,MYEV.zip
MYEV,MYEV-26714356.wav,6.0,384000,MYEV.zip
MYEV,MYEV-29867079.wav,4.998666666666667,192000,MYEV.zip
MYEV,MYEV-310719.wav,2.998976,500000,MYEV.zip
MYEV,MYEV-29834406.wav,5.0,192000,MYEV.zip
MYEV,MYEV-2808185.wav,4.999022,500000,MYEV.zip
MYEV,MYEV-32875427.wav,4.998976,500000,MYEV.zip
MYEV,MYEV-1551004.wav,6.088,256000,MYEV.zip
MYEV,MYEV-2066698.wav,4.998976,500000,MYEV.zip
MYEV,MYEV-28465572.wav,5.0,192000,MYEV.zip
MYEV,MYEV-33846584.wav,6.0,384000,MYEV.zip
MYEV,MYEV-31624298.wav,4.99992,500000,MYEV.zip
MYEV,MYEV-53784336.wav,4.998976,500000,MYEV.zip
MYEV,MYEV-55386398.wav,4.998976,500000,MYEV.zip
MYEV,MYEV-2001819.wav,6.0,384000,MYEV.zip
MYEV,MYEV-3734401.wav,7.048,256000,MYEV.zip
MYEV,MYEV-28524748.wav,5.0,192000,MYEV.zip
MYEV,MYEV-55386868.wav,4.998976,500000,MYEV.zip
MYEV,MYEV-28534008.wav,6.0,384000,MYEV.zip
MYEV,MYEV-54314680.wav,6.0,384000,MYEV.zip
MYEV,MYEV-28459409.wav,5.0,192000,MYEV.zip
MYEV,MYEV-30655129.wav,4.998976,500000,MYEV.zip
MYEV,MYEV-54139019.wav,4.998976,500000,MYEV.zip
MYEV,MYEV-30666859.wav,4.998976,500000,MYEV.zip
MYEV,MYEV-29327027.wav,4.226666666666667,192000,MYEV.zip
MYEV,MYEV-29787682.wav,5.0,192000,MYEV.zip
MYEV,MYEV-54321181.wav,6.0,384000,MYEV.zip
MYEV,MYEV-28405105.wav,5.0,192000,MYEV.zip
MYEV,MYEV-28499923.wav,5.0,192000,MYEV.zip
MYEV,MYEV-28361661.wav,6.0,384000,MYEV.zip
MYEV,MYEV-57092943.wav,4.998976,500000,MYEV.zip
MYEV,MYEV-53844012.wav,4.998976,500000,MYEV.zip
MYEV,MYEV-54307846.wav,6.0,384000,MYEV.zip
MYEV,MYEV-28469191.wav,5.0,192000,MYEV.zip
MYEV,MYEV-28422215.wav,4.998976,500000,MYEV.zip
MYEV,MYEV-29869908.wav,4.998666666666667,192000,MYEV.zip
MYEV,MYEV-55386280.wav,4.998976,500000,MYEV.zip
MYEV,MYEV-73628232.wav,5.0,256000,MYEV.zip
MYEV,MYEV-3801414.wav,5.754,256000,MYEV.zip
MYEV,MYEV-99193.wav,6.292,256000,MYEV.zip
MYEV,MYEV-95091.wav,5.728,256000,MYEV.zip
MYEV,MYEV-3029390.wav,4.999022,500000,MYEV.zip
MYEV,MYEV-60369563.wav,4.872,256000,MYEV.zip
MYEV,MYEV-63086272.wav,6.0,384000,MYEV.zip
MYEV,MYEV-28340520.wav,6.0,384000,MYEV.zip
MYEV,MYEV-57098107.wav,4.998976,500000,MYEV.zip
MYEV,MYEV-26686559.wav,5.604,192000,MYEV.zip
MYEV,MYEV-33483397.wav,3.626,256000,MYEV.zip
MYEV,MYEV-33484719.wav,5.488,256000,MYEV.zip
MYEV,MYEV-29763005.wav,5.004,192000,MYEV.zip
MYEV,MYEV-29737317.wav,5.0,192000,MYEV.zip
MYEV,MYEV-29697108.wav,3.541333333333333,192000,MYEV.zip
MYEV,MYEV-28469199.wav,5.0,192000,MYEV.zip
MYEV,MYEV-33431708.wav,7.88,256000,MYEV.zip
MYEV,MYEV-29786707.wav,5.0,192000,MYEV.zip
MYEV,MYEV-29719209.wav,4.998666666666667,192000,MYEV.zip
MYEV,MYEV-55081795.wav,6.069333333333334,192000,MYEV.zip
MYEV,MYEV-54421342.wav,4.99,256000,MYEV.zip
MYEV,MYEV-29341029.wav,5.0,192000,MYEV.zip
MYEV,MYEV-28979122.wav,4.998976,500000,MYEV.zip
MYEV,MYEV-28549838.wav,6.0,384000,MYEV.zip
MYEV,MYEV-1558332.wav,5.286,256000,MYEV.zip
MYEV,MYEV-33490970.wav,4.998976,500000,MYEV.zip
MYEV,MYEV-29842290.wav,5.004,192000,MYEV.zip
MYEV,MYEV-33492335.wav,4.998976,500000,MYEV.zip
MYEV,MYEV-53877164.wav,4.998976,500000,MYEV.zip
MYEV,MYEV-29849163.wav,4.7785520833333335,192000,MYEV.zip
MYEV,MYEV-33493190.wav,4.998976,500000,MYEV.zip
MYEV,MYEV-28990875.wav,4.998666666666667,192000,MYEV.zip
MYEV,MYEV-28994849.wav,4.998666666666667,192000,MYEV.zip
MYEV,MYEV-28272091.wav,4.735,256000,MYEV.zip
MYEV,MYEV-29727055.wav,4.038666666666667,192000,MYEV.zip
MYEV,MYEV-73561909.wav,4.118,256000,MYEV.zip
MYEV,MYEV-3048214.wav,2.999022,500000,MYEV.zip
MYEV,MYEV-29833691.wav,5.0,192000,MYEV.zip
MYEV,MYEV-31624697.wav,2.99992,500000,MYEV.zip
MYEV,MYEV-28421435.wav,4.998976,500000,MYEV.zip
MYEV,MYEV-33492540.wav,4.998976,500000,MYEV.zip
MYEV,MYEV-29843159.wav,4.057333333333333,192000,MYEV.zip
MYEV,MYEV-28998100.wav,3.524,256000,MYEV.zip
MYEV,MYEV-33484376.wav,3.146,256000,MYEV.zip
MYEV,MYEV-29364306.wav,4.998976,500000,MYEV.zip
MYEV,MYEV-2066705.wav,4.998976,500000,MYEV.zip
MYEV,MYEV-30521065.wav,4.998976,500000,MYEV.zip
MYEV,MYEV-29284646.wav,3.976,192000,MYEV.zip
MYEV,MYEV-28511339.wav,3.968,192000,MYEV.zip
MYEV,MYEV-28469819.wav,5.0,192000,MYEV.zip
MYEV,MYEV-63089957.wav,6.0,384000,MYEV.zip
MYEV,MYEV-60369549.wav,6.386,256000,MYEV.zip
MYEV,MYEV-29743034.wav,5.0,192000,MYEV.zip
MYEV,MYEV-29727881.wav,4.842666666666666,192000,MYEV.zip
MYEV,MYEV-2807903.wav,2.999022,500000,MYEV.zip
MYEV,MYEV-54317355.wav,6.0,384000,MYEV.zip
MYEV,MYEV-54323216.wav,6.0,384000,MYEV.zip
MYEV,MYEV-33430889.wav,7.668,256000,MYEV.zip
MYEV,MYEV-97282.wav,5.172,256000,MYEV.zip
MYEV,MYEV-28409715.wav,5.0,192000,MYEV.zip
MYEV,MYEV-54323160.wav,6.0,384000,MYEV.zip
MYEV,MYEV-28311540.wav,5.0,192000,MYEV.zip
MYEV,MYEV-55476166.wav,4.998976,500000,MYEV.zip
MYEV,MYEV-28273242.wav,6.0,384000,MYEV.zip
MYEV,MYEV-33431782.wav,7.094,256000,MYEV.zip
MYEV,MYEV-53842603.wav,4.999022,500000,MYEV.zip
MYEV,MYEV-29718945.wav,3.624,192000,MYEV.zip
MYEV,MYEV-3803506.wav,7.004,256000,MYEV.zip
MYEV,MYEV-56645683.wav,6.0,384000,MYEV.zip
MYEV,MYEV-1367712.wav,4.99837,300000,MYEV.zip
MYEV,MYEV-31845131.wav,4.99992,500000,MYEV.zip
MYEV,MYEV-29285854.wav,5.0,192000,MYEV.zip
MYEV,MYEV-29011974.wav,4.998976,500000,MYEV.zip
MYEV,MYEV-54299705.wav,6.0,384000,MYEV.zip
MYEV,MYEV-31624694.wav,2.99992,500000,MYEV.zip
MYEV,MYEV-56649104.wav,6.0,384000,MYEV.zip
MYEV,MYEV-1554996.wav,6.782,256000,MYEV.zip
MYEV,MYEV-28338090.wav,5.688,384000,MYEV.zip
MYEV,MYEV-29764605.wav,5.004,192000,MYEV.zip
MYEV,MYEV-32061847.wav,6.0,384000,MYEV.zip
MYEV,MYEV-56648984.wav,6.0,384000,MYEV.zip
MYEV,MYEV-3034138.wav,4.999022,500000,MYEV.zip
MYEV,MYEV-28353739.wav,6.0,384000,MYEV.zip
MYEV,MYEV-53645917.wav,5.0,256000,MYEV.zip
MYEV,MYEV-63090324.wav,6.0,384000,MYEV.zip
MYEV,MYEV-28990351.wav,4.998666666666667,192000,MYEV.zip
MYEV,MYEV-29840860.wav,5.004,192000,MYEV.zip
MYEV,MYEV-26713978.wav,6.0,384000,MYEV.zip
MYEV,MYEV-29767228.wav,5.0,192000,MYEV.zip
MYEV,MYEV-28355067.wav,5.521333333333334,384000,MYEV.zip
MYEV,MYEV-32877289.wav,5.278,256000,MYEV.zip
MYEV,MYEV-28978788.wav,4.998976,500000,MYEV.zip
MYEV,MYEV-33484718.wav,3.806,256000,MYEV.zip
MYEV,MYEV-3015525.wav,4.999022,500000,MYEV.zip
MYEV,MYEV-28348506.wav,6.0,384000,MYEV.zip
MYEV,MYEV-29866352.wav,5.0,192000,MYEV.zip
MYEV,MYEV-28337249.wav,5.963,256000,MYEV.zip
MYEV,MYEV-3733909.wav,7.318,256000,MYEV.zip
MYEV,MYEV-29364305.wav,4.998976,500000,MYEV.zip
MYEV,MYEV-33492359.wav,4.998976,500000,MYEV.zip
MYEV,MYEV-28533487.wav,6.0,384000,MYEV.zip
MYEV,MYEV-29012715.wav,4.998976,500000,MYEV.zip
MYEV,MYEV-28286879.wav,3.7173333333333334,192000,MYEV.zip
MYEV,MYEV-29719224.wav,4.998666666666667,192000,MYEV.zip
MYEV,MYEV-33449470.wav,7.682,256000,MYEV.zip
MYEV,MYEV-3049692.wav,2.999022,500000,MYEV.zip
MYEV,MYEV-1987027.wav,6.0,384000,MYEV.zip
MYEV,MYEV-29850181.wav,3.1786666666666665,192000,MYEV.zip
MYEV,MYEV-28536898.wav,6.0,384000,MYEV.zip
MYEV,MYEV-60294780.wav,5.0,500000,MYEV.zip
MYEV,MYEV-28285667.wav,5.0,192000,MYEV.zip
MYEV,MYEV-63086737.wav,6.0,384000,MYEV.zip
MYEV,MYEV-29758732.wav,5.004,192000,MYEV.zip
MYEV,MYEV-2868303.wav,4.999022,500000,MYEV.zip
MYEV,MYEV-1355675.wav,4.99837,300000,MYEV.zip
MYEV,MYEV-29286179.wav,5.004,192000,MYEV.zip
MYEV,MYEV-310744.wav,4.998976,500000,MYEV.zip
MYEV,MYEV-28994468.wav,3.7173333333333334,192000,MYEV.zip
MYEV,MYEV-29739238.wav,4.998666666666667,192000,MYEV.zip
MYEV,MYEV-28414870.wav,4.998976,500000,MYEV.zip
MYEV,MYEV-29758679.wav,5.004,192000,MYEV.zip
MYEV,MYEV-73630696.wav,5.0,256000,MYEV.zip
MYEV,MYEV-1987042.wav,6.0,384000,MYEV.zip
MYEV,MYEV-28491170.wav,5.0,192000,MYEV.zip
MYEV,MYEV-29845302.wav,5.004,192000,MYEV.zip
MYEV,MYEV-56645680.wav,6.0,384000,MYEV.zip
MYEV,MYEV-28601818.wav,6.0,384000,MYEV.zip
MYEV,MYEV-1554385.wav,7.288,256000,MYEV.zip
MYEV,MYEV-29728568.wav,5.004,192000,MYEV.zip
MYEV,MYEV-32049394.wav,6.0,384000,MYEV.zip
MYEV,MYEV-1553519.wav,7.332,256000,MYEV.zip
MYEV,MYEV-2630284.wav,4.998976,500000,MYEV.zip
MYEV,MYEV-1387922.wav,4.99837,300000,MYEV.zip
MYEV,MYEV-28486277.wav,5.0,192000,MYEV.zip
MYEV,MYEV-55467850.wav,4.998976,500000,MYEV.zip
MYEV,MYEV-60369544.wav,4.284,256000,MYEV.zip
MYEV,MYEV-28340389.wav,6.0,384000,MYEV.zip
MYEV,MYEV-29739460.wav,4.998666666666667,192000,MYEV.zip
MYEV,MYEV-28992122.wav,5.0,192000,MYEV.zip
MYEV,MYEV-14243.wav,6.0,384000,MYEV.zip
MYEV,MYEV-54307664.wav,4.077333333333334,384000,MYEV.zip
MYEV,MYEV-29764705.wav,5.004,192000,MYEV.zip
MYEV,MYEV-2075901.wav,6.0,384000,MYEV.zip
MYEV,MYEV-2628712.wav,4.998976,500000,MYEV.zip
MYEV,MYEV-3011971.wav,4.999022,500000,MYEV.zip
MYEV,MYEV-64878444.wav,3.0,500000,MYEV.zip
MYEV,MYEV-33492342.wav,4.998976,500000,MYEV.zip
MYEV,MYEV-215342.wav,4.998976,500000,MYEV.zip
MYEV,MYEV-28356165.wav,6.0,384000,MYEV.zip
MYEV,MYEV-28367832.wav,4.741333333333333,384000,MYEV.zip
MYEV,MYEV-1384922.wav,4.99837,300000,MYEV.zip
MYEV,MYEV-32066745.wav,5.464,384000,MYEV.zip
MYEV,MYEV-60369574.wav,5.848,256000,MYEV.zip
MYEV,MYEV-64878862.wav,5.0,500000,MYEV.zip
MYEV,MYEV-28311518.wav,5.0,192000,MYEV.zip
MYEV,MYEV-1555780.wav,7.732,256000,MYEV.zip
MYEV,MYEV-3776395.wav,6.0,384000,MYEV.zip
MYEV,MYEV-28504417.wav,5.0,192000,MYEV.zip
MYEV,MYEV-29785794.wav,3.701333333333334,192000,MYEV.zip
MYEV,MYEV-55476477.wav,4.998976,500000,MYEV.zip
MYEV,MYEV-60369564.wav,7.658,256000,MYEV.zip
MYEV,MYEV-29012709.wav,4.998976,500000,MYEV.zip
MYEV,MYEV-57098249.wav,4.998976,500000,MYEV.zip
MYEV,MYEV-28469509.wav,5.0,192000,MYEV.zip
MYEV,MYEV-29762222.wav,3.2333333333333334,192000,MYEV.zip
MYEV,MYEV-29345444.wav,4.998976,500000,MYEV.zip
MYEV,MYEV-54417992.wav,6.467,256000,MYEV.zip
MYEV,MYEV-1354718.wav,4.99837,300000,MYEV.zip
MYEV,MYEV-33493337.wav,4.998976,500000,MYEV.zip
MYEV,MYEV-29163387.wav,4.998976,500000,MYEV.zip
MYEV,MYEV-28511276.wav,5.0,192000,MYEV.zip
MYEV,MYEV-26689499.wav,7.8,192000,MYEV.zip
MYEV,MYEV-53645937.wav,1.784,256000,MYEV.zip
MYEV,MYEV-2864226.wav,4.999022,500000,MYEV.zip
MYEV,MYEV-32874085.wav,5.832,256000,MYEV.zip
MYEV,MYEV-5373.wav,6.0,384000,MYEV.zip
MYEV,MYEV-73571464.wav,5.004,192000,MYEV.zip
MYEV,MYEV-2867516.wav,2.999022,500000,MYEV.zip
MYEV,MYEV-26688981.wav,6.310666666666667,192000,MYEV.zip
MYEV,MYEV-2001474.wav,6.0,384000,MYEV.zip
MYEV,MYEV-29726845.wav,5.004,192000,MYEV.zip
MYEV,MYEV-60369542.wav,7.348,256000,MYEV.zip
MYEV,MYEV-60353268.wav,3.961333333333333,384000,MYEV.zip
MYEV,MYEV-29727226.wav,5.004,192000,MYEV.zip
MYEV,MYEV-1395850.wav,4.99837,300000,MYEV.zip
MYEV,MYEV-29723963.wav,5.004,192000,MYEV.zip
MYEV,MYEV-33430738.wav,7.064,256000,MYEV.zip
MYEV,MYEV-29368043.wav,4.998976,500000,MYEV.zip
MYEV,MYEV-2066708.wav,4.998976,500000,MYEV.zip
MYEV,MYEV-29012716.wav,4.998976,500000,MYEV.zip
MYEV,MYEV-1549354.wav,5.738,256000,MYEV.zip
MYEV,MYEV-2073043.wav,4.998976,500000,MYEV.zip
MYEV,MYEV-57092743.wav,4.998976,500000,MYEV.zip
MYEV,MYEV-28550247.wav,6.0,384000,MYEV.zip
MYEV,MYEV-60369531.wav,6.27,256000,MYEV.zip
MYEV,MYEV-60369570.wav,6.382,256000,MYEV.zip
MYEV,MYEV-55478385.wav,4.998976,500000,MYEV.zip
MYEV,MYEV-56644885.wav,6.0,384000,MYEV.zip
MYEV,MYEV-2078863.wav,6.0,384000,MYEV.zip
MYEV,MYEV-3054770.wav,4.999022,500000,MYEV.zip
MYEV,MYEV-31662577.wav,4.99992,500000,MYEV.zip
MYEV,MYEV-28342748.wav,4.992,384000,MYEV.zip
MYEV,MYEV-54307953.wav,4.561333333333334,384000,MYEV.zip
MYEV,MYEV-28995172.wav,4.998666666666667,192000,MYEV.zip
MYEV,MYEV-2457528.wav,5.912,256000,MYEV.zip
MYEV,MYEV-2073111.wav,4.998976,500000,MYEV.zip
MYEV,MYEV-53785030.wav,4.998976,500000,MYEV.zip
MYEV,MYEV-30581965.wav,4.998976,500000,MYEV.zip
MYEV,MYEV-28844828.wav,4.998976,500000,MYEV.zip
MYEV,MYEV-28485717.wav,5.0,192000,MYEV.zip
MYEV,MYEV-28504074.wav,5.0,192000,MYEV.zip
MYEV,MYEV-28482762.wav,5.0,192000,MYEV.zip
MYEV,MYEV-31845120.wav,4.99992,500000,MYEV.zip
MYEV,MYEV-29740139.wav,3.2773333333333334,192000,MYEV.zip
MYEV,MYEV-2075847.wav,6.0,384000,MYEV.zip
MYEV,MYEV-55476538.wav,4.998976,500000,MYEV.zip
MYEV,MYEV-29324848.wav,5.0,192000,MYEV.zip
MYEV,MYEV-30655134.wav,2.998976,500000,MYEV.zip
MYEV,MYEV-60294766.wav,5.0,500000,MYEV.zip
MYEV,MYEV-2535189.wav,5.924,384000,MYEV.zip
MYEV,MYEV-32058477.wav,6.0,384000,MYEV.zip
MYEV,MYEV-2047199.wav,5.04,256000,MYEV.zip
MYEV,MYEV-2075805.wav,6.0,384000,MYEV.zip
MYEV,MYEV-29854091.wav,5.0,192000,MYEV.zip
MYEV,MYEV-31657579.wav,4.99992,500000,MYEV.zip
MYEV,MYEV-57098180.wav,4.998976,500000,MYEV.zip
MYEV,MYEV-33430724.wav,6.99,256000,MYEV.zip
MYEV,MYEV-33846310.wav,6.0,384000,MYEV.zip
MYEV,MYEV-214844.wav,4.998976,500000,MYEV.zip
MYEV,MYEV-3734413.wav,5.276,256000,MYEV.zip
MYEV,MYEV-53645919.wav,3.138,256000,MYEV.zip
MYEV,MYEV-28336640.wav,6.0,384000,MYEV.zip
MYEV,MYEV-29759161.wav,5.004,192000,MYEV.zip
MYEV,MYEV-28341992.wav,5.7,384000,MYEV.zip
MYEV,MYEV-28984213.wav,4.998976,500000,MYEV.zip
MYEV,MYEV-1553591.wav,5.626,256000,MYEV.zip
MYEV,MYEV-29783716.wav,5.004,192000,MYEV.zip
MYEV,MYEV-29742537.wav,5.0,192000,MYEV.zip
MYEV,MYEV-1986966.wav,6.0,384000,MYEV.zip
MYEV,MYEV-3803662.wav,7.08,256000,MYEV.zip
MYEV,MYEV-29719018.wav,4.001333333333333,192000,MYEV.zip
MYEV,MYEV-32880281.wav,5.38,256000,MYEV.zip
MYEV,MYEV-55386692.wav,4.998976,500000,MYEV.zip
MYEV,MYEV-28991739.wav,5.0,192000,MYEV.zip
MYEV,MYEV-215669.wav,4.998976,500000,MYEV.zip
MYEV,MYEV-57093036.wav,4.998976,500000,MYEV.zip
MYEV,MYEV-26697674.wav,5.248,320000,MYEV.zip
MYEV,MYEV-35908916.wav,6.0,384000,MYEV.zip
MYEV,MYEV-101137.wav,6.4,256000,MYEV.zip
MYEV,MYEV-29632705.wav,5.0,192000,MYEV.zip
MYEV,MYEV-29864868.wav,5.0,192000,MYEV.zip
MYEV,MYEV-29835346.wav,5.0,192000,MYEV.zip
MYEV,MYEV-28844827.wav,4.998976,500000,MYEV.zip
MYEV,MYEV-2864398.wav,4.99837,300000,MYEV.zip
MYEV,MYEV-29726700.wav,5.004,192000,MYEV.zip
MYEV,MYEV-31601666.wav,4.99992,500000,MYEV.zip
MYEV,MYEV-29762250.wav,5.004,192000,MYEV.zip
MYEV,MYEV-28844823.wav,4.998976,500000,MYEV.zip
MYEV,MYEV-3934703.wav,6.0,384000,MYEV.zip
MYEV,MYEV-54323151.wav,6.0,384000,MYEV.zip
MYEV,MYEV-53785459.wav,4.998976,500000,MYEV.zip
MYEV,MYEV-6006370.wav,6.016,320000,MYEV.zip
MYEV,MYEV-29717350.wav,4.998666666666667,192000,MYEV.zip
MYEV,MYEV-2073038.wav,4.998976,500000,MYEV.zip
MYEV,MYEV-54299710.wav,5.56,384000,MYEV.zip
MYEV,MYEV-29284887.wav,5.0,192000,MYEV.zip
MYEV,MYEV-31652866.wav,4.99992,500000,MYEV.zip
MYEV,MYEV-60369578.wav,4.196,256000,MYEV.zip
MYEV,MYEV-29726683.wav,5.004,192000,MYEV.zip
MYEV,MYEV-2844992.wav,4.99837,300000,MYEV.zip
MYEV,MYEV-56652032.wav,6.0,384000,MYEV.zip
MYEV,MYEV-31658941.wav,4.99992,500000,MYEV.zip
MYEV,MYEV-63090490.wav,6.0,384000,MYEV.zip
MYEV,MYEV-29854173.wav,5.0,192000,MYEV.zip
MYEV,MYEV-31679124.wav,4.99992,500000,MYEV.zip
MYEV,MYEV-55475956.wav,2.998976,500000,MYEV.zip
MYEV,MYEV-29737623.wav,4.258666666666667,192000,MYEV.zip
MYEV,MYEV-29764372.wav,5.004,192000,MYEV.zip
MYEV,MYEV-101796.wav,7.588,256000,MYEV.zip
MYEV,MYEV-53784750.wav,4.998976,500000,MYEV.zip
MYEV,MYEV-3735847.wav,6.252,256000,MYEV.zip
MYEV,MYEV-33846583.wav,6.0,384000,MYEV.zip
MYEV,MYEV-29870630.wav,4.998666666666667,192000,MYEV.zip
MYEV,MYEV-29740851.wav,4.344,192000,MYEV.zip
MYEV,MYEV-29841176.wav,3.8333333333333335,192000,MYEV.zip
MYEV,MYEV-55476598.wav,4.998976,500000,MYEV.zip
MYEV,MYEV-57099773.wav,4.998976,500000,MYEV.zip
MYEV,MYEV-28492582.wav,5.0,192000,MYEV.zip
MYEV,MYEV-28508998.wav,5.0,192000,MYEV.zip
MYEV,MYEV-32047090.wav,6.0,384000,MYEV.zip
MYEV,MYEV-28349237.wav,6.0,384000,MYEV.zip
MYEV,MYEV-28504416.wav,5.0,192000,MYEV.zip
MYEV,MYEV-28367153.wav,6.0,384000,MYEV.zip
MYEV,MYEV-31664490.wav,4.99992,500000,MYEV.zip
MYEV,MYEV-29845691.wav,5.004,192000,MYEV.zip
MYEV,MYEV-26713980.wav,6.0,384000,MYEV.zip
MYEV,MYEV-29719419.wav,4.998666666666667,192000,MYEV.zip
MYEV,MYEV-29834535.wav,4.64,192000,MYEV.zip
MYEV,MYEV-29289204.wav,4.478666666666666,192000,MYEV.zip
MYEV,MYEV-28347412.wav,6.655333333333333,384000,MYEV.zip
MYEV,MYEV-29842107.wav,4.236,192000,MYEV.zip
MYEV,MYEV-28296655.wav,5.004,192000,MYEV.zip
MYEV,MYEV-33430662.wav,6.252,256000,MYEV.zip
MYEV,MYEV-55475952.wav,2.998976,500000,MYEV.zip
MYEV,MYEV-3045168.wav,4.999022,500000,MYEV.zip
MYEV,MYEV-31657586.wav,4.99992,500000,MYEV.zip
MYEV,MYEV-28533555.wav,6.0,384000,MYEV.zip
MYEV,MYEV-1381227.wav,4.99837,300000,MYEV.zip
MYEV,MYEV-33480798.wav,7.48,256000,MYEV.zip
MYEV,MYEV-2002168.wav,6.0,384000,MYEV.zip
MYEV,MYEV-73627703.wav,3.078,256000,MYEV.zip
MYEV,MYEV-29870225.wav,4.998666666666667,192000,MYEV.zip
MYEV,MYEV-54138840.wav,4.998976,500000,MYEV.zip
MYEV,MYEV-53843944.wav,4.998976,500000,MYEV.zip
MYEV,MYEV-29989654.wav,6.794,256000,MYEV.zip
MYEV,MYEV-53785221.wav,4.998976,500000,MYEV.zip
MYEV,MYEV-3045874.wav,2.999022,500000,MYEV.zip
MYEV,MYEV-17385.wav,6.0,384000,MYEV.zip
MYEV,MYEV-2047196.wav,4.768,256000,MYEV.zip
MYEV,MYEV-28978745.wav,4.998976,500000,MYEV.zip
MYEV,MYEV-29784651.wav,5.0,192000,MYEV.zip
MYEV,MYEV-55349549.wav,5.390666666666666,384000,MYEV.zip
MYEV,MYEV-28335002.wav,6.0,384000,MYEV.zip
MYEV,MYEV-28997171.wav,7.406,256000,MYEV.zip
MYEV,MYEV-28491834.wav,5.0,192000,MYEV.zip
MYEV,MYEV-28300340.wav,5.0,192000,MYEV.zip
MYEV,MYEV-29867333.wav,4.998666666666667,192000,MYEV.zip
MYEV,MYEV-28978410.wav,4.998976,500000,MYEV.zip
MYEV,MYEV-28483775.wav,5.0,192000,MYEV.zip
MYEV,MYEV-54421487.wav,7.603,256000,MYEV.zip
MYEV,MYEV-29864908.wav,5.0,192000,MYEV.zip
MYEV,MYEV-214166.wav,4.998976,500000,MYEV.zip
MYEV,MYEV-55476997.wav,4.998976,500000,MYEV.zip
MYEV,MYEV-29834286.wav,5.0,192000,MYEV.zip
MYEV,MYEV-29342318.wav,5.0,192000,MYEV.zip
MYEV,MYEV-26687287.wav,4.637333333333333,192000,MYEV.zip
MYEV,MYEV-29727227.wav,5.004,192000,MYEV.zip
MYEV,MYEV-28348297.wav,6.0,384000,MYEV.zip
MYEV,MYEV-29367906.wav,4.998976,500000,MYEV.zip
MYEV,MYEV-28353826.wav,6.0,384000,MYEV.zip
MYEV,MYEV-29845371.wav,5.004,192000,MYEV.zip
MYEV,MYEV-2859220.wav,4.999022,500000,MYEV.zip
MYEV,MYEV-53870066.wav,4.998976,500000,MYEV.zip
MYEV,MYEV-33484856.wav,7.988,256000,MYEV.zip
MYEV,MYEV-29277914.wav,4.998666666666667,192000,MYEV.zip
MYEV,MYEV-29011975.wav,4.998976,500000,MYEV.zip
MYEV,MYEV-29759802.wav,5.004,192000,MYEV.zip
MYEV,MYEV-54320718.wav,6.0,384000,MYEV.zip
MYEV,MYEV-29726815.wav,5.004,192000,MYEV.zip
MYEV,MYEV-2870618.wav,2.999022,500000,MYEV.zip
MYEV,MYEV-33846797.wav,4.998666666666667,384000,MYEV.zip
MYEV,MYEV-1320258.wav,4.999022,500000,MYEV.zip
MYEV,MYEV-30643098.wav,2.998976,500000,MYEV.zip
MYEV,MYEV-31715538.wav,4.99992,500000,MYEV.zip
MYEV,MYEV-29867328.wav,4.998666666666667,192000,MYEV.zip
MYEV,MYEV-3055525.wav,4.999022,500000,MYEV.zip
MYEV,MYEV-29718836.wav,4.936,192000,MYEV.zip
MYEV,MYEV-28620982.wav,6.0,384000,MYEV.zip
MYEV,MYEV-29719252.wav,4.281333333333333,192000,MYEV.zip
MYEV,MYEV-73562316.wav,4.954,256000,MYEV.zip
MYEV,MYEV-26689483.wav,6.701333333333333,192000,MYEV.zip
MYEV,MYEV-2827161.wav,4.999022,500000,MYEV.zip
MYEV,MYEV-60369565.wav,4.902,256000,MYEV.zip
MYEV,MYEV-29718451.wav,4.998666666666667,192000,MYEV.zip
MYEV,MYEV-54323023.wav,6.0,384000,MYEV.zip
MYEV,MYEV-29285299.wav,5.0,192000,MYEV.zip
MYEV,MYEV-28310738.wav,5.0,192000,MYEV.zip
MYEV,MYEV-54299701.wav,6.0,384000,MYEV.zip
MYEV,MYEV-29283936.wav,5.0,192000,MYEV.zip
MYEV,MYEV-28406047.wav,6.0,384000,MYEV.zip
MYEV,MYEV-29867080.wav,4.998666666666667,192000,MYEV.zip
MYEV,MYEV-53784800.wav,4.998976,500000,MYEV.zip
MYEV,MYEV-1363508.wav,4.999022,500000,MYEV.zip
MYEV,MYEV-29728691.wav,5.004,192000,MYEV.zip
MYEV,MYEV-33430582.wav,6.498,256000,MYEV.zip
MYEV,MYEV-60369556.wav,6.53,256000,MYEV.zip
MYEV,MYEV-211395.wav,4.998976,500000,MYEV.zip
MYEV,MYEV-29381222.wav,4.998976,500000,MYEV.zip
MYEV,MYEV-29842706.wav,5.004,192000,MYEV.zip
MYEV,MYEV-53645939.wav,2.214,256000,MYEV.zip
MYEV,MYEV-55476445.wav,4.998976,500000,MYEV.zip
MYEV,MYEV-3047815.wav,2.999022,500000,MYEV.zip
MYEV,MYEV-29719143.wav,4.326666666666667,192000,MYEV.zip
MYEV,MYEV-1558664.wav,6.024,256000,MYEV.zip
MYEV,MYEV-28343862.wav,6.0,384000,MYEV.zip
MYEV,MYEV-56645155.wav,5.268,384000,MYEV.zip
MYEV,MYEV-29718604.wav,4.998666666666667,192000,MYEV.zip
MYEV,MYEV-2808200.wav,2.999022,500000,MYEV.zip
MYEV,MYEV-29727986.wav,3.8653333333333335,192000,MYEV.zip
MYEV,MYEV-28499632.wav,5.0,192000,MYEV.zip
MYEV,MYEV-64878445.wav,3.0,500000,MYEV.zip
MYEV,MYEV-28337882.wav,6.0,384000,MYEV.zip
MYEV,MYEV-28362191.wav,6.0,384000,MYEV.zip
MYEV,MYEV-99296.wav,4.846,256000,MYEV.zip
MYEV,MYEV-29841481.wav,5.004,192000,MYEV.zip
MYEV,MYEV-55476337.wav,4.998976,500000,MYEV.zip
MYEV,MYEV-33846200.wav,6.0,384000,MYEV.zip
MYEV,MYEV-28492039.wav,5.0,192000,MYEV.zip
MYEV,MYEV-28339816.wav,6.0,384000,MYEV.zip
MYEV,MYEV-2854007.wav,4.999022,500000,MYEV.zip
MYEV,MYEV-28511405.wav,5.0,192000,MYEV.zip
MYEV,MYEV-2064951.wav,4.948,256000,MYEV.zip
MYEV,MYEV-1553594.wav,4.602,256000,MYEV.zip
MYEV,MYEV-2002046.wav,6.0,384000,MYEV.zip
MYEV,MYEV-55083214.wav,5.725333333333333,192000,MYEV.zip
MYEV,MYEV-33430572.wav,5.244,256000,MYEV.zip
MYEV,MYEV-28491971.wav,5.0,192000,MYEV.zip
MYEV,MYEV-55019961.wav,6.336,192000,MYEV.zip
MYEV,MYEV-29867989.wav,4.998666666666667,192000,MYEV.zip
MYEV,MYEV-29841708.wav,5.004,192000,MYEV.zip
MYEV,MYEV-28538487.wav,6.0,384000,MYEV.zip
MYEV,MYEV-28311623.wav,5.0,192000,MYEV.zip
MYEV,MYEV-28511369.wav,5.0,192000,MYEV.zip
MYEV,MYEV-2844999.wav,4.99837,300000,MYEV.zip
MYEV,MYEV-1553590.wav,5.808,256000,MYEV.zip
MYEV,MYEV-29718194.wav,4.998666666666667,192000,MYEV.zip
MYEV,MYEV-53843674.wav,4.998976,500000,MYEV.zip
MYEV,MYEV-29785116.wav,5.0,192000,MYEV.zip
MYEV,MYEV-28994475.wav,4.785333333333333,192000,MYEV.zip
MYEV,MYEV-29744455.wav,5.004,192000,MYEV.zip
MYEV,MYEV-28491993.wav,5.0,192000,MYEV.zip
MYEV,MYEV-33490454.wav,4.998976,500000,MYEV.zip
MYEV,MYEV-53877174.wav,4.998976,500000,MYEV.zip
MYEV,MYEV-97948.wav,5.57,256000,MYEV.zip
MYEV,MYEV-2045357.wav,4.202,256000,MYEV.zip
MYEV,MYEV-29719014.wav,4.998666666666667,192000,MYEV.zip
MYEV,MYEV-64878860.wav,5.0,500000,MYEV.zip
MYEV,MYEV-26689513.wav,5.953333333333333,192000,MYEV.zip
MYEV,MYEV-60353267.wav,6.0,384000,MYEV.zip
MYEV,MYEV-29011965.wav,4.998976,500000,MYEV.zip
MYEV,MYEV-2069849.wav,4.998976,500000,MYEV.zip
MYEV,MYEV-31630777.wav,4.99992,500000,MYEV.zip
MYEV,MYEV-2535608.wav,5.486666666666666,384000,MYEV.zip
MYEV,MYEV-28557737.wav,7.014,384000,MYEV.zip
MYEV,MYEV-28844821.wav,4.998976,500000,MYEV.zip
MYEV,MYEV-29868899.wav,3.576,192000,MYEV.zip
MYEV,MYEV-32066989.wav,6.0,384000,MYEV.zip
MYEV,MYEV-29783731.wav,5.004,192000,MYEV.zip
MYEV,MYEV-3058196.wav,2.999022,500000,MYEV.zip
MYEV,MYEV-28481361.wav,5.0,192000,MYEV.zip
MYEV,MYEV-29745419.wav,5.0,192000,MYEV.zip
MYEV,MYEV-28350160.wav,6.0,384000,MYEV.zip
MYEV,MYEV-28455380.wav,5.0,192000,MYEV.zip
MYEV,MYEV-60369425.wav,7.668,256000,MYEV.zip
MYEV,MYEV-28416863.wav,5.0,192000,MYEV.zip
MYEV,MYEV-32066367.wav,6.0,384000,MYEV.zip
MYEV,MYEV-73565685.wav,5.004,192000,MYEV.zip
MYEV,MYEV-63090258.wav,6.0,384000,MYEV.zip
MYEV,MYEV-29617002.wav,4.998666666666667,192000,MYEV.zip
MYEV,MYEV-29012707.wav,4.998976,500000,MYEV.zip
MYEV,MYEV-211409.wav,4.998976,500000,MYEV.zip
MYEV,MYEV-28330420.wav,6.0,384000,MYEV.zip
MYEV,MYEV-33430678.wav,5.924,256000,MYEV.zip
MYEV,MYEV-29866946.wav,4.998666666666667,192000,MYEV.zip
MYEV,MYEV-54321284.wav,6.0,384000,MYEV.zip
MYEV,MYEV-55386003.wav,4.998976,500000,MYEV.zip
MYEV,MYEV-28485099.wav,5.0,192000,MYEV.zip
MYEV,MYEV-29164284.wav,4.998976,500000,MYEV.zip
MYEV,MYEV-28294655.wav,5.004,192000,MYEV.zip
MYEV,MYEV-28355080.wav,6.0,384000,MYEV.zip
MYEV,MYEV-29870776.wav,4.998666666666667,192000,MYEV.zip
MYEV,MYEV-31640499.wav,4.99992,500000,MYEV.zip
MYEV,MYEV-54321001.wav,5.517333333333333,384000,MYEV.zip
MYEV,MYEV-33533603.wav,4.998976,500000,MYEV.zip
MYEV,MYEV-55478335.wav,4.998976,500000,MYEV.zip
MYEV,MYEV-28575782.wav,6.0,384000,MYEV.zip
MYEV,MYEV-29766380.wav,4.998666666666667,192000,MYEV.zip
MYEV,MYEV-29757540.wav,5.004,192000,MYEV.zip
MYEV,MYEV-55388658.wav,4.998976,500000,MYEV.zip
MYEV,MYEV-54314019.wav,6.0,384000,MYEV.zip
MYEV,MYEV-33485321.wav,2.998976,500000,MYEV.zip
MYEV,MYEV-54312893.wav,6.0,384000,MYEV.zip
MYEV,MYEV-215341.wav,4.998976,500000,MYEV.zip
MYEV,MYEV-29834328.wav,5.0,192000,MYEV.zip
MYEV,MYEV-29745764.wav,5.004,192000,MYEV.zip
MYEV,MYEV-26687147.wav,3.685333333333334,192000,MYEV.zip
MYEV,MYEV-29746847.wav,5.0,192000,MYEV.zip
MYEV,MYEV-28310676.wav,5.0,192000,MYEV.zip
MYEV,MYEV-54299702.wav,6.0,384000,MYEV.zip
MYEV,MYEV-56646394.wav,6.0,384000,MYEV.zip
MYEV,MYEV-33448599.wav,7.934,256000,MYEV.zip
MYEV,MYEV-28476921.wav,5.0,192000,MYEV.zip
MYEV,MYEV-3058526.wav,4.999022,500000,MYEV.zip
MYEV,MYEV-28520083.wav,5.0,192000,MYEV.zip
MYEV,MYEV-55350593.wav,4.558666666666666,384000,MYEV.zip
MYEV,MYEV-28407176.wav,3.002666666666667,192000,MYEV.zip
MYEV,MYEV-1556703.wav,7.092,256000,MYEV.zip
MYEV,MYEV-3045776.wav,2.999022,500000,MYEV.zip
MYEV,MYEV-28523987.wav,5.0,192000,MYEV.zip
MYEV,MYEV-53843196.wav,4.998976,500000,MYEV.zip
MYEV,MYEV-28295377.wav,4.998666666666667,192000,MYEV.zip
MYEV,MYEV-28457115.wav,5.0,192000,MYEV.zip
MYEV,MYEV-54313902.wav,6.0,384000,MYEV.zip
MYEV,MYEV-29736866.wav,5.0,192000,MYEV.zip
MYEV,MYEV-28993002.wav,5.0,192000,MYEV.zip
MYEV,MYEV-29645985.wav,5.0,192000,MYEV.zip
MYEV,MYEV-28482985.wav,5.0,192000,MYEV.zip
MYEV,MYEV-2042607.wav,4.999022,500000,MYEV.zip
MYEV,MYEV-55478414.wav,4.998976,500000,MYEV.zip
MYEV,MYEV-29841511.wav,5.004,192000,MYEV.zip
MYEV,MYEV-28484950.wav,5.0,192000,MYEV.zip
MYEV,MYEV-2860684.wav,4.999022,500000,MYEV.zip
MYEV,MYEV-73584985.wav,5.0,256000,MYEV.zip
MYEV,MYEV-28978793.wav,4.998976,500000,MYEV.zip
MYEV,MYEV-1320272.wav,4.999022,500000,MYEV.zip
MYEV,MYEV-2851548.wav,2.999022,500000,MYEV.zip
MYEV,MYEV-2080846.wav,6.0,384000,MYEV.zip
MYEV,MYEV-60369581.wav,4.966,256000,MYEV.zip
MYEV,MYEV-2539406.wav,4.998976,500000,MYEV.zip
MYEV,MYEV-60369543.wav,6.374,256000,MYEV.zip
MYEV,MYEV-28492099.wav,4.176,192000,MYEV.zip
MYEV,MYEV-29759262.wav,4.518666666666666,192000,MYEV.zip
MYEV,MYEV-55021830.wav,7.802666666666667,192000,MYEV.zip
MYEV,MYEV-55467561.wav,4.998976,500000,MYEV.zip
MYEV,MYEV-33449796.wav,6.714,256000,MYEV.zip
MYEV,MYEV-2048320.wav,6.74,256000,MYEV.zip
MYEV,MYEV-73571465.wav,5.004,192000,MYEV.zip
MYEV,MYEV-63091174.wav,6.0,384000,MYEV.zip
MYEV,MYEV-28336882.wav,6.0,384000,MYEV.zip
MYEV,MYEV-53645941.wav,2.294,256000,MYEV.zip
MYEV,MYEV-28311066.wav,5.0,192000,MYEV.zip
MYEV,MYEV-28978549.wav,4.998976,500000,MYEV.zip
MYEV,MYEV-30644034.wav,2.998976,500000,MYEV.zip
MYEV,MYEV-29867652.wav,4.998666666666667,192000,MYEV.zip
MYEV,MYEV-28412526.wav,4.998976,500000,MYEV.zip
MYEV,MYEV-55478936.wav,4.998976,500000,MYEV.zip
MYEV,MYEV-32047214.wav,6.0,384000,MYEV.zip
MYEV,MYEV-28295664.wav,5.0,192000,MYEV.zip
MYEV,MYEV-28302919.wav,5.0,192000,MYEV.zip
MYEV,MYEV-28314194.wav,4.998666666666667,192000,MYEV.zip
MYEV,MYEV-29367988.wav,4.998976,500000,MYEV.zip
MYEV,MYEV-29759631.wav,5.004,192000,MYEV.zip
MYEV,MYEV-55476336.wav,4.998976,500000,MYEV.zip
MYEV,MYEV-54421610.wav,7.506,256000,MYEV.zip
MYEV,MYEV-55475969.wav,4.998976,500000,MYEV.zip
MYEV,MYEV-3045711.wav,2.999022,500000,MYEV.zip
MYEV,MYEV-56651505.wav,6.0,384000,MYEV.zip
MYEV,MYEV-60369579.wav,4.038,256000,MYEV.zip
MYEV,MYEV-29841025.wav,5.004,192000,MYEV.zip
MYEV,MYEV-29868421.wav,4.998666666666667,192000,MYEV.zip
MYEV,MYEV-54139429.wav,4.998976,500000,MYEV.zip
MYEV,MYEV-29990582.wav,6.492,256000,MYEV.zip
MYEV,MYEV-2630824.wav,4.998976,500000,MYEV.zip
MYEV,MYEV-1399703.wav,4.99837,300000,MYEV.zip
MYEV,MYEV-33492521.wav,4.998976,500000,MYEV.zip
MYEV,MYEV-2047702.wav,4.592,256000,MYEV.zip
MYEV,MYEV-33599673.wav,5.827,256000,MYEV.zip
MYEV,MYEV-55476556.wav,4.998976,500000,MYEV.zip
MYEV,MYEV-28984206.wav,4.998976,500000,MYEV.zip
MYEV,MYEV-29726906.wav,5.004,192000,MYEV.zip
MYEV,MYEV-63085860.wav,6.0,384000,MYEV.zip
MYEV,MYEV-28998091.wav,6.446,256000,MYEV.zip
MYEV,MYEV-33846582.wav,6.0,384000,MYEV.zip
MYEV,MYEV-30585634.wav,4.998976,500000,MYEV.zip
MYEV,MYEV-54420741.wav,7.648,256000,MYEV.zip
MYEV,MYEV-30644038.wav,2.998976,500000,MYEV.zip
MYEV,MYEV-3046558.wav,2.999022,500000,MYEV.zip
MYEV,MYEV-33446864.wav,6.476,256000,MYEV.zip
MYEV,MYEV-28542001.wav,6.0,384000,MYEV.zip
MYEV,MYEV-211609.wav,4.998976,500000,MYEV.zip
MYEV,MYEV-29367990.wav,4.998976,500000,MYEV.zip
MYEV,MYEV-29841874.wav,5.004,192000,MYEV.zip
MYEV,MYEV-31866251.wav,4.99992,500000,MYEV.zip
MYEV,MYEV-5679928.wav,8.0128,320000,MYEV.zip
MYEV,MYEV-28585749.wav,6.0,384000,MYEV.zip
MYEV,MYEV-28348654.wav,6.0,384000,MYEV.zip
MYEV,MYEV-28336849.wav,6.0,384000,MYEV.zip
MYEV,MYEV-29367987.wav,4.998976,500000,MYEV.zip
MYEV,MYEV-26689623.wav,7.994666666666666,192000,MYEV.zip
MYEV,MYEV-30584321.wav,4.998976,500000,MYEV.zip
MYEV,MYEV-29284475.wav,4.984,192000,MYEV.zip
MYEV,MYEV-2820225.wav,4.999022,500000,MYEV.zip
MYEV,MYEV-29762223.wav,5.004,192000,MYEV.zip
MYEV,MYEV-3939816.wav,6.0,384000,MYEV.zip
MYEV,MYEV-166050.wav,4.874,256000,MYEV.zip
MYEV,MYEV-1352846.wav,4.99837,300000,MYEV.zip
MYEV,MYEV-1402003.wav,6.0,384000,MYEV.zip
MYEV,MYEV-28294665.wav,5.004,192000,MYEV.zip
MYEV,MYEV-29716961.wav,5.0,192000,MYEV.zip
MYEV,MYEV-28297748.wav,5.0,192000,MYEV.zip
MYEV,MYEV-1552172.wav,7.876,256000,MYEV.zip
MYEV,MYEV-28291015.wav,4.984,192000,MYEV.zip
MYEV,MYEV-55386054.wav,4.998976,500000,MYEV.zip
MYEV,MYEV-2871730.wav,4.999022,500000,MYEV.zip
MYEV,MYEV-29744618.wav,5.004,192000,MYEV.zip
MYEV,MYEV-28290975.wav,4.693333333333333,192000,MYEV.zip
MYEV,MYEV-2838169.wav,4.999022,500000,MYEV.zip
MYEV,MYEV-1555325.wav,3.992,256000,MYEV.zip
MYEV,MYEV-29719243.wav,4.998666666666667,192000,MYEV.zip
MYEV,MYEV-183345.wav,7.322,256000,MYEV.zip
MYEV,MYEV-54320569.wav,6.0,384000,MYEV.zip
MYEV,MYEV-26687395.wav,3.1666666666666665,192000,MYEV.zip
MYEV,MYEV-29726670.wav,5.004,192000,MYEV.zip
MYEV,MYEV-29012721.wav,4.998976,500000,MYEV.zip
MYEV,MYEV-54299709.wav,6.0,384000,MYEV.zip
MYEV,MYEV-29843463.wav,5.004,192000,MYEV.zip
MYEV,MYEV-2727957.wav,6.016,320000,MYEV.zip
MYEV,MYEV-29762362.wav,5.004,192000,MYEV.zip
MYEV,MYEV-28374076.wav,6.0,384000,MYEV.zip
MYEV,MYEV-2457278.wav,7.286,256000,MYEV.zip
MYEV,MYEV-33431652.wav,6.776,256000,MYEV.zip
MYEV,MYEV-28483746.wav,5.0,192000,MYEV.zip
MYEV,MYEV-28353685.wav,5.632,384000,MYEV.zip
MYEV,MYEV-29841901.wav,5.004,192000,MYEV.zip
MYEV,MYEV-3045232.wav,2.999022,500000,MYEV.zip
MYEV,MYEV-54421126.wav,6.629,256000,MYEV.zip
MYEV,MYEV-55479025.wav,4.998976,500000,MYEV.zip
MYEV,MYEV-28337412.wav,6.0,384000,MYEV.zip
MYEV,MYEV-29142817.wav,4.998976,500000,MYEV.zip
MYEV,MYEV-3935202.wav,6.0,384000,MYEV.zip
MYEV,MYEV-28311469.wav,5.0,192000,MYEV.zip
MYEV,MYEV-28352945.wav,5.0,192000,MYEV.zip
MYEV,MYEV-29847841.wav,5.004,192000,MYEV.zip
MYEV,MYEV-57092470.wav,4.998976,500000,MYEV.zip
MYEV,MYEV-53863737.wav,4.998976,500000,MYEV.zip
MYEV,MYEV-33447063.wav,5.788,256000,MYEV.zip
MYEV,MYEV-29787773.wav,5.0,192000,MYEV.zip
MYEV,MYEV-29740948.wav,5.0,192000,MYEV.zip
MYEV,MYEV-28990593.wav,4.998666666666667,192000,MYEV.zip
MYEV,MYEV-29717122.wav,3.6346666666666665,192000,MYEV.zip
MYEV,MYEV-32874087.wav,6.134,256000,MYEV.zip
MYEV,MYEV-73643149.wav,5.0,256000,MYEV.zip
MYEV,MYEV-29872643.wav,5.004,192000,MYEV.zip
MYEV,MYEV-29722288.wav,5.004,192000,MYEV.zip
MYEV,MYEV-31862615.wav,4.99992,500000,MYEV.zip
MYEV,MYEV-32067047.wav,5.834666666666666,384000,MYEV.zip
MYEV,MYEV-60369541.wav,7.89,256000,MYEV.zip
MYEV,MYEV-2825637.wav,4.999022,500000,MYEV.zip
MYEV,MYEV-26688987.wav,4.417333333333334,192000,MYEV.zip
MYEV,MYEV-53843154.wav,4.998976,500000,MYEV.zip
MYEV,MYEV-2075347.wav,6.0,384000,MYEV.zip
MYEV,MYEV-1397199.wav,4.99837,300000,MYEV.zip
MYEV,MYEV-28406067.wav,6.0,384000,MYEV.zip
MYEV,MYEV-29867180.wav,5.0,192000,MYEV.zip
MYEV,MYEV-29012722.wav,4.998976,500000,MYEV.zip
MYEV,MYEV-26689470.wav,6.982666666666667,192000,MYEV.zip
MYEV,MYEV-3048037.wav,4.999022,500000,MYEV.zip
MYEV,MYEV-28485612.wav,5.0,192000,MYEV.zip
MYEV,MYEV-29727861.wav,4.66,192000,MYEV.zip
MYEV,MYEV-29783762.wav,5.004,192000,MYEV.zip
MYEV,MYEV-29367989.wav,4.998976,500000,MYEV.zip
MYEV,MYEV-211573.wav,4.998976,500000,MYEV.zip
MYEV,MYEV-31640305.wav,4.99992,500000,MYEV.zip
MYEV,MYEV-1553567.wav,7.648,256000,MYEV.zip
MYEV,MYEV-29847410.wav,5.004,192000,MYEV.zip
MYEV,MYEV-28339012.wav,6.0,384000,MYEV.zip
MYEV,MYEV-33431633.wav,6.21,256000,MYEV.zip
MYEV,MYEV-28294648.wav,5.004,192000,MYEV.zip
MYEV,MYEV-28469909.wav,5.0,192000,MYEV.zip
MYEV,MYEV-29284129.wav,5.004,192000,MYEV.zip
MYEV,MYEV-142966.wav,6.104,256000,MYEV.zip
MYEV,MYEV-32877288.wav,6.904,256000,MYEV.zip
MYEV,MYEV-29640434.wav,5.0,192000,MYEV.zip
MYEV,MYEV-29285301.wav,5.0,192000,MYEV.zip
MYEV,MYEV-53842439.wav,4.999022,500000,MYEV.zip
MYEV,MYEV-1351273.wav,4.99837,300000,MYEV.zip
MYEV,MYEV-53785948.wav,4.998976,500000,MYEV.zip
MYEV,MYEV-55348928.wav,5.534666666666666,384000,MYEV.zip
MYEV,MYEV-2809211.wav,4.999022,500000,MYEV.zip
MYEV,MYEV-31861711.wav,2.99992,500000,MYEV.zip
MYEV,MYEV-26700503.wav,3.9936,320000,MYEV.zip
MYEV,MYEV-32058961.wav,6.0,384000,MYEV.zip
MYEV,MYEV-29284892.wav,5.0,192000,MYEV.zip
MYEV,MYEV-29758705.wav,5.004,192000,MYEV.zip
MYEV,MYEV-29719229.wav,4.998666666666667,192000,MYEV.zip
MYEV,MYEV-28312308.wav,4.277333333333333,192000,MYEV.zip
MYEV,MYEV-29841030.wav,3.522666666666667,192000,MYEV.zip
MYEV,MYEV-29345450.wav,4.998976,500000,MYEV.zip
MYEV,MYEV-28298636.wav,5.0,192000,MYEV.zip
MYEV,MYEV-186712.wav,4.664,256000,MYEV.zip
MYEV,MYEV-28499850.wav,5.0,192000,MYEV.zip
MYEV,MYEV-28407869.wav,4.998976,500000,MYEV.zip
MYEV,MYEV-26714114.wav,6.0,384000,MYEV.zip
MYEV,MYEV-2063046.wav,5.482,256000,MYEV.zip
MYEV,MYEV-28558300.wav,6.0,384000,MYEV.zip
MYEV,MYEV-3734412.wav,7.754,256000,MYEV.zip
MYEV,MYEV-2858883.wav,2.999022,500000,MYEV.zip
MYEV,MYEV-214135.wav,4.998976,500000,MYEV.zip
MYEV,MYEV-3047733.wav,4.999022,500000,MYEV.zip
MYEV,MYEV-99631.wav,7.438,256000,MYEV.zip
MYEV,MYEV-3796745.wav,4.142,256000,MYEV.zip
MYEV,MYEV-2853906.wav,2.999022,500000,MYEV.zip
MYEV,MYEV-28487626.wav,5.0,192000,MYEV.zip
MYEV,MYEV-30667131.wav,4.998976,500000,MYEV.zip
MYEV,MYEV-29717444.wav,4.8613333333333335,192000,MYEV.zip
MYEV,MYEV-29719433.wav,4.998666666666667,192000,MYEV.zip
MYEV,MYEV-55386399.wav,4.998976,500000,MYEV.zip
MYEV,MYEV-3054497.wav,4.999022,500000,MYEV.zip
MYEV,MYEV-60369573.wav,5.126,256000,MYEV.zip
MYEV,MYEV-2538337.wav,5.721333333333333,384000,MYEV.zip
MYEV,MYEV-2066711.wav,4.998976,500000,MYEV.zip
MYEV,MYEV-29983404.wav,4.858,256000,MYEV.zip
MYEV,MYEV-3050418.wav,2.999022,500000,MYEV.zip
MYEV,MYEV-54313899.wav,6.0,384000,MYEV.zip
MYEV,MYEV-29868291.wav,4.998666666666667,192000,MYEV.zip
MYEV,MYEV-2071853.wav,4.998976,500000,MYEV.zip
MYEV,MYEV-2457458.wav,7.852,256000,MYEV.zip
MYEV,MYEV-60369530.wav,4.276,256000,MYEV.zip
MYEV,MYEV-32874086.wav,4.172,256000,MYEV.zip
MYEV,MYEV-3047863.wav,4.999022,500000,MYEV.zip
MYEV,MYEV-55351213.wav,6.0,384000,MYEV.zip
MYEV,MYEV-29419934.wav,2.6333333333333333,192000,MYEV.zip
MYEV,MYEV-55475951.wav,2.998976,500000,MYEV.zip
MYEV,MYEV-28483814.wav,5.0,192000,MYEV.zip
MYEV,MYEV-2044100.wav,4.442,256000,MYEV.zip
MYEV,MYEV-31715414.wav,4.99992,500000,MYEV.zip
MYEV,MYEV-29723943.wav,5.004,192000,MYEV.zip
MYEV,MYEV-33846223.wav,3.86,384000,MYEV.zip
MYEV,MYEV-31658939.wav,4.99992,500000,MYEV.zip
MYEV,MYEV-28291141.wav,5.0,192000,MYEV.zip
MYEV,MYEV-29989359.wav,6.052,256000,MYEV.zip
MYEV,MYEV-54323164.wav,6.0,384000,MYEV.zip
MYEV,MYEV-29833635.wav,2.7305520833333334,192000,MYEV.zip
MYEV,MYEV-29865305.wav,4.998666666666667,192000,MYEV.zip
MYEV,MYEV-33490319.wav,4.998976,500000,MYEV.zip
MYEV,MYEV-55475839.wav,4.998976,500000,MYEV.zip
MYEV,MYEV-28979125.wav,4.998976,500000,MYEV.zip
MYEV,MYEV-94523.wav,5.512,256000,MYEV.zip
MYEV,MYEV-28500116.wav,5.0,192000,MYEV.zip
MYEV,MYEV-28365994.wav,6.0,384000,MYEV.zip
MYEV,MYEV-3046008.wav,2.999022,500000,MYEV.zip
MYEV,MYEV-29840949.wav,5.004,192000,MYEV.zip
MYEV,MYEV-28600275.wav,6.0,384000,MYEV.zip
MYEV,MYEV-55351854.wav,6.0,384000,MYEV.zip
MYEV,MYEV-28358270.wav,6.0,384000,MYEV.zip
MYEV,MYEV-28978744.wav,4.998976,500000,MYEV.zip
MYEV,MYEV-29284164.wav,5.004,192000,MYEV.zip
MYEV,MYEV-2404947.wav,4.998976,500000,MYEV.zip
MYEV,MYEV-29833614.wav,5.0,192000,MYEV.zip
MYEV,MYEV-28455593.wav,5.0,192000,MYEV.zip
MYEV,MYEV-57098141.wav,4.998976,500000,MYEV.zip
MYEV,MYEV-29364304.wav,4.998976,500000,MYEV.zip
MYEV,MYEV-29288340.wav,5.004,192000,MYEV.zip
MYEV,MYEV-63085862.wav,6.0,384000,MYEV.zip
MYEV,MYEV-29332535.wav,5.0,192000,MYEV.zip
MYEV,MYEV-3043080.wav,4.999022,500000,MYEV.zip
MYEV,MYEV-2101899.wav,6.0,384000,MYEV.zip
MYEV,MYEV-28511270.wav,5.0,192000,MYEV.zip
MYEV,MYEV-54299634.wav,5.756,384000,MYEV.zip
MYEV,MYEV-32066299.wav,6.0,384000,MYEV.zip
MYEV,MYEV-54420754.wav,6.751,256000,MYEV.zip
MYEV,MYEV-28979021.wav,4.998976,500000,MYEV.zip
MYEV,MYEV-26714359.wav,6.0,384000,MYEV.zip
MYEV,MYEV-28409554.wav,6.0,384000,MYEV.zip
MYEV,MYEV-3056117.wav,4.999022,500000,MYEV.zip
MYEV,MYEV-2869741.wav,4.999022,500000,MYEV.zip
MYEV,MYEV-29768799.wav,5.0,192000,MYEV.zip
MYEV,MYEV-1987898.wav,6.0,384000,MYEV.zip
MYEV,MYEV-33622296.wav,4.998976,500000,MYEV.zip
MYEV,MYEV-55386038.wav,4.998976,500000,MYEV.zip
MYEV,MYEV-63090323.wav,6.0,384000,MYEV.zip
MYEV,MYEV-55386562.wav,4.998976,500000,MYEV.zip
MYEV,MYEV-53879148.wav,4.998976,500000,MYEV.zip
MYEV,MYEV-2069414.wav,4.998976,500000,MYEV.zip
MYEV,MYEV-26686561.wav,6.665333333333334,192000,MYEV.zip
MYEV,MYEV-30644022.wav,2.998976,500000,MYEV.zip
MYEV,MYEV-97799.wav,3.952,256000,MYEV.zip
MYEV,MYEV-29364307.wav,4.998976,500000,MYEV.zip
MYEV,MYEV-53842677.wav,4.999022,500000,MYEV.zip
MYEV,MYEV-29744518.wav,5.004,192000,MYEV.zip
MYEV,MYEV-29718522.wav,4.998666666666667,192000,MYEV.zip
MYEV,MYEV-2819085.wav,4.999022,500000,MYEV.zip
MYEV,MYEV-33846108.wav,6.0,384000,MYEV.zip
MYEV,MYEV-29288869.wav,3.961333333333333,192000,MYEV.zip
MYEV,MYEV-2001066.wav,6.0,384000,MYEV.zip
MYEV,MYEV-33485314.wav,2.998976,500000,MYEV.zip
MYEV,MYEV-33447990.wav,4.06,256000,MYEV.zip
MYEV,MYEV-28405913.wav,6.0,384000,MYEV.zip
MYEV,MYEV-28984208.wav,4.998976,500000,MYEV.zip
MYEV,MYEV-29717909.wav,3.1186666666666665,192000,MYEV.zip
MYEV,MYEV-28417400.wav,6.0,384000,MYEV.zip
MYEV,MYEV-28978739.wav,4.998976,500000,MYEV.zip
MYEV,MYEV-2874015.wav,8.0384,320000,MYEV.zip
MYEV,MYEV-1556679.wav,7.908,256000,MYEV.zip
MYEV,MYEV-33450171.wav,6.974,256000,MYEV.zip
MYEV,MYEV-29866718.wav,4.998666666666667,192000,MYEV.zip
MYEV,MYEV-54420566.wav,4.139,256000,MYEV.zip
MYEV,MYEV-28412581.wav,4.998976,500000,MYEV.zip
MYEV,MYEV-28610402.wav,4.376,384000,MYEV.zip
MYEV,MYEV-93936.wav,4.146,256000,MYEV.zip
MYEV,MYEV-28485102.wav,5.0,192000,MYEV.zip
MYEV,MYEV-29737088.wav,5.0,192000,MYEV.zip
MYEV,MYEV-28353654.wav,6.0,384000,MYEV.zip
MYEV,MYEV-31631751.wav,4.99992,500000,MYEV.zip
MYEV,MYEV-33484673.wav,3.77,256000,MYEV.zip
MYEV,MYEV-28270410.wav,5.082666666666666,384000,MYEV.zip
MYEV,MYEV-55020791.wav,7.968,192000,MYEV.zip
MYEV,MYEV-28405077.wav,6.0,384000,MYEV.zip
MYEV,MYEV-63087157.wav,6.0,384000,MYEV.zip
MYEV,MYEV-2458308.wav,6.504,256000,MYEV.zip
MYEV,MYEV-33431628.wav,6.904,256000,MYEV.zip
MYEV,MYEV-28620073.wav,6.0,384000,MYEV.zip
MYEV,MYEV-2075834.wav,6.0,384000,MYEV.zip
MYEV,MYEV-33846304.wav,6.0,384000,MYEV.zip
MYEV,MYEV-55386759.wav,4.998976,500000,MYEV.zip
MYEV,MYEV-2535609.wav,6.0,384000,MYEV.zip
MYEV,MYEV-29286271.wav,5.004,192000,MYEV.zip
MYEV,MYEV-29757948.wav,5.004,192000,MYEV.zip
MYEV,MYEV-29728119.wav,5.004,192000,MYEV.zip
MYEV,MYEV-33431439.wav,4.698,256000,MYEV.zip
MYEV,MYEV-96066.wav,4.5,256000,MYEV.zip
MYEV,MYEV-3020994.wav,4.999022,500000,MYEV.zip
MYEV,MYEV-311274.wav,4.998976,500000,MYEV.zip
MYEV,MYEV-55019378.wav,5.6626666666666665,192000,MYEV.zip
MYEV,MYEV-28992987.wav,5.0,192000,MYEV.zip
MYEV,MYEV-6013452.wav,7.2192,320000,MYEV.zip
MYEV,MYEV-33846288.wav,6.0,384000,MYEV.zip
MYEV,MYEV-2846798.wav,4.999022,500000,MYEV.zip
MYEV,MYEV-55387922.wav,4.998976,500000,MYEV.zip
MYGR,MYGR-58733684.wav,5.504,256000,MYGR.zip
MYGR,MYGR-328.wav,2.015232,500000,MYGR.zip
MYGR,MYGR-14.wav,4.030464,500000,MYGR.zip
MYGR,MYGR-127.wav,4.030464,500000,MYGR.zip
MYGR,MYGR-3.wav,4.01408,500000,MYGR.zip
MYGR,MYGR-271.wav,4.01408,500000,MYGR.zip
MYGR,MYGR-160.wav,4.01408,500000,MYGR.zip
MYGR,MYGR-85.wav,4.01408,500000,MYGR.zip
MYGR,MYGR-287.wav,4.01408,500000,MYGR.zip
MYGR,MYGR-437.wav,4.030464,500000,MYGR.zip
MYGR,MYGR-56.wav,4.01408,500000,MYGR.zip
MYGR,MYGR-422.wav,4.030464,500000,MYGR.zip
MYGR,MYGR-253.wav,4.01408,500000,MYGR.zip
MYGR,MYGR-424.wav,6.045696,500000,MYGR.zip
MYGR,MYGR-116.wav,4.01408,500000,MYGR.zip
MYGR,MYGR-235.wav,4.030464,500000,MYGR.zip
MYGR,MYGR-195.wav,4.046848,500000,MYGR.zip
MYGR,MYGR-220.wav,4.030464,500000,MYGR.zip
MYGR,MYGR-177.wav,4.046848,500000,MYGR.zip
MYGR,MYGR-150.wav,4.01408,500000,MYGR.zip
MYGR,MYGR-380.wav,4.030464,500000,MYGR.zip
MYGR,MYGR-313.wav,4.01408,500000,MYGR.zip
MYGR,MYGR-289.wav,4.01408,500000,MYGR.zip
MYGR,MYGR-143.wav,4.01408,500000,MYGR.zip
MYGR,MYGR-409.wav,4.030464,500000,MYGR.zip
MYGR,MYGR-312.wav,2.015232,500000,MYGR.zip
MYGR,MYGR-256.wav,6.029312,500000,MYGR.zip
MYGR,MYGR-119.wav,6.045696,500000,MYGR.zip
MYGR,MYGR-432.wav,6.045696,500000,MYGR.zip
MYGR,MYGR-181.wav,6.045696,500000,MYGR.zip
MYGR,MYGR-103.wav,2.015232,500000,MYGR.zip
MYGR,MYGR-30.wav,4.01408,500000,MYGR.zip
MYGR,MYGR-258.wav,4.01408,500000,MYGR.zip
MYGR,MYGR-96.wav,4.01408,500000,MYGR.zip
MYGR,MYGR-269.wav,4.01408,500000,MYGR.zip
MYGR,MYGR-215.wav,4.030464,500000,MYGR.zip
MYGR,MYGR-441.wav,4.030464,500000,MYGR.zip
MYGR,MYGR-58733670.wav,3.179,256000,MYGR.zip
MYGR,MYGR-337.wav,4.01408,500000,MYGR.zip
MYGR,MYGR-399.wav,4.046848,500000,MYGR.zip
MYGR,MYGR-97.wav,4.01408,500000,MYGR.zip
MYGR,MYGR-324.wav,4.01408,500000,MYGR.zip
MYGR,MYGR-315.wav,4.046848,500000,MYGR.zip
MYGR,MYGR-87.wav,6.045696,500000,MYGR.zip
MYGR,MYGR-323.wav,4.01408,500000,MYGR.zip
MYGR,MYGR-266.wav,2.015232,500000,MYGR.zip
MYGR,MYGR-4.wav,4.01408,500000,MYGR.zip
MYGR,MYGR-413.wav,4.030464,500000,MYGR.zip
MYGR,MYGR-163.wav,4.01408,500000,MYGR.zip
MYGR,MYGR-394.wav,4.046848,500000,MYGR.zip
MYGR,MYGR-82.wav,4.030464,500000,MYGR.zip
MYGR,MYGR-9.wav,2.015232,500000,MYGR.zip
MYGR,MYGR-239.wav,4.030464,500000,MYGR.zip
MYGR,MYGR-140.wav,4.01408,500000,MYGR.zip
MYGR,MYGR-439.wav,4.046848,500000,MYGR.zip
MYGR,MYGR-190.wav,6.045696,500000,MYGR.zip
MYGR,MYGR-207.wav,4.046848,500000,MYGR.zip
MYGR,MYGR-423.wav,4.030464,500000,MYGR.zip
MYGR,MYGR-236.wav,4.030464,500000,MYGR.zip
MYGR,MYGR-445.wav,4.030464,500000,MYGR.zip
MYGR,MYGR-95.wav,4.01408,500000,MYGR.zip
MYGR,MYGR-172.wav,4.046848,500000,MYGR.zip
MYGR,MYGR-54.wav,6.029312,500000,MYGR.zip
MYGR,MYGR-411.wav,6.045696,500000,MYGR.zip
MYGR,MYGR-366.wav,8.044544,500000,MYGR.zip
MYGR,MYGR-403.wav,4.030464,500000,MYGR.zip
MYGR,MYGR-154.wav,4.01408,500000,MYGR.zip
MYGR,MYGR-427.wav,6.045696,500000,MYGR.zip
MYGR,MYGR-189.wav,2.015232,500000,MYGR.zip
MYGR,MYGR-58021466.wav,7.754,256000,MYGR.zip
MYGR,MYGR-164.wav,4.01408,500000,MYGR.zip
MYGR,MYGR-107.wav,4.01408,500000,MYGR.zip
MYGR,MYGR-58029874.wav,7.576,256000,MYGR.zip
MYGR,MYGR-332.wav,4.01408,500000,MYGR.zip
MYGR,MYGR-404.wav,4.030464,500000,MYGR.zip
MYGR,MYGR-35.wav,8.044544,500000,MYGR.zip
MYGR,MYGR-176.wav,4.046848,500000,MYGR.zip
MYGR,MYGR-152.wav,4.030464,500000,MYGR.zip
MYGR,MYGR-100.wav,4.030464,500000,MYGR.zip
MYGR,MYGR-58030814.wav,6.174,256000,MYGR.zip
MYGR,MYGR-440.wav,6.045696,500000,MYGR.zip
MYGR,MYGR-244.wav,6.045696,500000,MYGR.zip
MYGR,MYGR-301.wav,4.01408,500000,MYGR.zip
MYGR,MYGR-379.wav,2.015232,500000,MYGR.zip
MYGR,MYGR-205.wav,4.030464,500000,MYGR.zip
MYGR,MYGR-434.wav,4.01408,500000,MYGR.zip
MYGR,MYGR-32.wav,6.045696,500000,MYGR.zip
MYGR,MYGR-61.wav,4.01408,500000,MYGR.zip
MYGR,MYGR-260.wav,4.01408,500000,MYGR.zip
MYGR,MYGR-383.wav,4.030464,500000,MYGR.zip
MYGR,MYGR-188.wav,4.030464,500000,MYGR.zip
MYGR,MYGR-17.wav,4.01408,500000,MYGR.zip
MYGR,MYGR-12.wav,4.01408,500000,MYGR.zip
MYGR,MYGR-64.wav,4.01408,500000,MYGR.zip
MYGR,MYGR-142.wav,4.01408,500000,MYGR.zip
MYGR,MYGR-447.wav,4.046848,500000,MYGR.zip
MYGR,MYGR-155.wav,4.01408,500000,MYGR.zip
MYGR,MYGR-218.wav,4.030464,500000,MYGR.zip
MYGR,MYGR-250.wav,4.046848,500000,MYGR.zip
MYGR,MYGR-402.wav,4.030464,500000,MYGR.zip
MYGR,MYGR-233.wav,4.030464,500000,MYGR.zip
MYGR,MYGR-213.wav,4.046848,500000,MYGR.zip
MYGR,MYGR-128.wav,4.01408,500000,MYGR.zip
MYGR,MYGR-104.wav,4.01408,500000,MYGR.zip
MYGR,MYGR-262.wav,4.01408,500000,MYGR.zip
MYGR,MYGR-174.wav,2.015232,500000,MYGR.zip
MYGR,MYGR-73.wav,4.01408,500000,MYGR.zip
MYGR,MYGR-387.wav,4.046848,500000,MYGR.zip
MYGR,MYGR-148.wav,4.046848,500000,MYGR.zip
MYGR,MYGR-62.wav,4.01408,500000,MYGR.zip
MYGR,MYGR-47.wav,4.030464,500000,MYGR.zip
MYGR,MYGR-326.wav,6.22592,500000,MYGR.zip
MYGR,MYGR-26.wav,4.030464,500000,MYGR.zip
MYGR,MYGR-141.wav,4.01408,500000,MYGR.zip
MYGR,MYGR-24.wav,4.030464,500000,MYGR.zip
MYGR,MYGR-298.wav,4.01408,500000,MYGR.zip
MYGR,MYGR-280.wav,4.030464,500000,MYGR.zip
MYGR,MYGR-180.wav,4.030464,500000,MYGR.zip
MYGR,MYGR-308.wav,6.045696,500000,MYGR.zip
MYGR,MYGR-219.wav,4.046848,500000,MYGR.zip
MYGR,MYGR-137.wav,4.030464,500000,MYGR.zip
MYGR,MYGR-372.wav,8.044544,500000,MYGR.zip
MYGR,MYGR-295.wav,4.01408,500000,MYGR.zip
MYGR,MYGR-302.wav,2.015232,500000,MYGR.zip
MYGR,MYGR-2935025.wav,4.995072,500000,MYGR.zip
MYGR,MYGR-183.wav,4.702208,500000,MYGR.zip
MYGR,MYGR-194.wav,4.046848,500000,MYGR.zip
MYGR,MYGR-90.wav,4.046848,500000,MYGR.zip
MYGR,MYGR-224.wav,6.782976,500000,MYGR.zip
MYGR,MYGR-431.wav,4.046848,500000,MYGR.zip
MYGR,MYGR-101.wav,4.030464,500000,MYGR.zip
MYGR,MYGR-25.wav,4.01408,500000,MYGR.zip
MYGR,MYGR-63.wav,4.030464,500000,MYGR.zip
MYGR,MYGR-156.wav,2.015232,500000,MYGR.zip
MYGR,MYGR-370.wav,4.01408,500000,MYGR.zip
MYGR,MYGR-412.wav,4.046848,500000,MYGR.zip
MYGR,MYGR-28.wav,4.01408,500000,MYGR.zip
MYGR,MYGR-105.wav,1.998848,500000,MYGR.zip
MYGR,MYGR-191.wav,6.438912,500000,MYGR.zip
MYGR,MYGR-350.wav,4.030464,500000,MYGR.zip
MYGR,MYGR-242.wav,4.030464,500000,MYGR.zip
MYGR,MYGR-79.wav,4.01408,500000,MYGR.zip
MYGR,MYGR-400.wav,4.063232,500000,MYGR.zip
MYGR,MYGR-43.wav,4.030464,500000,MYGR.zip
MYGR,MYGR-99.wav,4.030464,500000,MYGR.zip
MYGR,MYGR-408.wav,4.030464,500000,MYGR.zip
MYGR,MYGR-442.wav,2.015232,500000,MYGR.zip
MYGR,MYGR-6.wav,4.01408,500000,MYGR.zip
MYGR,MYGR-169.wav,6.045696,500000,MYGR.zip
MYGR,MYGR-241.wav,6.045696,500000,MYGR.zip
MYGR,MYGR-58023966.wav,6.552,256000,MYGR.zip
MYGR,MYGR-109.wav,4.01408,500000,MYGR.zip
MYGR,MYGR-398.wav,4.046848,500000,MYGR.zip
MYGR,MYGR-151.wav,4.046848,500000,MYGR.zip
MYGR,MYGR-212.wav,4.046848,500000,MYGR.zip
MYGR,MYGR-362.wav,4.01408,500000,MYGR.zip
MYGR,MYGR-335.wav,4.01408,500000,MYGR.zip
MYGR,MYGR-444.wav,6.045696,500000,MYGR.zip
MYGR,MYGR-317.wav,6.045696,500000,MYGR.zip
MYGR,MYGR-40.wav,4.01408,500000,MYGR.zip
MYGR,MYGR-246.wav,8.060928,500000,MYGR.zip
MYGR,MYGR-300.wav,4.030464,500000,MYGR.zip
MYGR,MYGR-11.wav,4.01408,500000,MYGR.zip
MYGR,MYGR-88.wav,2.015232,500000,MYGR.zip
MYGR,MYGR-50.wav,4.01408,500000,MYGR.zip
MYGR,MYGR-67.wav,4.01408,500000,MYGR.zip
MYGR,MYGR-1.wav,4.01408,500000,MYGR.zip
MYGR,MYGR-389.wav,4.046848,500000,MYGR.zip
MYGR,MYGR-136.wav,4.01408,500000,MYGR.zip
MYGR,MYGR-330.wav,4.030464,500000,MYGR.zip
MYGR,MYGR-268.wav,2.015232,500000,MYGR.zip
MYGR,MYGR-157.wav,1.998848,500000,MYGR.zip
MYGR,MYGR-34.wav,4.030464,500000,MYGR.zip
MYGR,MYGR-78.wav,4.01408,500000,MYGR.zip
MYGR,MYGR-129.wav,4.01408,500000,MYGR.zip
MYGR,MYGR-118.wav,4.01408,500000,MYGR.zip
MYGR,MYGR-21.wav,4.01408,500000,MYGR.zip
MYGR,MYGR-22.wav,4.01408,500000,MYGR.zip
MYGR,MYGR-216.wav,5.963776,500000,MYGR.zip
MYGR,MYGR-281.wav,4.01408,500000,MYGR.zip
MYGR,MYGR-19.wav,4.030464,500000,MYGR.zip
MYGR,MYGR-69.wav,4.01408,500000,MYGR.zip
MYGR,MYGR-247.wav,6.701056,500000,MYGR.zip
MYGR,MYGR-433.wav,4.046848,500000,MYGR.zip
MYGR,MYGR-37.wav,2.015232,500000,MYGR.zip
MYGR,MYGR-418.wav,4.030464,500000,MYGR.zip
MYGR,MYGR-338.wav,4.01408,500000,MYGR.zip
MYGR,MYGR-178.wav,6.045696,500000,MYGR.zip
MYGR,MYGR-168.wav,4.030464,500000,MYGR.zip
MYGR,MYGR-58029664.wav,7.076,256000,MYGR.zip
MYGR,MYGR-436.wav,4.030464,500000,MYGR.zip
MYGR,MYGR-93.wav,4.030464,500000,MYGR.zip
MYGR,MYGR-425.wav,4.030464,500000,MYGR.zip
MYGR,MYGR-108.wav,4.01408,500000,MYGR.zip
MYGR,MYGR-342.wav,4.01408,500000,MYGR.zip
MYGR,MYGR-307.wav,4.01408,500000,MYGR.zip
MYGR,MYGR-186.wav,4.046848,500000,MYGR.zip
MYGR,MYGR-365.wav,8.060928,500000,MYGR.zip
MYGR,MYGR-361.wav,4.01408,500000,MYGR.zip
MYGR,MYGR-2.wav,4.030464,500000,MYGR.zip
MYGR,MYGR-291.wav,4.01408,500000,MYGR.zip
MYGR,MYGR-49.wav,4.01408,500000,MYGR.zip
MYGR,MYGR-277.wav,4.01408,500000,MYGR.zip
MYGR,MYGR-339.wav,4.01408,500000,MYGR.zip
MYGR,MYGR-320.wav,4.01408,500000,MYGR.zip
MYGR,MYGR-55.wav,4.01408,500000,MYGR.zip
MYGR,MYGR-296.wav,2.015232,500000,MYGR.zip
MYGR,MYGR-292.wav,4.01408,500000,MYGR.zip
MYGR,MYGR-385.wav,4.046848,500000,MYGR.zip
MYGR,MYGR-124.wav,4.01408,500000,MYGR.zip
MYGR,MYGR-77.wav,4.030464,500000,MYGR.zip
MYGR,MYGR-2951947.wav,4.995072,500000,MYGR.zip
MYGR,MYGR-272.wav,4.030464,500000,MYGR.zip
MYGR,MYGR-210.wav,4.030464,500000,MYGR.zip
MYGR,MYGR-217.wav,4.030464,500000,MYGR.zip
MYGR,MYGR-211.wav,6.045696,500000,MYGR.zip
MYGR,MYGR-214.wav,4.046848,500000,MYGR.zip
MYGR,MYGR-401.wav,4.046848,500000,MYGR.zip
MYGR,MYGR-390.wav,4.046848,500000,MYGR.zip
MYGR,MYGR-286.wav,4.030464,500000,MYGR.zip
MYGR,MYGR-234.wav,7.995392,500000,MYGR.zip
MYGR,MYGR-120.wav,4.01408,500000,MYGR.zip
MYGR,MYGR-36.wav,4.046848,500000,MYGR.zip
MYGR,MYGR-375.wav,6.045696,500000,MYGR.zip
MYGR,MYGR-60.wav,4.01408,500000,MYGR.zip
MYGR,MYGR-382.wav,2.015232,500000,MYGR.zip
MYGR,MYGR-29.wav,4.01408,500000,MYGR.zip
MYGR,MYGR-131.wav,6.045696,500000,MYGR.zip
MYGR,MYGR-175.wav,4.030464,500000,MYGR.zip
MYGR,MYGR-71.wav,4.01408,500000,MYGR.zip
MYGR,MYGR-421.wav,4.030464,500000,MYGR.zip
MYGR,MYGR-76.wav,4.030464,500000,MYGR.zip
MYGR,MYGR-58030194.wav,7.16,256000,MYGR.zip
MYGR,MYGR-391.wav,4.030464,500000,MYGR.zip
MYGR,MYGR-171.wav,4.030464,500000,MYGR.zip
MYGR,MYGR-204.wav,4.030464,500000,MYGR.zip
MYGR,MYGR-58032419.wav,7.292,256000,MYGR.zip
MYGR,MYGR-102.wav,4.01408,500000,MYGR.zip
MYGR,MYGR-65.wav,2.015232,500000,MYGR.zip
MYGR,MYGR-179.wav,6.864896,500000,MYGR.zip
MYGR,MYGR-145.wav,4.030464,500000,MYGR.zip
MYGR,MYGR-303.wav,6.029312,500000,MYGR.zip
MYGR,MYGR-153.wav,4.01408,500000,MYGR.zip
MYGR,MYGR-115.wav,2.015232,500000,MYGR.zip
MYGR,MYGR-223.wav,4.030464,500000,MYGR.zip
MYGR,MYGR-92.wav,4.01408,500000,MYGR.zip
MYGR,MYGR-341.wav,4.096,500000,MYGR.zip
MYGR,MYGR-299.wav,4.030464,500000,MYGR.zip
MYGR,MYGR-355.wav,5.472256,500000,MYGR.zip
MYGR,MYGR-146.wav,8.044544,500000,MYGR.zip
MYGR,MYGR-39.wav,6.045696,500000,MYGR.zip
MYGR,MYGR-343.wav,4.030464,500000,MYGR.zip
MYGR,MYGR-420.wav,2.015232,500000,MYGR.zip
MYGR,MYGR-192.wav,2.015232,500000,MYGR.zip
MYGR,MYGR-68.wav,4.01408,500000,MYGR.zip
MYGR,MYGR-428.wav,4.046848,500000,MYGR.zip
MYGR,MYGR-249.wav,4.046848,500000,MYGR.zip
MYGR,MYGR-59.wav,4.030464,500000,MYGR.zip
MYGR,MYGR-238.wav,4.046848,500000,MYGR.zip
MYGR,MYGR-162.wav,8.044544,500000,MYGR.zip
MYGR,MYGR-374.wav,4.01408,500000,MYGR.zip
MYGR,MYGR-159.wav,4.01408,500000,MYGR.zip
MYGR,MYGR-31.wav,6.045696,500000,MYGR.zip
MYGR,MYGR-275.wav,4.01408,500000,MYGR.zip
MYGR,MYGR-294.wav,4.01408,500000,MYGR.zip
MYGR,MYGR-449.wav,6.045696,500000,MYGR.zip
MYGR,MYGR-293.wav,4.01408,500000,MYGR.zip
MYGR,MYGR-396.wav,4.030464,500000,MYGR.zip
MYGR,MYGR-290.wav,4.01408,500000,MYGR.zip
MYGR,MYGR-331.wav,2.015232,500000,MYGR.zip
MYGR,MYGR-5.wav,4.01408,500000,MYGR.zip
MYGR,MYGR-395.wav,2.015232,500000,MYGR.zip
MYGR,MYGR-27.wav,4.01408,500000,MYGR.zip
MYGR,MYGR-74.wav,1.998848,500000,MYGR.zip
MYGR,MYGR-257.wav,4.01408,500000,MYGR.zip
MYGR,MYGR-94.wav,4.01408,500000,MYGR.zip
MYGR,MYGR-311.wav,8.044544,500000,MYGR.zip
MYGR,MYGR-2957924.wav,4.995072,500000,MYGR.zip
MYGR,MYGR-135.wav,4.01408,500000,MYGR.zip
MYGR,MYGR-278.wav,4.01408,500000,MYGR.zip
MYGR,MYGR-285.wav,4.01408,500000,MYGR.zip
MYGR,MYGR-158.wav,4.01408,500000,MYGR.zip
MYGR,MYGR-279.wav,4.01408,500000,MYGR.zip
MYGR,MYGR-125.wav,6.045696,500000,MYGR.zip
MYGR,MYGR-161.wav,4.030464,500000,MYGR.zip
MYGR,MYGR-309.wav,4.01408,500000,MYGR.zip
MYGR,MYGR-133.wav,4.01408,500000,MYGR.zip
MYGR,MYGR-417.wav,4.030464,500000,MYGR.zip
MYGR,MYGR-202.wav,6.045696,500000,MYGR.zip
MYGR,MYGR-16.wav,2.015232,500000,MYGR.zip
MYGR,MYGR-229.wav,4.030464,500000,MYGR.zip
MYGR,MYGR-184.wav,4.046848,500000,MYGR.zip
MYGR,MYGR-405.wav,4.046848,500000,MYGR.zip
MYGR,MYGR-274.wav,6.078464,500000,MYGR.zip
MYGR,MYGR-221.wav,7.585792,500000,MYGR.zip
MYGR,MYGR-80.wav,4.01408,500000,MYGR.zip
MYGR,MYGR-111.wav,4.01408,500000,MYGR.zip
MYGR,MYGR-310.wav,4.01408,500000,MYGR.zip
MYGR,MYGR-193.wav,4.030464,500000,MYGR.zip
MYGR,MYGR-414.wav,4.046848,500000,MYGR.zip
MYGR,MYGR-306.wav,4.030464,500000,MYGR.zip
MYGR,MYGR-113.wav,4.01408,500000,MYGR.zip
MYGR,MYGR-165.wav,4.030464,500000,MYGR.zip
MYGR,MYGR-261.wav,1.998848,500000,MYGR.zip
MYGR,MYGR-52.wav,6.045696,500000,MYGR.zip
MYGR,MYGR-354.wav,6.045696,500000,MYGR.zip
MYGR,MYGR-45.wav,6.045696,500000,MYGR.zip
MYGR,MYGR-2898246.wav,4.995072,500000,MYGR.zip
MYGR,MYGR-273.wav,4.01408,500000,MYGR.zip
MYGR,MYGR-347.wav,2.015232,500000,MYGR.zip
MYGR,MYGR-58029451.wav,7.822,256000,MYGR.zip
MYGR,MYGR-86.wav,4.030464,500000,MYGR.zip
MYGR,MYGR-377.wav,4.030464,500000,MYGR.zip
MYGR,MYGR-23.wav,4.01408,500000,MYGR.zip
MYGR,MYGR-110.wav,4.01408,500000,MYGR.zip
MYGR,MYGR-305.wav,4.01408,500000,MYGR.zip
MYGR,MYGR-346.wav,4.01408,500000,MYGR.zip
MYGR,MYGR-185.wav,7.716864,500000,MYGR.zip
MYGR,MYGR-112.wav,4.01408,500000,MYGR.zip
MYGR,MYGR-230.wav,4.046848,500000,MYGR.zip
MYGR,MYGR-134.wav,4.01408,500000,MYGR.zip
MYGR,MYGR-58029862.wav,7.68,256000,MYGR.zip
MYGR,MYGR-18.wav,4.01408,500000,MYGR.zip
MYGR,MYGR-386.wav,4.046848,500000,MYGR.zip
MYGR,MYGR-48.wav,4.046848,500000,MYGR.zip
MYGR,MYGR-66.wav,4.01408,500000,MYGR.zip
MYGR,MYGR-126.wav,4.063232,500000,MYGR.zip
MYGR,MYGR-121.wav,4.01408,500000,MYGR.zip
MYGR,MYGR-8.wav,6.029312,500000,MYGR.zip
MYGR,MYGR-384.wav,4.046848,500000,MYGR.zip
MYGR,MYGR-38.wav,4.030464,500000,MYGR.zip
MYGR,MYGR-182.wav,4.030464,500000,MYGR.zip
MYGR,MYGR-196.wav,4.01408,500000,MYGR.zip
MYGR,MYGR-41.wav,4.046848,500000,MYGR.zip
MYGR,MYGR-329.wav,4.01408,500000,MYGR.zip
MYGR,MYGR-58.wav,6.045696,500000,MYGR.zip
MYGR,MYGR-232.wav,4.046848,500000,MYGR.zip
MYGR,MYGR-381.wav,4.030464,500000,MYGR.zip
MYGR,MYGR-13.wav,4.01408,500000,MYGR.zip
MYGR,MYGR-51.wav,4.01408,500000,MYGR.zip
MYGR,MYGR-392.wav,4.030464,500000,MYGR.zip
MYGR,MYGR-58032970.wav,7.532,256000,MYGR.zip
MYGR,MYGR-98.wav,4.030464,500000,MYGR.zip
MYGR,MYGR-304.wav,4.01408,500000,MYGR.zip
MYGR,MYGR-201.wav,2.015232,500000,MYGR.zip
MYGR,MYGR-314.wav,4.01408,500000,MYGR.zip
MYGR,MYGR-198.wav,6.045696,500000,MYGR.zip
MYGR,MYGR-373.wav,4.030464,500000,MYGR.zip
MYGR,MYGR-187.wav,4.046848,500000,MYGR.zip
MYGR,MYGR-321.wav,4.01408,500000,MYGR.zip
MYGR,MYGR-83.wav,4.01408,500000,MYGR.zip
MYGR,MYGR-58029152.wav,7.244,256000,MYGR.zip
MYGR,MYGR-206.wav,6.045696,500000,MYGR.zip
MYGR,MYGR-325.wav,4.01408,500000,MYGR.zip
MYGR,MYGR-369.wav,4.01408,500000,MYGR.zip
MYGR,MYGR-75.wav,4.046848,500000,MYGR.zip
MYGR,MYGR-170.wav,4.01408,500000,MYGR.zip
MYGR,MYGR-319.wav,2.015232,500000,MYGR.zip
MYGR,MYGR-351.wav,6.029312,500000,MYGR.zip
MYGR,MYGR-114.wav,4.01408,500000,MYGR.zip
MYGR,MYGR-327.wav,4.01408,500000,MYGR.zip
MYGR,MYGR-81.wav,4.030464,500000,MYGR.zip
MYGR,MYGR-419.wav,4.030464,500000,MYGR.zip
MYGR,MYGR-255.wav,4.01408,500000,MYGR.zip
MYGR,MYGR-446.wav,4.030464,500000,MYGR.zip
MYGR,MYGR-340.wav,4.01408,500000,MYGR.zip
MYGR,MYGR-360.wav,1.998848,500000,MYGR.zip
MYGR,MYGR-363.wav,4.01408,500000,MYGR.zip
MYGR,MYGR-167.wav,4.01408,500000,MYGR.zip
MYGR,MYGR-123.wav,4.01408,500000,MYGR.zip
MYGR,MYGR-15.wav,4.046848,500000,MYGR.zip
MYGR,MYGR-336.wav,4.030464,500000,MYGR.zip
MYGR,MYGR-284.wav,4.01408,500000,MYGR.zip
MYGR,MYGR-288.wav,4.030464,500000,MYGR.zip
MYGR,MYGR-415.wav,6.045696,500000,MYGR.zip
MYGR,MYGR-438.wav,2.015232,500000,MYGR.zip
MYGR,MYGR-197.wav,4.046848,500000,MYGR.zip
MYGR,MYGR-10.wav,2.015232,500000,MYGR.zip
MYGR,MYGR-222.wav,4.030464,500000,MYGR.zip
MYGR,MYGR-426.wav,4.030464,500000,MYGR.zip
MYGR,MYGR-44.wav,4.046848,500000,MYGR.zip
MYGR,MYGR-42.wav,4.01408,500000,MYGR.zip
MYGR,MYGR-203.wav,4.046848,500000,MYGR.zip
MYGR,MYGR-283.wav,4.030464,500000,MYGR.zip
MYGR,MYGR-367.wav,4.01408,500000,MYGR.zip
MYGR,MYGR-318.wav,6.029312,500000,MYGR.zip
MYGR,MYGR-443.wav,4.030464,500000,MYGR.zip
MYGR,MYGR-349.wav,4.01408,500000,MYGR.zip
MYGR,MYGR-53.wav,4.01408,500000,MYGR.zip
MYGR,MYGR-70.wav,4.01408,500000,MYGR.zip
MYGR,MYGR-106.wav,4.030464,500000,MYGR.zip
MYGR,MYGR-356.wav,2.015232,500000,MYGR.zip
MYGR,MYGR-410.wav,4.030464,500000,MYGR.zip
MYGR,MYGR-429.wav,4.046848,500000,MYGR.zip
MYGR,MYGR-358.wav,2.015232,500000,MYGR.zip
MYGR,MYGR-393.wav,4.030464,500000,MYGR.zip
MYGR,MYGR-376.wav,4.030464,500000,MYGR.zip
MYGR,MYGR-122.wav,4.01408,500000,MYGR.zip
MYGR,MYGR-138.wav,4.030464,500000,MYGR.zip
MYGR,MYGR-406.wav,4.030464,500000,MYGR.zip
MYGR,MYGR-297.wav,4.01408,500000,MYGR.zip
MYGR,MYGR-251.wav,4.030464,500000,MYGR.zip
MYGR,MYGR-144.wav,4.01408,500000,MYGR.zip
MYGR,MYGR-139.wav,4.01408,500000,MYGR.zip
MYGR,MYGR-58028128.wav,7.904,256000,MYGR.zip
MYGR,MYGR-89.wav,4.01408,500000,MYGR.zip
MYGR,MYGR-147.wav,4.01408,500000,MYGR.zip
MYGR,MYGR-276.wav,4.01408,500000,MYGR.zip
MYGR,MYGR-267.wav,4.01408,500000,MYGR.zip
MYGR,MYGR-225.wav,6.045696,500000,MYGR.zip
MYGR,MYGR-240.wav,4.046848,500000,MYGR.zip
MYGR,MYGR-397.wav,8.060928,500000,MYGR.zip
MYGR,MYGR-58028449.wav,7.774,256000,MYGR.zip
MYLE,MYLE-26955328.wav,2.998976,500000,MYLE.zip
MYLE,MYLE-57408089.wav,2.998976,500000,MYLE.zip
MYLE,MYLE-58146321.wav,4.998976,500000,MYLE.zip
MYLE,MYLE-60110674.wav,3.0,500000,MYLE.zip
MYLE,MYLE-27218870.wav,2.998976,500000,MYLE.zip
MYLE,MYLE-57392579.wav,2.995292,500000,MYLE.zip
MYLE,MYLE-57173104.wav,4.998976,500000,MYLE.zip
MYLE,MYLE-1475458.wav,2.998976,500000,MYLE.zip
MYLE,MYLE-57356840.wav,0.998976,500000,MYLE.zip
MYLE,MYLE-58768848.wav,4.998976,500000,MYLE.zip
MYLE,MYLE-57395317.wav,2.995292,500000,MYLE.zip
MYLE,MYLE-27071282.wav,2.995292,500000,MYLE.zip
MYLE,MYLE-59543283.wav,2.998976,500000,MYLE.zip
MYLE,MYLE-57366064.wav,2.998976,500000,MYLE.zip
MYLE,MYLE-57389980.wav,2.998976,500000,MYLE.zip
MYLE,MYLE-820808.wav,2.998976,500000,MYLE.zip
MYLE,MYLE-1495331.wav,2.998976,500000,MYLE.zip
MYLE,MYLE-57370282.wav,2.998976,500000,MYLE.zip
MYLE,MYLE-57390461.wav,2.998976,500000,MYLE.zip
MYLE,MYLE-2928231.wav,4.995072,500000,MYLE.zip
MYLE,MYLE-57366053.wav,2.998976,500000,MYLE.zip
MYLE,MYLE-2886729.wav,4.995072,500000,MYLE.zip
MYLE,MYLE-27070315.wav,2.995292,500000,MYLE.zip
MYLE,MYLE-57172057.wav,0.91648,500000,MYLE.zip
MYLE,MYLE-58766904.wav,4.998976,500000,MYLE.zip
MYLE,MYLE-32999513.wav,2.998976,500000,MYLE.zip
MYLE,MYLE-57170967.wav,2.998976,500000,MYLE.zip
MYLE,MYLE-57170648.wav,2.998976,500000,MYLE.zip
MYLE,MYLE-34596183.wav,4.998976,500000,MYLE.zip
MYLE,MYLE-1482285.wav,2.998976,500000,MYLE.zip
MYLE,MYLE-1533421.wav,2.998976,500000,MYLE.zip
MYLE,MYLE-57395316.wav,2.995292,500000,MYLE.zip
MYLE,MYLE-34093944.wav,4.998976,500000,MYLE.zip
MYLE,MYLE-1490833.wav,2.998976,500000,MYLE.zip
MYLE,MYLE-34596046.wav,4.998976,500000,MYLE.zip
MYLE,MYLE-33016432.wav,2.998976,500000,MYLE.zip
MYLE,MYLE-27202931.wav,2.998976,500000,MYLE.zip
MYLE,MYLE-57171107.wav,2.998976,500000,MYLE.zip
MYLE,MYLE-59543675.wav,4.998976,500000,MYLE.zip
MYLE,MYLE-57367593.wav,2.998976,500000,MYLE.zip
MYLE,MYLE-58767160.wav,4.998976,500000,MYLE.zip
MYLE,MYLE-57408061.wav,2.998976,500000,MYLE.zip
MYLE,MYLE-59542028.wav,2.998976,500000,MYLE.zip
MYLE,MYLE-59544648.wav,0.785408,500000,MYLE.zip
MYLE,MYLE-1482668.wav,2.998976,500000,MYLE.zip
MYLE,MYLE-1476542.wav,2.998976,500000,MYLE.zip
MYLE,MYLE-15790.wav,2.998976,500000,MYLE.zip
MYLE,MYLE-27089935.wav,2.995292,500000,MYLE.zip
MYLE,MYLE-57362832.wav,2.998976,500000,MYLE.zip
MYLE,MYLE-34596308.wav,4.998976,500000,MYLE.zip
MYLE,MYLE-1488706.wav,2.998976,500000,MYLE.zip
MYLE,MYLE-59543035.wav,2.998976,500000,MYLE.zip
MYLE,MYLE-27205437.wav,2.998976,500000,MYLE.zip
MYLE,MYLE-1501809.wav,2.998976,500000,MYLE.zip
MYLE,MYLE-57170997.wav,2.998976,500000,MYLE.zip
MYLE,MYLE-1508405.wav,2.998976,500000,MYLE.zip
MYLE,MYLE-27149613.wav,2.998976,500000,MYLE.zip
MYLE,MYLE-57170938.wav,2.998976,500000,MYLE.zip
MYLE,MYLE-1477860.wav,2.998976,500000,MYLE.zip
MYLE,MYLE-58146519.wav,4.998976,500000,MYLE.zip
MYLE,MYLE-58768562.wav,4.998976,500000,MYLE.zip
MYLE,MYLE-57390764.wav,2.998976,500000,MYLE.zip
MYLE,MYLE-36351851.wav,3.893,256000,MYLE.zip
MYLE,MYLE-57366021.wav,2.998976,500000,MYLE.zip
MYLE,MYLE-57171734.wav,2.998976,500000,MYLE.zip
MYLE,MYLE-57172069.wav,0.523264,500000,MYLE.zip
MYLE,MYLE-1482854.wav,2.998976,500000,MYLE.zip
MYLE,MYLE-59544031.wav,4.998976,500000,MYLE.zip
MYLE,MYLE-57364905.wav,2.998976,500000,MYLE.zip
MYLE,MYLE-1494214.wav,2.998976,500000,MYLE.zip
MYLE,MYLE-33010049.wav,2.998976,500000,MYLE.zip
MYLE,MYLE-402215.wav,2.998976,500000,MYLE.zip
MYLE,MYLE-1471892.wav,2.998976,500000,MYLE.zip
MYLE,MYLE-27202890.wav,2.998976,500000,MYLE.zip
MYLE,MYLE-1481221.wav,2.998976,500000,MYLE.zip
MYLE,MYLE-57366044.wav,2.998976,500000,MYLE.zip
MYLE,MYLE-57394941.wav,2.995292,500000,MYLE.zip
MYLE,MYLE-27217427.wav,2.998976,500000,MYLE.zip
MYLE,MYLE-1530027.wav,2.998976,500000,MYLE.zip
MYLE,MYLE-27341624.wav,2.995292,500000,MYLE.zip
MYLE,MYLE-57172093.wav,4.998976,500000,MYLE.zip
MYLE,MYLE-57362519.wav,2.998976,500000,MYLE.zip
MYLE,MYLE-26973297.wav,2.995292,500000,MYLE.zip
MYLE,MYLE-33021322.wav,2.998976,500000,MYLE.zip
MYLE,MYLE-34093941.wav,4.998976,500000,MYLE.zip
MYLE,MYLE-820806.wav,2.998976,500000,MYLE.zip
MYLE,MYLE-26971041.wav,2.998976,500000,MYLE.zip
MYLE,MYLE-1472596.wav,2.998976,500000,MYLE.zip
MYLE,MYLE-59542554.wav,2.998976,500000,MYLE.zip
MYLE,MYLE-57395001.wav,2.995292,500000,MYLE.zip
MYLE,MYLE-57364858.wav,2.998976,500000,MYLE.zip
MYLE,MYLE-26892396.wav,2.998976,500000,MYLE.zip
MYLE,MYLE-57172035.wav,1.702912,500000,MYLE.zip
MYLE,MYLE-2893775.wav,4.995072,500000,MYLE.zip
MYLE,MYLE-59545715.wav,4.998976,500000,MYLE.zip
MYLE,MYLE-59541634.wav,2.998976,500000,MYLE.zip
MYLE,MYLE-57359115.wav,2.998976,500000,MYLE.zip
MYLE,MYLE-27218202.wav,2.998976,500000,MYLE.zip
MYLE,MYLE-57365993.wav,2.998976,500000,MYLE.zip
MYLE,MYLE-57365980.wav,2.998976,500000,MYLE.zip
MYLE,MYLE-33018627.wav,2.998976,500000,MYLE.zip
MYLE,MYLE-1493647.wav,2.998976,500000,MYLE.zip
MYLE,MYLE-1472458.wav,2.998976,500000,MYLE.zip
MYLE,MYLE-1501536.wav,2.998976,500000,MYLE.zip
MYLE,MYLE-33011128.wav,2.998976,500000,MYLE.zip
MYLE,MYLE-27252662.wav,2.995292,500000,MYLE.zip
MYLE,MYLE-1494835.wav,2.998976,500000,MYLE.zip
MYLE,MYLE-57395307.wav,2.995292,500000,MYLE.zip
MYLE,MYLE-27344259.wav,2.995292,500000,MYLE.zip
MYLE,MYLE-1499788.wav,2.998976,500000,MYLE.zip
MYLE,MYLE-57173886.wav,4.998976,500000,MYLE.zip
MYLE,MYLE-57359345.wav,2.998976,500000,MYLE.zip
MYLE,MYLE-1476798.wav,2.998976,500000,MYLE.zip
MYLE,MYLE-1501158.wav,2.998976,500000,MYLE.zip
MYLE,MYLE-34596145.wav,4.998976,500000,MYLE.zip
MYLE,MYLE-27218917.wav,2.998976,500000,MYLE.zip
MYLE,MYLE-1485032.wav,2.998976,500000,MYLE.zip
MYLE,MYLE-57395019.wav,2.995292,500000,MYLE.zip
MYLE,MYLE-57365998.wav,2.998976,500000,MYLE.zip
MYLE,MYLE-27342542.wav,2.995292,500000,MYLE.zip
MYLE,MYLE-34635231.wav,2.998976,500000,MYLE.zip
MYLE,MYLE-58767960.wav,0.523264,500000,MYLE.zip
MYLE,MYLE-27202881.wav,2.998976,500000,MYLE.zip
MYLE,MYLE-2943839.wav,4.995072,500000,MYLE.zip
MYLE,MYLE-26892457.wav,2.998976,500000,MYLE.zip
MYLE,MYLE-57366055.wav,2.998976,500000,MYLE.zip
MYLE,MYLE-58146726.wav,4.998976,500000,MYLE.zip
MYLE,MYLE-1491905.wav,2.998976,500000,MYLE.zip
MYLE,MYLE-1477617.wav,2.998976,500000,MYLE.zip
MYLE,MYLE-1482609.wav,2.998976,500000,MYLE.zip
MYLE,MYLE-57170993.wav,2.998976,500000,MYLE.zip
MYLE,MYLE-59543740.wav,4.998976,500000,MYLE.zip
MYLE,MYLE-59544383.wav,4.998976,500000,MYLE.zip
MYLE,MYLE-59541987.wav,2.998976,500000,MYLE.zip
MYLE,MYLE-34596045.wav,4.998976,500000,MYLE.zip
MYLE,MYLE-57366062.wav,2.998976,500000,MYLE.zip
MYLE,MYLE-59544038.wav,4.998976,500000,MYLE.zip
MYLE,MYLE-57171057.wav,2.998976,500000,MYLE.zip
MYLE,MYLE-1494581.wav,2.998976,500000,MYLE.zip
MYLE,MYLE-57394986.wav,2.995292,500000,MYLE.zip
MYLE,MYLE-57172040.wav,1.440768,500000,MYLE.zip
MYLE,MYLE-57368641.wav,2.998976,500000,MYLE.zip
MYLE,MYLE-25991297.wav,4.998976,500000,MYLE.zip
MYLE,MYLE-1482794.wav,2.998976,500000,MYLE.zip
MYLE,MYLE-34596310.wav,4.998976,500000,MYLE.zip
MYLE,MYLE-2887413.wav,4.995072,500000,MYLE.zip
MYLE,MYLE-34595554.wav,4.998976,500000,MYLE.zip
MYLE,MYLE-1489895.wav,2.998976,500000,MYLE.zip
MYLE,MYLE-59543012.wav,2.998976,500000,MYLE.zip
MYLE,MYLE-27342170.wav,2.995292,500000,MYLE.zip
MYLE,MYLE-59544146.wav,4.998976,500000,MYLE.zip
MYLE,MYLE-1475653.wav,2.998976,500000,MYLE.zip
MYLE,MYLE-57366180.wav,2.998976,500000,MYLE.zip
MYLE,MYLE-57395304.wav,2.995292,500000,MYLE.zip
MYLE,MYLE-57172096.wav,4.998976,500000,MYLE.zip
MYLE,MYLE-57364755.wav,2.998976,500000,MYLE.zip
MYLE,MYLE-57171731.wav,2.998976,500000,MYLE.zip
MYLE,MYLE-57171019.wav,2.998976,500000,MYLE.zip
MYLE,MYLE-34596147.wav,4.998976,500000,MYLE.zip
MYLE,MYLE-59542455.wav,2.998976,500000,MYLE.zip
MYLE,MYLE-1480140.wav,2.998976,500000,MYLE.zip
MYLE,MYLE-59545675.wav,4.998976,500000,MYLE.zip
MYLE,MYLE-57171690.wav,2.998976,500000,MYLE.zip
MYLE,MYLE-1369383.wav,2.998976,500000,MYLE.zip
MYLE,MYLE-57176627.wav,2.998976,500000,MYLE.zip
MYLE,MYLE-59543090.wav,2.998976,500000,MYLE.zip
MYLE,MYLE-1483878.wav,2.998976,500000,MYLE.zip
MYLE,MYLE-2919111.wav,4.995072,500000,MYLE.zip
MYLE,MYLE-57366505.wav,2.998976,500000,MYLE.zip
MYLE,MYLE-57366059.wav,2.998976,500000,MYLE.zip
MYLE,MYLE-277251.wav,2.998976,500000,MYLE.zip
MYLE,MYLE-27202144.wav,2.998976,500000,MYLE.zip
MYLE,MYLE-27341322.wav,2.995292,500000,MYLE.zip
MYLE,MYLE-59545435.wav,4.998976,500000,MYLE.zip
MYLE,MYLE-58146295.wav,4.998976,500000,MYLE.zip
MYLE,MYLE-57358894.wav,2.998976,500000,MYLE.zip
MYLE,MYLE-57390412.wav,2.998976,500000,MYLE.zip
MYLE,MYLE-1501747.wav,2.998976,500000,MYLE.zip
MYLE,MYLE-58768782.wav,4.998976,500000,MYLE.zip
MYLE,MYLE-57172258.wav,4.998976,500000,MYLE.zip
MYLE,MYLE-1481718.wav,2.998976,500000,MYLE.zip
MYLE,MYLE-59544606.wav,4.998976,500000,MYLE.zip
MYLE,MYLE-57390523.wav,2.998976,500000,MYLE.zip
MYLE,MYLE-57395158.wav,2.995292,500000,MYLE.zip
MYLE,MYLE-57171743.wav,2.998976,500000,MYLE.zip
MYLE,MYLE-57367803.wav,2.998976,500000,MYLE.zip
MYLE,MYLE-27202937.wav,2.998976,500000,MYLE.zip
MYLE,MYLE-1478171.wav,2.998976,500000,MYLE.zip
MYLE,MYLE-57390223.wav,2.998976,500000,MYLE.zip
MYLE,MYLE-57363710.wav,2.998976,500000,MYLE.zip
MYLE,MYLE-57171034.wav,2.998976,500000,MYLE.zip
MYLE,MYLE-34596132.wav,4.998976,500000,MYLE.zip
MYLE,MYLE-27145834.wav,2.998976,500000,MYLE.zip
MYLE,MYLE-59545080.wav,4.998976,500000,MYLE.zip
MYLE,MYLE-33010815.wav,2.998976,500000,MYLE.zip
MYLE,MYLE-59544005.wav,4.998976,500000,MYLE.zip
MYLE,MYLE-57170955.wav,2.998976,500000,MYLE.zip
MYLE,MYLE-27341269.wav,2.995292,500000,MYLE.zip
MYLE,MYLE-1501807.wav,2.998976,500000,MYLE.zip
MYLE,MYLE-57171190.wav,2.998976,500000,MYLE.zip
MYLE,MYLE-29933988.wav,2.756,256000,MYLE.zip
MYLE,MYLE-1492591.wav,2.998976,500000,MYLE.zip
MYLE,MYLE-57394303.wav,2.995292,500000,MYLE.zip
MYLE,MYLE-57171018.wav,2.998976,500000,MYLE.zip
MYLE,MYLE-1498191.wav,2.998976,500000,MYLE.zip
MYLE,MYLE-34096273.wav,2.998976,500000,MYLE.zip
MYLE,MYLE-57363534.wav,2.998976,500000,MYLE.zip
MYLE,MYLE-57362827.wav,2.998976,500000,MYLE.zip
MYLE,MYLE-1482917.wav,2.998976,500000,MYLE.zip
MYLE,MYLE-1494399.wav,2.998976,500000,MYLE.zip
MYLE,MYLE-1499932.wav,2.998976,500000,MYLE.zip
MYLE,MYLE-1472783.wav,2.998976,500000,MYLE.zip
MYLE,MYLE-1502455.wav,2.998976,500000,MYLE.zip
MYLE,MYLE-58222943.wav,4.998976,500000,MYLE.zip
MYLE,MYLE-57171062.wav,2.998976,500000,MYLE.zip
MYLE,MYLE-1473744.wav,2.998976,500000,MYLE.zip
MYLE,MYLE-57364557.wav,2.998976,500000,MYLE.zip
MYLE,MYLE-1501867.wav,2.998976,500000,MYLE.zip
MYLE,MYLE-57358407.wav,2.998976,500000,MYLE.zip
MYLE,MYLE-57171729.wav,2.998976,500000,MYLE.zip
MYLE,MYLE-27343238.wav,2.995292,500000,MYLE.zip
MYLE,MYLE-25976867.wav,4.998976,500000,MYLE.zip
MYLE,MYLE-57369424.wav,2.998976,500000,MYLE.zip
MYLE,MYLE-1483879.wav,2.998976,500000,MYLE.zip
MYLE,MYLE-57172043.wav,1.309696,500000,MYLE.zip
MYLE,MYLE-59541161.wav,2.998976,500000,MYLE.zip
MYLE,MYLE-57366019.wav,2.998976,500000,MYLE.zip
MYLE,MYLE-27342621.wav,2.995292,500000,MYLE.zip
MYLE,MYLE-1531268.wav,2.998976,500000,MYLE.zip
MYLE,MYLE-33011008.wav,2.998976,500000,MYLE.zip
MYLE,MYLE-57172321.wav,4.998976,500000,MYLE.zip
MYLE,MYLE-15796.wav,2.998976,500000,MYLE.zip
MYLE,MYLE-59545385.wav,4.998976,500000,MYLE.zip
MYLE,MYLE-57357095.wav,0.998976,500000,MYLE.zip
MYLE,MYLE-1479444.wav,2.998976,500000,MYLE.zip
MYLE,MYLE-34596077.wav,4.998976,500000,MYLE.zip
MYLE,MYLE-57368700.wav,2.998976,500000,MYLE.zip
MYLE,MYLE-57368526.wav,2.998976,500000,MYLE.zip
MYLE,MYLE-27089934.wav,2.995292,500000,MYLE.zip
MYLE,MYLE-27202886.wav,2.998976,500000,MYLE.zip
MYLE,MYLE-278108.wav,2.998976,500000,MYLE.zip
MYLE,MYLE-27205521.wav,2.998976,500000,MYLE.zip
MYLE,MYLE-1473166.wav,2.998976,500000,MYLE.zip
MYLE,MYLE-59541067.wav,2.998976,500000,MYLE.zip
MYLE,MYLE-27342351.wav,2.995292,500000,MYLE.zip
MYLE,MYLE-57356246.wav,2.998976,500000,MYLE.zip
MYLE,MYLE-27252616.wav,2.995292,500000,MYLE.zip
MYLE,MYLE-1472787.wav,2.998976,500000,MYLE.zip
MYLE,MYLE-57171105.wav,2.998976,500000,MYLE.zip
MYLE,MYLE-57172042.wav,1.309696,500000,MYLE.zip
MYLE,MYLE-57390103.wav,2.998976,500000,MYLE.zip
MYLE,MYLE-58146525.wav,4.998976,500000,MYLE.zip
MYLE,MYLE-57366018.wav,2.998976,500000,MYLE.zip
MYLE,MYLE-27202215.wav,2.998976,500000,MYLE.zip
MYLE,MYLE-59543473.wav,2.998976,500000,MYLE.zip
MYLE,MYLE-1502699.wav,2.998976,500000,MYLE.zip
MYLE,MYLE-60110682.wav,3.0,500000,MYLE.zip
MYLE,MYLE-33006055.wav,2.998976,500000,MYLE.zip
MYLE,MYLE-2950311.wav,4.995072,500000,MYLE.zip
MYLE,MYLE-27344635.wav,2.995292,500000,MYLE.zip
MYLE,MYLE-59544807.wav,0.91648,500000,MYLE.zip
MYLE,MYLE-27342357.wav,2.995292,500000,MYLE.zip
MYLE,MYLE-57395355.wav,2.995292,500000,MYLE.zip
MYLE,MYLE-26955289.wav,2.998976,500000,MYLE.zip
MYLE,MYLE-34596186.wav,4.998976,500000,MYLE.zip
MYLE,MYLE-1473615.wav,2.998976,500000,MYLE.zip
MYLE,MYLE-27063503.wav,2.995292,500000,MYLE.zip
MYLE,MYLE-33018827.wav,2.998976,500000,MYLE.zip
MYLE,MYLE-57171102.wav,2.998976,500000,MYLE.zip
MYLE,MYLE-1482730.wav,2.998976,500000,MYLE.zip
MYLE,MYLE-57366067.wav,2.998976,500000,MYLE.zip
MYLE,MYLE-59543966.wav,4.998976,500000,MYLE.zip
MYLE,MYLE-27341662.wav,2.995292,500000,MYLE.zip
MYLE,MYLE-58146275.wav,4.998976,500000,MYLE.zip
MYLE,MYLE-1480390.wav,2.998976,500000,MYLE.zip
MYLE,MYLE-57172049.wav,1.178624,500000,MYLE.zip
MYLE,MYLE-58768794.wav,4.998976,500000,MYLE.zip
MYLE,MYLE-57395301.wav,2.995292,500000,MYLE.zip
MYLE,MYLE-58768248.wav,0.654336,500000,MYLE.zip
MYLE,MYLE-1493769.wav,2.998976,500000,MYLE.zip
MYLE,MYLE-57361933.wav,2.998976,500000,MYLE.zip
MYLE,MYLE-33016371.wav,2.998976,500000,MYLE.zip
MYLE,MYLE-2913712.wav,4.995072,500000,MYLE.zip
MYLE,MYLE-27309403.wav,2.995292,500000,MYLE.zip
MYLE,MYLE-59545039.wav,4.998976,500000,MYLE.zip
MYLE,MYLE-57171758.wav,2.998976,500000,MYLE.zip
MYLE,MYLE-1498004.wav,2.998976,500000,MYLE.zip
MYLE,MYLE-58768568.wav,4.998976,500000,MYLE.zip
MYLE,MYLE-27341334.wav,2.995292,500000,MYLE.zip
MYLE,MYLE-34596185.wav,4.998976,500000,MYLE.zip
MYLE,MYLE-57360796.wav,2.998976,500000,MYLE.zip
MYLE,MYLE-27218570.wav,2.998976,500000,MYLE.zip
MYLE,MYLE-27342739.wav,2.995292,500000,MYLE.zip
MYLE,MYLE-790856.wav,2.998976,500000,MYLE.zip
MYLE,MYLE-27217972.wav,2.998976,500000,MYLE.zip
MYLE,MYLE-57171116.wav,2.998976,500000,MYLE.zip
MYLE,MYLE-57172190.wav,4.998976,500000,MYLE.zip
MYLE,MYLE-27309528.wav,2.995292,500000,MYLE.zip
MYLE,MYLE-1482797.wav,2.998976,500000,MYLE.zip
MYLE,MYLE-57366423.wav,1.350458,500000,MYLE.zip
MYLE,MYLE-1480332.wav,2.998976,500000,MYLE.zip
MYLE,MYLE-1481213.wav,2.998976,500000,MYLE.zip
MYLE,MYLE-1473425.wav,2.998976,500000,MYLE.zip
MYLE,MYLE-1484334.wav,2.998976,500000,MYLE.zip
MYLE,MYLE-32924280.wav,2.995292,500000,MYLE.zip
MYLE,MYLE-1522099.wav,2.998976,500000,MYLE.zip
MYLE,MYLE-57171718.wav,2.998976,500000,MYLE.zip
MYLE,MYLE-59544173.wav,4.998976,500000,MYLE.zip
MYLE,MYLE-276761.wav,2.998976,500000,MYLE.zip
MYLE,MYLE-26892589.wav,2.998976,500000,MYLE.zip
MYLE,MYLE-27220891.wav,2.998976,500000,MYLE.zip
MYLE,MYLE-58768721.wav,4.998976,500000,MYLE.zip
MYLE,MYLE-57171773.wav,2.998976,500000,MYLE.zip
MYLE,MYLE-59545338.wav,4.998976,500000,MYLE.zip
MYLE,MYLE-57171755.wav,2.998976,500000,MYLE.zip
MYLE,MYLE-27342735.wav,2.995292,500000,MYLE.zip
MYLE,MYLE-57171095.wav,2.998976,500000,MYLE.zip
MYLE,MYLE-59544861.wav,4.998976,500000,MYLE.zip
MYLE,MYLE-57173855.wav,4.998976,500000,MYLE.zip
MYLE,MYLE-1502754.wav,2.998976,500000,MYLE.zip
MYLE,MYLE-57171725.wav,2.998976,500000,MYLE.zip
MYLE,MYLE-57361942.wav,2.998976,500000,MYLE.zip
MYLE,MYLE-57358888.wav,2.998976,500000,MYLE.zip
MYLE,MYLE-57172354.wav,4.998976,500000,MYLE.zip
MYLE,MYLE-33017755.wav,2.998976,500000,MYLE.zip
MYLE,MYLE-1494153.wav,2.998976,500000,MYLE.zip
MYLE,MYLE-59545032.wav,4.998976,500000,MYLE.zip
MYLE,MYLE-59540669.wav,2.998976,500000,MYLE.zip
MYLE,MYLE-57366071.wav,2.998976,500000,MYLE.zip
MYLE,MYLE-57171000.wav,2.998976,500000,MYLE.zip
MYLE,MYLE-57172060.wav,0.785408,500000,MYLE.zip
MYLE,MYLE-2951730.wav,4.995072,500000,MYLE.zip
MYLE,MYLE-59543496.wav,2.998976,500000,MYLE.zip
MYLE,MYLE-57369024.wav,2.998976,500000,MYLE.zip
MYLE,MYLE-57171076.wav,2.998976,500000,MYLE.zip
MYLE,MYLE-59543919.wav,4.998976,500000,MYLE.zip
MYLE,MYLE-57366049.wav,2.998976,500000,MYLE.zip
MYLE,MYLE-33012522.wav,2.998976,500000,MYLE.zip
MYLE,MYLE-57172084.wav,4.998976,500000,MYLE.zip
MYLE,MYLE-57171812.wav,2.998976,500000,MYLE.zip
MYLE,MYLE-59543928.wav,4.998976,500000,MYLE.zip
MYLE,MYLE-1501090.wav,2.998976,500000,MYLE.zip
MYLE,MYLE-1472726.wav,2.998976,500000,MYLE.zip
MYLE,MYLE-15978.wav,2.998976,500000,MYLE.zip
MYLE,MYLE-33017060.wav,2.998976,500000,MYLE.zip
MYLE,MYLE-1488631.wav,2.998976,500000,MYLE.zip
MYLE,MYLE-34596228.wav,4.998976,500000,MYLE.zip
MYLE,MYLE-1524402.wav,2.998976,500000,MYLE.zip
MYLE,MYLE-57358891.wav,2.998976,500000,MYLE.zip
MYLE,MYLE-57172193.wav,4.998976,500000,MYLE.zip
MYLE,MYLE-59544859.wav,4.998976,500000,MYLE.zip
MYLE,MYLE-57171055.wav,2.998976,500000,MYLE.zip
MYLE,MYLE-59541871.wav,2.998976,500000,MYLE.zip
MYLE,MYLE-59545486.wav,4.998976,500000,MYLE.zip
MYLE,MYLE-57394788.wav,2.995292,500000,MYLE.zip
MYLE,MYLE-1482798.wav,2.998976,500000,MYLE.zip
MYLE,MYLE-57395176.wav,2.995292,500000,MYLE.zip
MYLE,MYLE-57364850.wav,2.998976,500000,MYLE.zip
MYLE,MYLE-1475652.wav,2.998976,500000,MYLE.zip
MYLE,MYLE-1480970.wav,2.998976,500000,MYLE.zip
MYLE,MYLE-1495697.wav,2.998976,500000,MYLE.zip
MYLE,MYLE-27342782.wav,2.995292,500000,MYLE.zip
MYLE,MYLE-60359131.wav,2.998976,500000,MYLE.zip
MYLE,MYLE-57364746.wav,2.998976,500000,MYLE.zip
MYLE,MYLE-59544806.wav,0.91648,500000,MYLE.zip
MYLE,MYLE-1308329.wav,2.995292,500000,MYLE.zip
MYLE,MYLE-57367801.wav,2.998976,500000,MYLE.zip
MYLE,MYLE-25991294.wav,4.998976,500000,MYLE.zip
MYLE,MYLE-32924691.wav,2.995292,500000,MYLE.zip
MYLE,MYLE-59543988.wav,4.998976,500000,MYLE.zip
MYLE,MYLE-57364702.wav,2.998976,500000,MYLE.zip
MYLE,MYLE-33980478.wav,2.998976,500000,MYLE.zip
MYLE,MYLE-57369064.wav,2.998976,500000,MYLE.zip
MYLE,MYLE-1482352.wav,2.998976,500000,MYLE.zip
MYLE,MYLE-57364852.wav,2.998976,500000,MYLE.zip
MYLE,MYLE-1479119.wav,2.998976,500000,MYLE.zip
MYLE,MYLE-1494838.wav,2.998976,500000,MYLE.zip
MYLE,MYLE-1478740.wav,2.998976,500000,MYLE.zip
MYLE,MYLE-33010817.wav,2.998976,500000,MYLE.zip
MYLE,MYLE-1473741.wav,2.998976,500000,MYLE.zip
MYLE,MYLE-15855.wav,2.998976,500000,MYLE.zip
MYLE,MYLE-25919692.wav,6.42,192000,MYLE.zip
MYLE,MYLE-58766994.wav,4.998976,500000,MYLE.zip
MYLE,MYLE-57365979.wav,2.998976,500000,MYLE.zip
MYLE,MYLE-27218949.wav,2.998976,500000,MYLE.zip
MYLE,MYLE-57172056.wav,0.91648,500000,MYLE.zip
MYLE,MYLE-57171111.wav,2.998976,500000,MYLE.zip
MYLE,MYLE-59545671.wav,4.998976,500000,MYLE.zip
MYLE,MYLE-1502561.wav,2.998976,500000,MYLE.zip
MYLE,MYLE-59543401.wav,2.998976,500000,MYLE.zip
MYLE,MYLE-57369627.wav,2.998976,500000,MYLE.zip
MYLE,MYLE-57370312.wav,2.998976,500000,MYLE.zip
MYLE,MYLE-1480847.wav,2.998976,500000,MYLE.zip
MYLE,MYLE-57363540.wav,2.998976,500000,MYLE.zip
MYLE,MYLE-33012215.wav,2.998976,500000,MYLE.zip
MYLE,MYLE-33019624.wav,2.998976,500000,MYLE.zip
MYLE,MYLE-57172080.wav,4.998976,500000,MYLE.zip
MYLE,MYLE-1502615.wav,2.998976,500000,MYLE.zip
MYLE,MYLE-33006440.wav,2.998976,500000,MYLE.zip
MYLE,MYLE-2951932.wav,4.995072,500000,MYLE.zip
MYLE,MYLE-1478612.wav,2.998976,500000,MYLE.zip
MYLE,MYLE-58768270.wav,0.523264,500000,MYLE.zip
MYLE,MYLE-57394988.wav,2.995292,500000,MYLE.zip
MYLE,MYLE-57172059.wav,0.785408,500000,MYLE.zip
MYLE,MYLE-57366050.wav,2.998976,500000,MYLE.zip
MYLE,MYLE-278036.wav,2.998976,500000,MYLE.zip
MYLE,MYLE-58768530.wav,4.998976,500000,MYLE.zip
MYLE,MYLE-58768250.wav,0.523264,500000,MYLE.zip
MYLE,MYLE-57367541.wav,2.998976,500000,MYLE.zip
MYLE,MYLE-1502500.wav,2.998976,500000,MYLE.zip
MYLE,MYLE-57365989.wav,2.998976,500000,MYLE.zip
MYLE,MYLE-27205903.wav,2.998976,500000,MYLE.zip
MYLE,MYLE-57358899.wav,2.998976,500000,MYLE.zip
MYLE,MYLE-58768763.wav,4.998976,500000,MYLE.zip
MYLE,MYLE-34095244.wav,4.998976,500000,MYLE.zip
MYLE,MYLE-1485483.wav,2.998976,500000,MYLE.zip
MYLE,MYLE-33009349.wav,2.998976,500000,MYLE.zip
MYLE,MYLE-34095613.wav,2.998976,500000,MYLE.zip
MYLE,MYLE-57170512.wav,2.998976,500000,MYLE.zip
MYLE,MYLE-2889697.wav,4.995072,500000,MYLE.zip
MYLE,MYLE-33010748.wav,2.998976,500000,MYLE.zip
MYLE,MYLE-34596047.wav,4.998976,500000,MYLE.zip
MYLE,MYLE-1481218.wav,2.998976,500000,MYLE.zip
MYLE,MYLE-27220874.wav,2.998976,500000,MYLE.zip
MYLE,MYLE-34596144.wav,4.998976,500000,MYLE.zip
MYLE,MYLE-1480909.wav,2.998976,500000,MYLE.zip
MYLE,MYLE-59545539.wav,4.998976,500000,MYLE.zip
MYLE,MYLE-25976873.wav,4.998976,500000,MYLE.zip
MYLE,MYLE-34096297.wav,2.998976,500000,MYLE.zip
MYLE,MYLE-33010879.wav,2.998976,500000,MYLE.zip
MYLE,MYLE-27252661.wav,2.995292,500000,MYLE.zip
MYLE,MYLE-32924617.wav,2.995292,500000,MYLE.zip
MYLE,MYLE-27240343.wav,0.998976,500000,MYLE.zip
MYLE,MYLE-57358897.wav,2.998976,500000,MYLE.zip
MYLE,MYLE-27205670.wav,2.998976,500000,MYLE.zip
MYLE,MYLE-1502497.wav,2.998976,500000,MYLE.zip
MYLE,MYLE-58768820.wav,4.998976,500000,MYLE.zip
MYLE,MYLE-57366043.wav,2.998976,500000,MYLE.zip
MYLE,MYLE-57170992.wav,2.998976,500000,MYLE.zip
MYLE,MYLE-57388966.wav,2.995292,500000,MYLE.zip
MYLE,MYLE-1473611.wav,2.998976,500000,MYLE.zip
MYLE,MYLE-27217436.wav,2.998976,500000,MYLE.zip
MYLE,MYLE-59542634.wav,2.998976,500000,MYLE.zip
MYLE,MYLE-1509101.wav,2.998976,500000,MYLE.zip
MYLE,MYLE-58146299.wav,4.998976,500000,MYLE.zip
MYLE,MYLE-1490832.wav,2.998976,500000,MYLE.zip
MYLE,MYLE-1481717.wav,2.998976,500000,MYLE.zip
MYLE,MYLE-34596049.wav,4.998976,500000,MYLE.zip
MYLE,MYLE-57361947.wav,2.998976,500000,MYLE.zip
MYLE,MYLE-1472528.wav,2.998976,500000,MYLE.zip
MYLE,MYLE-1502559.wav,2.998976,500000,MYLE.zip
MYLE,MYLE-2892231.wav,4.995072,500000,MYLE.zip
MYLE,MYLE-58766675.wav,4.998976,500000,MYLE.zip
MYLE,MYLE-34595428.wav,1.440768,500000,MYLE.zip
MYLE,MYLE-57170412.wav,2.998976,500000,MYLE.zip
MYLE,MYLE-57170516.wav,2.998976,500000,MYLE.zip
MYLE,MYLE-57390762.wav,2.998976,500000,MYLE.zip
MYLE,MYLE-57390198.wav,2.998976,500000,MYLE.zip
MYLE,MYLE-27240346.wav,0.998976,500000,MYLE.zip
MYLE,MYLE-34596095.wav,4.998976,500000,MYLE.zip
MYLE,MYLE-1486383.wav,2.998976,500000,MYLE.zip
MYLE,MYLE-34093939.wav,4.998976,500000,MYLE.zip
MYLE,MYLE-1476030.wav,2.998976,500000,MYLE.zip
MYLE,MYLE-1476669.wav,2.998976,500000,MYLE.zip
MYLE,MYLE-58768748.wav,4.998976,500000,MYLE.zip
MYLE,MYLE-57366029.wav,2.998976,500000,MYLE.zip
MYLE,MYLE-33012151.wav,2.998976,500000,MYLE.zip
MYLE,MYLE-57363155.wav,2.998976,500000,MYLE.zip
MYLE,MYLE-1499546.wav,2.998976,500000,MYLE.zip
MYLE,MYLE-57394824.wav,2.995292,500000,MYLE.zip
MYLE,MYLE-57369418.wav,2.998976,500000,MYLE.zip
MYLE,MYLE-57172207.wav,4.998976,500000,MYLE.zip
MYLE,MYLE-57366063.wav,2.998976,500000,MYLE.zip
MYLE,MYLE-27217438.wav,2.998976,500000,MYLE.zip
MYLE,MYLE-59545296.wav,4.998976,500000,MYLE.zip
MYLE,MYLE-27343900.wav,2.995292,500000,MYLE.zip
MYLE,MYLE-1497355.wav,2.998976,500000,MYLE.zip
MYLE,MYLE-33011265.wav,2.998976,500000,MYLE.zip
MYLE,MYLE-57172045.wav,1.309696,500000,MYLE.zip
MYLE,MYLE-34596088.wav,4.998976,500000,MYLE.zip
MYLE,MYLE-33021750.wav,2.998976,500000,MYLE.zip
MYLE,MYLE-57358964.wav,2.998976,500000,MYLE.zip
MYLE,MYLE-57367153.wav,2.998976,500000,MYLE.zip
MYLE,MYLE-57366022.wav,2.998976,500000,MYLE.zip
MYLE,MYLE-1476736.wav,2.998976,500000,MYLE.zip
MYLE,MYLE-57390169.wav,2.998976,500000,MYLE.zip
MYLE,MYLE-57171096.wav,2.998976,500000,MYLE.zip
MYLE,MYLE-2893744.wav,4.995072,500000,MYLE.zip
MYLE,MYLE-57365050.wav,2.998976,500000,MYLE.zip
MYLE,MYLE-34596188.wav,4.998976,500000,MYLE.zip
MYLE,MYLE-1476927.wav,2.998976,500000,MYLE.zip
MYLE,MYLE-27309536.wav,2.995292,500000,MYLE.zip
MYLE,MYLE-57362451.wav,2.998976,500000,MYLE.zip
MYLE,MYLE-34095577.wav,2.998976,500000,MYLE.zip
MYLE,MYLE-59543217.wav,2.998976,500000,MYLE.zip
MYLE,MYLE-59541664.wav,2.998976,500000,MYLE.zip
MYLE,MYLE-59545525.wav,4.998976,500000,MYLE.zip
MYLE,MYLE-57394830.wav,2.995292,500000,MYLE.zip
MYLE,MYLE-402094.wav,2.998976,500000,MYLE.zip
MYLE,MYLE-27343662.wav,2.995292,500000,MYLE.zip
MYLE,MYLE-57364772.wav,2.998976,500000,MYLE.zip
MYLE,MYLE-1475716.wav,2.998976,500000,MYLE.zip
MYLE,MYLE-27252676.wav,2.995292,500000,MYLE.zip
MYLE,MYLE-57170636.wav,2.998976,500000,MYLE.zip
MYLE,MYLE-57367546.wav,2.998976,500000,MYLE.zip
MYLE,MYLE-59542613.wav,2.998976,500000,MYLE.zip
MYLE,MYLE-820805.wav,2.998976,500000,MYLE.zip
MYLE,MYLE-27341495.wav,2.995292,500000,MYLE.zip
MYLE,MYLE-34596148.wav,4.998976,500000,MYLE.zip
MYLE,MYLE-57366074.wav,2.998976,500000,MYLE.zip
MYLE,MYLE-34596189.wav,4.998976,500000,MYLE.zip
MYLE,MYLE-57362092.wav,2.998976,500000,MYLE.zip
MYLE,MYLE-1502904.wav,2.998976,500000,MYLE.zip
MYLE,MYLE-57366058.wav,2.998976,500000,MYLE.zip
MYLE,MYLE-57394902.wav,2.995292,500000,MYLE.zip
MYLE,MYLE-59542377.wav,2.998976,500000,MYLE.zip
MYLE,MYLE-27063496.wav,2.995292,500000,MYLE.zip
MYLE,MYLE-58146710.wav,4.998976,500000,MYLE.zip
MYLE,MYLE-59543960.wav,4.998976,500000,MYLE.zip
MYLE,MYLE-27090195.wav,2.998976,500000,MYLE.zip
MYLE,MYLE-57171053.wav,2.998976,500000,MYLE.zip
MYLE,MYLE-34596052.wav,4.998976,500000,MYLE.zip
MYLE,MYLE-59545741.wav,4.998976,500000,MYLE.zip
MYLE,MYLE-27202858.wav,2.998976,500000,MYLE.zip
MYLE,MYLE-57172037.wav,1.57184,500000,MYLE.zip
MYLE,MYLE-59540701.wav,2.998976,500000,MYLE.zip
MYLE,MYLE-1478116.wav,2.998976,500000,MYLE.zip
MYLE,MYLE-1472077.wav,2.998976,500000,MYLE.zip
MYLE,MYLE-2928580.wav,4.995072,500000,MYLE.zip
MYLE,MYLE-27341421.wav,2.995292,500000,MYLE.zip
MYLE,MYLE-57360608.wav,2.998976,500000,MYLE.zip
MYLE,MYLE-57369419.wav,2.998976,500000,MYLE.zip
MYLE,MYLE-59543711.wav,4.998976,500000,MYLE.zip
MYLE,MYLE-57366068.wav,2.998976,500000,MYLE.zip
MYLE,MYLE-1476098.wav,2.998976,500000,MYLE.zip
MYLE,MYLE-1482859.wav,2.998976,500000,MYLE.zip
MYLE,MYLE-57366183.wav,2.998976,500000,MYLE.zip
MYLE,MYLE-1494339.wav,2.998976,500000,MYLE.zip
MYLE,MYLE-57171765.wav,2.998976,500000,MYLE.zip
MYLE,MYLE-57368792.wav,2.998976,500000,MYLE.zip
MYLE,MYLE-1497551.wav,2.998976,500000,MYLE.zip
MYLE,MYLE-57356812.wav,0.998976,500000,MYLE.zip
MYLE,MYLE-2928978.wav,4.995072,500000,MYLE.zip
MYLE,MYLE-58768874.wav,4.998976,500000,MYLE.zip
MYLE,MYLE-34093951.wav,4.998976,500000,MYLE.zip
MYLE,MYLE-1491592.wav,2.998976,500000,MYLE.zip
MYLE,MYLE-27202264.wav,2.998976,500000,MYLE.zip
MYLE,MYLE-2889786.wav,4.995072,500000,MYLE.zip
MYLE,MYLE-59541194.wav,2.998976,500000,MYLE.zip
MYLE,MYLE-27218199.wav,2.998976,500000,MYLE.zip
MYLE,MYLE-57368250.wav,2.998976,500000,MYLE.zip
MYLE,MYLE-1476610.wav,2.998976,500000,MYLE.zip
MYLE,MYLE-1498251.wav,2.998976,500000,MYLE.zip
MYLE,MYLE-1472979.wav,2.998976,500000,MYLE.zip
MYLE,MYLE-57366710.wav,2.998976,500000,MYLE.zip
MYLE,MYLE-58766331.wav,4.998976,500000,MYLE.zip
MYLE,MYLE-1482979.wav,2.998976,500000,MYLE.zip
MYLE,MYLE-1480202.wav,2.998976,500000,MYLE.zip
MYLE,MYLE-1480906.wav,2.998976,500000,MYLE.zip
MYLE,MYLE-57363954.wav,2.998976,500000,MYLE.zip
MYLE,MYLE-57170642.wav,2.998976,500000,MYLE.zip
MYLE,MYLE-1501417.wav,2.998976,500000,MYLE.zip
MYLE,MYLE-57171022.wav,2.998976,500000,MYLE.zip
MYLE,MYLE-25976863.wav,4.998976,500000,MYLE.zip
MYLE,MYLE-57368386.wav,2.998976,500000,MYLE.zip
MYLE,MYLE-57356240.wav,2.998976,500000,MYLE.zip
MYLE,MYLE-790849.wav,2.998976,500000,MYLE.zip
MYLE,MYLE-1476605.wav,2.998976,500000,MYLE.zip
MYLE,MYLE-1472590.wav,2.998976,500000,MYLE.zip
MYLE,MYLE-57362035.wav,2.998976,500000,MYLE.zip
MYLE,MYLE-2950436.wav,4.995072,500000,MYLE.zip
MYLE,MYLE-57363664.wav,2.998976,500000,MYLE.zip
MYLE,MYLE-34095619.wav,2.998976,500000,MYLE.zip
MYLE,MYLE-34095373.wav,4.998976,500000,MYLE.zip
MYLE,MYLE-1476607.wav,2.998976,500000,MYLE.zip
MYLE,MYLE-1500512.wav,2.998976,500000,MYLE.zip
MYLE,MYLE-57171024.wav,2.998976,500000,MYLE.zip
MYLE,MYLE-57366065.wav,2.998976,500000,MYLE.zip
MYLE,MYLE-57394732.wav,2.995292,500000,MYLE.zip
MYLE,MYLE-27220840.wav,2.998976,500000,MYLE.zip
MYLE,MYLE-33980483.wav,2.998976,500000,MYLE.zip
MYLE,MYLE-27218942.wav,2.998976,500000,MYLE.zip
MYLE,MYLE-34596192.wav,4.998976,500000,MYLE.zip
MYLE,MYLE-30044140.wav,2.995292,500000,MYLE.zip
MYLE,MYLE-1483811.wav,2.998976,500000,MYLE.zip
MYLE,MYLE-57364687.wav,2.998976,500000,MYLE.zip
MYLE,MYLE-57364800.wav,2.998976,500000,MYLE.zip
MYLE,MYLE-34095615.wav,2.998976,500000,MYLE.zip
MYLE,MYLE-27202280.wav,2.998976,500000,MYLE.zip
MYLE,MYLE-25976860.wav,4.998976,500000,MYLE.zip
MYLE,MYLE-1480326.wav,2.998976,500000,MYLE.zip
MYLE,MYLE-57367800.wav,2.998976,500000,MYLE.zip
MYLE,MYLE-57170433.wav,2.998976,500000,MYLE.zip
MYLE,MYLE-1491526.wav,2.998976,500000,MYLE.zip
MYLE,MYLE-27202141.wav,2.998976,500000,MYLE.zip
MYLE,MYLE-27202150.wav,2.998976,500000,MYLE.zip
MYLE,MYLE-1482916.wav,2.998976,500000,MYLE.zip
MYLE,MYLE-35018585.wav,2.998976,500000,MYLE.zip
MYLE,MYLE-1473608.wav,2.998976,500000,MYLE.zip
MYLE,MYLE-27220841.wav,2.998976,500000,MYLE.zip
MYLE,MYLE-34596092.wav,4.998976,500000,MYLE.zip
MYLE,MYLE-57359485.wav,2.998976,500000,MYLE.zip
MYLE,MYLE-1500065.wav,2.998976,500000,MYLE.zip
MYLE,MYLE-1512511.wav,2.998976,500000,MYLE.zip
MYLE,MYLE-57360324.wav,2.998976,500000,MYLE.zip
MYLE,MYLE-57364910.wav,2.998976,500000,MYLE.zip
MYLE,MYLE-58146712.wav,4.998976,500000,MYLE.zip
MYLE,MYLE-57368724.wav,2.998976,500000,MYLE.zip
MYLE,MYLE-57170828.wav,2.998976,500000,MYLE.zip
MYLE,MYLE-1493340.wav,2.998976,500000,MYLE.zip
MYLE,MYLE-60110683.wav,3.0,500000,MYLE.zip
MYLE,MYLE-25971970.wav,5.54596875,256000,MYLE.zip
MYLE,MYLE-27343784.wav,2.995292,500000,MYLE.zip
MYLE,MYLE-1473172.wav,2.998976,500000,MYLE.zip
MYLE,MYLE-33021321.wav,2.998976,500000,MYLE.zip
MYLE,MYLE-57365997.wav,2.998976,500000,MYLE.zip
MYLE,MYLE-2899608.wav,4.995072,500000,MYLE.zip
MYLE,MYLE-1472592.wav,2.998976,500000,MYLE.zip
MYLE,MYLE-27090168.wav,2.998976,500000,MYLE.zip
MYLE,MYLE-1501743.wav,2.998976,500000,MYLE.zip
MYLE,MYLE-1477993.wav,2.998976,500000,MYLE.zip
MYLE,MYLE-1491398.wav,2.998976,500000,MYLE.zip
MYLE,MYLE-15875.wav,2.998976,500000,MYLE.zip
MYLE,MYLE-15655.wav,2.998976,500000,MYLE.zip
MYLE,MYLE-57170760.wav,2.998976,500000,MYLE.zip
MYLE,MYLE-59542690.wav,2.998976,500000,MYLE.zip
MYLE,MYLE-27090172.wav,2.998976,500000,MYLE.zip
MYLE,MYLE-57172062.wav,0.654336,500000,MYLE.zip
MYLE,MYLE-1488633.wav,2.998976,500000,MYLE.zip
MYLE,MYLE-57366644.wav,2.998976,500000,MYLE.zip
MYLE,MYLE-33008278.wav,2.998976,500000,MYLE.zip
MYLE,MYLE-1473740.wav,2.998976,500000,MYLE.zip
MYLE,MYLE-1481467.wav,2.998976,500000,MYLE.zip
MYLE,MYLE-33020071.wav,2.998976,500000,MYLE.zip
MYLE,MYLE-1480459.wav,2.998976,500000,MYLE.zip
MYLE,MYLE-34596190.wav,4.998976,500000,MYLE.zip
MYLE,MYLE-57394468.wav,2.995292,500000,MYLE.zip
MYLE,MYLE-58146517.wav,4.998976,500000,MYLE.zip
MYLE,MYLE-32030035.wav,2.998976,500000,MYLE.zip
MYLE,MYLE-1476606.wav,2.998976,500000,MYLE.zip
MYLE,MYLE-34596194.wav,4.998976,500000,MYLE.zip
MYLE,MYLE-34093926.wav,4.998976,500000,MYLE.zip
MYLE,MYLE-57367545.wav,2.998976,500000,MYLE.zip
MYLE,MYLE-26892585.wav,2.998976,500000,MYLE.zip
MYLE,MYLE-34596050.wav,4.998976,500000,MYLE.zip
MYLE,MYLE-57359076.wav,2.998976,500000,MYLE.zip
MYLE,MYLE-1478109.wav,2.998976,500000,MYLE.zip
MYLE,MYLE-58766115.wav,4.998976,500000,MYLE.zip
MYLE,MYLE-57408088.wav,2.998976,500000,MYLE.zip
MYLE,MYLE-33018815.wav,2.998976,500000,MYLE.zip
MYLE,MYLE-59544063.wav,4.998976,500000,MYLE.zip
MYLE,MYLE-33018005.wav,2.998976,500000,MYLE.zip
MYLE,MYLE-58146527.wav,4.998976,500000,MYLE.zip
MYLE,MYLE-57171761.wav,2.998976,500000,MYLE.zip
MYLE,MYLE-1535513.wav,2.998976,500000,MYLE.zip
MYLE,MYLE-57173892.wav,4.998976,500000,MYLE.zip
MYLE,MYLE-27090171.wav,2.998976,500000,MYLE.zip
MYLE,MYLE-57390459.wav,2.998976,500000,MYLE.zip
MYLE,MYLE-33005926.wav,2.998976,500000,MYLE.zip
MYLE,MYLE-34096296.wav,2.998976,500000,MYLE.zip
MYLE,MYLE-58146747.wav,4.998976,500000,MYLE.zip
MYLE,MYLE-1501604.wav,2.998976,500000,MYLE.zip
MYLE,MYLE-57389794.wav,2.998976,500000,MYLE.zip
MYLE,MYLE-57366255.wav,2.998976,500000,MYLE.zip
MYLE,MYLE-1472527.wav,2.998976,500000,MYLE.zip
MYLE,MYLE-57366041.wav,2.998976,500000,MYLE.zip
MYLE,MYLE-57360646.wav,2.998976,500000,MYLE.zip
MYLE,MYLE-2925216.wav,4.995072,500000,MYLE.zip
MYLE,MYLE-59545013.wav,4.998976,500000,MYLE.zip
MYLE,MYLE-1482476.wav,2.998976,500000,MYLE.zip
MYLE,MYLE-57359486.wav,2.998976,500000,MYLE.zip
MYLE,MYLE-57366003.wav,2.998976,500000,MYLE.zip
MYLE,MYLE-59542838.wav,2.998976,500000,MYLE.zip
MYLE,MYLE-1476478.wav,2.998976,500000,MYLE.zip
MYLE,MYLE-59545219.wav,4.998976,500000,MYLE.zip
MYLE,MYLE-58768908.wav,4.998976,500000,MYLE.zip
MYLE,MYLE-34596048.wav,4.998976,500000,MYLE.zip
MYLE,MYLE-1479952.wav,2.998976,500000,MYLE.zip
MYLE,MYLE-59544917.wav,4.998976,500000,MYLE.zip
MYLE,MYLE-57172047.wav,1.178624,500000,MYLE.zip
MYLE,MYLE-1482287.wav,2.998976,500000,MYLE.zip
MYLE,MYLE-57368949.wav,2.998976,500000,MYLE.zip
MYLE,MYLE-59543749.wav,4.998976,500000,MYLE.zip
MYLE,MYLE-57171720.wav,2.998976,500000,MYLE.zip
MYLE,MYLE-57172038.wav,1.57184,500000,MYLE.zip
MYLE,MYLE-57172213.wav,4.998976,500000,MYLE.zip
MYLE,MYLE-27343300.wav,2.995292,500000,MYLE.zip
MYLE,MYLE-57366000.wav,2.998976,500000,MYLE.zip
MYLE,MYLE-1515823.wav,2.998976,500000,MYLE.zip
MYLE,MYLE-1478934.wav,2.998976,500000,MYLE.zip
MYLE,MYLE-834548.wav,2.998976,500000,MYLE.zip
MYLE,MYLE-58768559.wav,4.998976,500000,MYLE.zip
MYLE,MYLE-1495214.wav,2.998976,500000,MYLE.zip
MYLE,MYLE-27341268.wav,2.995292,500000,MYLE.zip
MYLE,MYLE-1481719.wav,2.998976,500000,MYLE.zip
MYLE,MYLE-27252526.wav,2.995292,500000,MYLE.zip
MYLE,MYLE-1478366.wav,2.998976,500000,MYLE.zip
MYLE,MYLE-1478863.wav,2.998976,500000,MYLE.zip
MYLE,MYLE-34596181.wav,4.998976,500000,MYLE.zip
MYLE,MYLE-59545146.wav,4.998976,500000,MYLE.zip
MYLE,MYLE-27343535.wav,2.995292,500000,MYLE.zip
MYLE,MYLE-57172044.wav,1.309696,500000,MYLE.zip
MYLE,MYLE-2945948.wav,4.995072,500000,MYLE.zip
MYLE,MYLE-57368908.wav,2.998976,500000,MYLE.zip
MYLE,MYLE-57171208.wav,2.998976,500000,MYLE.zip
MYLE,MYLE-57369389.wav,2.998976,500000,MYLE.zip
MYLE,MYLE-58146293.wav,4.998976,500000,MYLE.zip
MYLE,MYLE-57171501.wav,2.998976,500000,MYLE.zip
MYLE,MYLE-27220881.wav,2.998976,500000,MYLE.zip
MYLE,MYLE-57362447.wav,2.998976,500000,MYLE.zip
MYLE,MYLE-57171007.wav,2.998976,500000,MYLE.zip
MYLE,MYLE-59544399.wav,4.998976,500000,MYLE.zip
MYLE,MYLE-1476162.wav,2.998976,500000,MYLE.zip
MYLE,MYLE-57395022.wav,2.995292,500000,MYLE.zip
MYLE,MYLE-34095362.wav,4.998976,500000,MYLE.zip
MYLE,MYLE-25991298.wav,4.998976,500000,MYLE.zip
MYLE,MYLE-1491970.wav,2.998976,500000,MYLE.zip
MYLE,MYLE-1480589.wav,2.998976,500000,MYLE.zip
MYLE,MYLE-1491716.wav,2.998976,500000,MYLE.zip
MYLE,MYLE-277602.wav,2.998976,500000,MYLE.zip
MYLE,MYLE-1502830.wav,2.998976,500000,MYLE.zip
MYLE,MYLE-57390475.wav,2.998976,500000,MYLE.zip
MYLE,MYLE-57395225.wav,2.995292,500000,MYLE.zip
MYLE,MYLE-57172196.wav,4.998976,500000,MYLE.zip
MYLE,MYLE-57389815.wav,2.998976,500000,MYLE.zip
MYLE,MYLE-60111453.wav,3.0,500000,MYLE.zip
MYLE,MYLE-57362187.wav,2.998976,500000,MYLE.zip
MYLE,MYLE-27218940.wav,2.998976,500000,MYLE.zip
MYLE,MYLE-34095593.wav,2.998976,500000,MYLE.zip
MYLE,MYLE-59543804.wav,4.998976,500000,MYLE.zip
MYLE,MYLE-1471380.wav,2.998976,500000,MYLE.zip
MYLE,MYLE-59540676.wav,2.998976,500000,MYLE.zip
MYLE,MYLE-57170562.wav,2.998976,500000,MYLE.zip
MYLE,MYLE-58146696.wav,4.998976,500000,MYLE.zip
MYLE,MYLE-34095344.wav,4.998976,500000,MYLE.zip
MYLE,MYLE-57355254.wav,4.998976,500000,MYLE.zip
MYLE,MYLE-57366057.wav,2.998976,500000,MYLE.zip
MYLE,MYLE-59545139.wav,4.998976,500000,MYLE.zip
MYLE,MYLE-27205651.wav,2.998976,500000,MYLE.zip
MYLE,MYLE-1499997.wav,2.998976,500000,MYLE.zip
MYLE,MYLE-27202945.wav,2.998976,500000,MYLE.zip
MYLE,MYLE-1501351.wav,2.998976,500000,MYLE.zip
MYLE,MYLE-34095361.wav,4.998976,500000,MYLE.zip
MYLE,MYLE-15772.wav,2.998976,500000,MYLE.zip
MYLE,MYLE-25991292.wav,4.998976,500000,MYLE.zip
MYLE,MYLE-58146711.wav,4.998976,500000,MYLE.zip
MYLE,MYLE-57360404.wav,2.998976,500000,MYLE.zip
MYLE,MYLE-57366073.wav,2.998976,500000,MYLE.zip
MYLE,MYLE-57172034.wav,1.702912,500000,MYLE.zip
MYLE,MYLE-1472789.wav,2.998976,500000,MYLE.zip
MYLE,MYLE-2958723.wav,4.995072,500000,MYLE.zip
MYLE,MYLE-1481589.wav,2.998976,500000,MYLE.zip
MYLE,MYLE-34093952.wav,4.998976,500000,MYLE.zip
MYLE,MYLE-26892575.wav,2.998976,500000,MYLE.zip
MYLE,MYLE-57366249.wav,2.998976,500000,MYLE.zip
MYLE,MYLE-57358921.wav,2.998976,500000,MYLE.zip
MYLE,MYLE-2955046.wav,4.995072,500000,MYLE.zip
MYLE,MYLE-1502695.wav,2.998976,500000,MYLE.zip
MYLE,MYLE-34596076.wav,4.998976,500000,MYLE.zip
MYLE,MYLE-1503043.wav,2.998976,500000,MYLE.zip
MYLE,MYLE-2910561.wav,4.995072,500000,MYLE.zip
MYLE,MYLE-33009931.wav,2.998976,500000,MYLE.zip
MYLE,MYLE-59542255.wav,2.998976,500000,MYLE.zip
MYLE,MYLE-57172050.wav,1.047552,500000,MYLE.zip
MYLE,MYLE-57369338.wav,2.998976,500000,MYLE.zip
MYLE,MYLE-59542664.wav,2.998976,500000,MYLE.zip
MYLE,MYLE-57172051.wav,1.047552,500000,MYLE.zip
MYLE,MYLE-27341432.wav,2.995292,500000,MYLE.zip
MYLE,MYLE-34596081.wav,4.998976,500000,MYLE.zip
MYLE,MYLE-34596053.wav,4.998976,500000,MYLE.zip
MYLE,MYLE-1483300.wav,2.998976,500000,MYLE.zip
MYLE,MYLE-33980475.wav,2.998976,500000,MYLE.zip
MYLE,MYLE-57170837.wav,2.998976,500000,MYLE.zip
MYLE,MYLE-1491654.wav,2.998976,500000,MYLE.zip
MYLE,MYLE-57394602.wav,2.995292,500000,MYLE.zip
MYLE,MYLE-15826.wav,2.998976,500000,MYLE.zip
MYLE,MYLE-59543387.wav,2.998976,500000,MYLE.zip
MYLE,MYLE-1478866.wav,2.998976,500000,MYLE.zip
MYLE,MYLE-57172058.wav,0.785408,500000,MYLE.zip
MYLE,MYLE-1488634.wav,2.998976,500000,MYLE.zip
MYLE,MYLE-16008.wav,2.998976,500000,MYLE.zip
MYLE,MYLE-57362006.wav,2.998976,500000,MYLE.zip
MYLE,MYLE-1502244.wav,2.998976,500000,MYLE.zip
MYLE,MYLE-57366056.wav,2.998976,500000,MYLE.zip
MYLE,MYLE-26892611.wav,2.998976,500000,MYLE.zip
MYLE,MYLE-57170994.wav,2.998976,500000,MYLE.zip
MYLE,MYLE-1475711.wav,2.998976,500000,MYLE.zip
MYLE,MYLE-57369082.wav,2.998976,500000,MYLE.zip
MYLE,MYLE-27217441.wav,2.998976,500000,MYLE.zip
MYLE,MYLE-57366038.wav,2.998976,500000,MYLE.zip
MYLE,MYLE-34093930.wav,4.998976,500000,MYLE.zip
MYLE,MYLE-57355294.wav,4.998976,500000,MYLE.zip
MYLE,MYLE-34095545.wav,2.998976,500000,MYLE.zip
MYLE,MYLE-59545281.wav,4.998976,500000,MYLE.zip
MYLE,MYLE-59545362.wav,4.998976,500000,MYLE.zip
MYLE,MYLE-27205647.wav,2.998976,500000,MYLE.zip
MYLE,MYLE-59544013.wav,4.998976,500000,MYLE.zip
MYLE,MYLE-1522170.wav,2.998976,500000,MYLE.zip
MYLE,MYLE-27344517.wav,2.995292,500000,MYLE.zip
MYLE,MYLE-27341181.wav,2.995292,500000,MYLE.zip
MYLE,MYLE-27344487.wav,2.995292,500000,MYLE.zip
MYLE,MYLE-57367615.wav,2.998976,500000,MYLE.zip
MYLE,MYLE-57170645.wav,2.998976,500000,MYLE.zip
MYLE,MYLE-1490080.wav,2.998976,500000,MYLE.zip
MYLE,MYLE-27341702.wav,2.995292,500000,MYLE.zip
MYLE,MYLE-34636242.wav,2.998976,500000,MYLE.zip
MYLE,MYLE-26892558.wav,2.998976,500000,MYLE.zip
MYLE,MYLE-25976884.wav,4.998976,500000,MYLE.zip
MYLE,MYLE-57364700.wav,2.998976,500000,MYLE.zip
MYLE,MYLE-57171747.wav,2.998976,500000,MYLE.zip
MYLE,MYLE-59545310.wav,4.998976,500000,MYLE.zip
MYLE,MYLE-1472205.wav,2.998976,500000,MYLE.zip
MYLE,MYLE-57365988.wav,2.998976,500000,MYLE.zip
MYLE,MYLE-57366036.wav,2.998976,500000,MYLE.zip
MYLE,MYLE-59540812.wav,2.998976,500000,MYLE.zip
MYLE,MYLE-57366052.wav,2.998976,500000,MYLE.zip
MYLE,MYLE-34596196.wav,4.998976,500000,MYLE.zip
MYLE,MYLE-33980492.wav,2.998976,500000,MYLE.zip
MYLE,MYLE-59545183.wav,4.998976,500000,MYLE.zip
MYLE,MYLE-1485801.wav,2.998976,500000,MYLE.zip
MYLE,MYLE-57366042.wav,2.998976,500000,MYLE.zip
MYLE,MYLE-34595645.wav,4.998976,500000,MYLE.zip
MYLE,MYLE-59544455.wav,4.998976,500000,MYLE.zip
MYLE,MYLE-58146322.wav,4.998976,500000,MYLE.zip
MYLE,MYLE-58766903.wav,4.998976,500000,MYLE.zip
MYLE,MYLE-2958152.wav,4.995072,500000,MYLE.zip
MYLE,MYLE-27206016.wav,2.998976,500000,MYLE.zip
MYLE,MYLE-57369253.wav,2.998976,500000,MYLE.zip
MYLE,MYLE-1475519.wav,2.998976,500000,MYLE.zip
MYLE,MYLE-57394716.wav,2.995292,500000,MYLE.zip
MYLE,MYLE-58146305.wav,4.998976,500000,MYLE.zip
MYLE,MYLE-57390186.wav,2.998976,500000,MYLE.zip
MYLE,MYLE-27205662.wav,2.998976,500000,MYLE.zip
MYLE,MYLE-57171088.wav,2.998976,500000,MYLE.zip
MYLE,MYLE-1477485.wav,2.998976,500000,MYLE.zip
MYLE,MYLE-1478300.wav,2.998976,500000,MYLE.zip
MYLE,MYLE-57171086.wav,2.998976,500000,MYLE.zip
MYLE,MYLE-1476481.wav,2.998976,500000,MYLE.zip
MYLE,MYLE-57365999.wav,2.998976,500000,MYLE.zip
MYLE,MYLE-1482671.wav,2.998976,500000,MYLE.zip
MYLE,MYLE-57359279.wav,2.998976,500000,MYLE.zip
MYLE,MYLE-57172055.wav,0.91648,500000,MYLE.zip
MYLE,MYLE-57367559.wav,2.998976,500000,MYLE.zip
MYLE,MYLE-27089933.wav,2.995292,500000,MYLE.zip
MYLE,MYLE-57366252.wav,2.998976,500000,MYLE.zip
MYLE,MYLE-27252307.wav,2.995292,500000,MYLE.zip
MYLE,MYLE-27344421.wav,2.995292,500000,MYLE.zip
MYLE,MYLE-1482160.wav,2.998976,500000,MYLE.zip
MYLE,MYLE-34093956.wav,4.998976,500000,MYLE.zip
MYLE,MYLE-1501616.wav,2.998976,500000,MYLE.zip
MYLE,MYLE-59541799.wav,2.998976,500000,MYLE.zip
MYLE,MYLE-34595643.wav,4.998976,500000,MYLE.zip
MYLE,MYLE-401904.wav,2.998976,500000,MYLE.zip
MYLE,MYLE-57390467.wav,2.998976,500000,MYLE.zip
MYLE,MYLE-34596142.wav,4.998976,500000,MYLE.zip
MYLE,MYLE-57364774.wav,2.998976,500000,MYLE.zip
MYLE,MYLE-27202885.wav,2.998976,500000,MYLE.zip
MYLE,MYLE-59544941.wav,4.998976,500000,MYLE.zip
MYLE,MYLE-60110684.wav,3.0,500000,MYLE.zip
MYLE,MYLE-1479360.wav,2.998976,500000,MYLE.zip
MYLE,MYLE-1484266.wav,2.998976,500000,MYLE.zip
MYLE,MYLE-33980487.wav,2.998976,500000,MYLE.zip
MYLE,MYLE-57173095.wav,4.998976,500000,MYLE.zip
MYLE,MYLE-1472400.wav,2.998976,500000,MYLE.zip
MYLE,MYLE-57367795.wav,2.998976,500000,MYLE.zip
MYLE,MYLE-59542698.wav,2.998976,500000,MYLE.zip
MYLE,MYLE-27205434.wav,2.998976,500000,MYLE.zip
MYLE,MYLE-27145691.wav,2.995292,500000,MYLE.zip
MYLE,MYLE-27217424.wav,2.998976,500000,MYLE.zip
MYLE,MYLE-57394027.wav,2.995292,500000,MYLE.zip
MYLE,MYLE-2948814.wav,4.995072,500000,MYLE.zip
MYLE,MYLE-278156.wav,2.998976,500000,MYLE.zip
MYLE,MYLE-802178.wav,2.998976,500000,MYLE.zip
MYLE,MYLE-27205737.wav,2.998976,500000,MYLE.zip
MYLE,MYLE-25976869.wav,4.998976,500000,MYLE.zip
MYLE,MYLE-1527595.wav,2.998976,500000,MYLE.zip
MYLE,MYLE-57170767.wav,2.998976,500000,MYLE.zip
MYLE,MYLE-59544510.wav,4.998976,500000,MYLE.zip
MYLE,MYLE-851197.wav,2.998976,500000,MYLE.zip
MYLE,MYLE-57367527.wav,2.998976,500000,MYLE.zip
MYLE,MYLE-57394431.wav,2.995292,500000,MYLE.zip
MYLE,MYLE-57363542.wav,2.998976,500000,MYLE.zip
MYLE,MYLE-34635524.wav,2.998976,500000,MYLE.zip
MYLE,MYLE-27205732.wav,2.998976,500000,MYLE.zip
MYLE,MYLE-57364787.wav,2.998976,500000,MYLE.zip
MYLE,MYLE-34596146.wav,4.998976,500000,MYLE.zip
MYLE,MYLE-57366805.wav,2.998976,500000,MYLE.zip
MYLE,MYLE-58766426.wav,4.998976,500000,MYLE.zip
MYLE,MYLE-29942208.wav,2.995292,500000,MYLE.zip
MYLE,MYLE-1493150.wav,2.998976,500000,MYLE.zip
MYLE,MYLE-34596191.wav,4.998976,500000,MYLE.zip
MYLE,MYLE-57364738.wav,2.998976,500000,MYLE.zip
MYLE,MYLE-1476732.wav,2.998976,500000,MYLE.zip
MYLE,MYLE-57363481.wav,2.998976,500000,MYLE.zip
MYLE,MYLE-57360785.wav,2.998976,500000,MYLE.zip
MYLE,MYLE-59545129.wav,4.998976,500000,MYLE.zip
MYLE,MYLE-57172187.wav,4.998976,500000,MYLE.zip
MYLE,MYLE-32999254.wav,2.998976,500000,MYLE.zip
MYLE,MYLE-1480844.wav,2.998976,500000,MYLE.zip
MYLE,MYLE-57172053.wav,1.047552,500000,MYLE.zip
MYLE,MYLE-34596143.wav,4.998976,500000,MYLE.zip
MYLE,MYLE-57364966.wav,2.998976,500000,MYLE.zip
MYLE,MYLE-1502065.wav,2.998976,500000,MYLE.zip
MYLE,MYLE-32997692.wav,2.998976,500000,MYLE.zip
MYLU,MYLU-1369381.wav,2.998976,500000,MYLU.zip
MYLU,MYLU-215727.wav,4.998976,500000,MYLU.zip
MYLU,MYLU-28412518.wav,4.998976,500000,MYLU.zip
MYLU,MYLU-27218225.wav,2.998976,500000,MYLU.zip
MYLU,MYLU-28460377.wav,5.0,192000,MYLU.zip
MYLU,MYLU-55476342.wav,4.998976,500000,MYLU.zip
MYLU,MYLU-29745313.wav,5.0,192000,MYLU.zip
MYLU,MYLU-28452747.wav,5.0,192000,MYLU.zip
MYLU,MYLU-29842386.wav,3.526666666666667,192000,MYLU.zip
MYLU,MYLU-56660623.wav,2.995292,500000,MYLU.zip
MYLU,MYLU-73540066.wav,4.714,256000,MYLU.zip
MYLU,MYLU-2845676.wav,4.999022,500000,MYLU.zip
MYLU,MYLU-3039029.wav,4.999022,500000,MYLU.zip
MYLU,MYLU-28472388.wav,5.0,192000,MYLU.zip
MYLU,MYLU-26700635.wav,7.9872,320000,MYLU.zip
MYLU,MYLU-2278001.wav,4.999333333333333,384000,MYLU.zip
MYLU,MYLU-29960724.wav,5.0,256000,MYLU.zip
MYLU,MYLU-211775.wav,4.998976,500000,MYLU.zip
MYLU,MYLU-3038502.wav,4.999022,500000,MYLU.zip
MYLU,MYLU-73614167.wav,5.004,192000,MYLU.zip
MYLU,MYLU-35018455.wav,2.998976,500000,MYLU.zip
MYLU,MYLU-28993020.wav,5.0,192000,MYLU.zip
MYLU,MYLU-29867410.wav,4.998666666666667,192000,MYLU.zip
MYLU,MYLU-57366079.wav,2.998976,500000,MYLU.zip
MYLU,MYLU-53784074.wav,4.998976,500000,MYLU.zip
MYLU,MYLU-54310156.wav,6.0,384000,MYLU.zip
MYLU,MYLU-57057043.wav,3.927,256000,MYLU.zip
MYLU,MYLU-31606457.wav,4.99992,500000,MYLU.zip
MYLU,MYLU-2072699.wav,4.998976,500000,MYLU.zip
MYLU,MYLU-28347358.wav,6.0,384000,MYLU.zip
MYLU,MYLU-3043700.wav,4.999022,500000,MYLU.zip
MYLU,MYLU-54318969.wav,6.0,384000,MYLU.zip
MYLU,MYLU-2278972.wav,4.999333333333333,384000,MYLU.zip
MYLU,MYLU-28710577.wav,3.372,192000,MYLU.zip
MYLU,MYLU-29831521.wav,5.0,192000,MYLU.zip
MYLU,MYLU-3061254.wav,4.999022,500000,MYLU.zip
MYLU,MYLU-33493520.wav,4.998976,500000,MYLU.zip
MYLU,MYLU-73642584.wav,5.0,256000,MYLU.zip
MYLU,MYLU-3017807.wav,4.999022,500000,MYLU.zip
MYLU,MYLU-2072840.wav,4.998976,500000,MYLU.zip
MYLU,MYLU-13668.wav,6.0,384000,MYLU.zip
MYLU,MYLU-55475973.wav,4.998976,500000,MYLU.zip
MYLU,MYLU-73556286.wav,5.0,256000,MYLU.zip
MYLU,MYLU-31870910.wav,4.99992,500000,MYLU.zip
MYLU,MYLU-28413895.wav,4.998976,500000,MYLU.zip
MYLU,MYLU-2042102.wav,2.905,256000,MYLU.zip
MYLU,MYLU-28505966.wav,5.0,192000,MYLU.zip
MYLU,MYLU-3019472.wav,4.999022,500000,MYLU.zip
MYLU,MYLU-73610624.wav,3.696,256000,MYLU.zip
MYLU,MYLU-3044249.wav,4.999022,500000,MYLU.zip
MYLU,MYLU-31630582.wav,4.99992,500000,MYLU.zip
MYLU,MYLU-29740333.wav,4.998666666666667,192000,MYLU.zip
MYLU,MYLU-29740058.wav,5.0,192000,MYLU.zip
MYLU,MYLU-60111523.wav,3.0,500000,MYLU.zip
MYLU,MYLU-33491354.wav,4.998976,500000,MYLU.zip
MYLU,MYLU-28409787.wav,4.998976,500000,MYLU.zip
MYLU,MYLU-2069851.wav,4.998976,500000,MYLU.zip
MYLU,MYLU-2067986.wav,4.998976,500000,MYLU.zip
MYLU,MYLU-29163668.wav,4.998976,500000,MYLU.zip
MYLU,MYLU-29381220.wav,4.998976,500000,MYLU.zip
MYLU,MYLU-29742919.wav,4.998666666666667,192000,MYLU.zip
MYLU,MYLU-2826163.wav,4.999022,500000,MYLU.zip
MYLU,MYLU-28509456.wav,5.0,192000,MYLU.zip
MYLU,MYLU-29875849.wav,5.004,192000,MYLU.zip
MYLU,MYLU-28484542.wav,5.0,192000,MYLU.zip
MYLU,MYLU-64956884.wav,5.0,500000,MYLU.zip
MYLU,MYLU-73552538.wav,5.0,256000,MYLU.zip
MYLU,MYLU-28544215.wav,5.589333333333333,384000,MYLU.zip
MYLU,MYLU-28484674.wav,5.0,192000,MYLU.zip
MYLU,MYLU-73556043.wav,5.0,256000,MYLU.zip
MYLU,MYLU-28520227.wav,4.728,192000,MYLU.zip
MYLU,MYLU-53843009.wav,4.998976,500000,MYLU.zip
MYLU,MYLU-28844888.wav,4.998976,500000,MYLU.zip
MYLU,MYLU-27218141.wav,2.998976,500000,MYLU.zip
MYLU,MYLU-29743319.wav,3.2346666666666666,192000,MYLU.zip
MYLU,MYLU-29974835.wav,6.564,256000,MYLU.zip
MYLU,MYLU-28492506.wav,5.0,192000,MYLU.zip
MYLU,MYLU-33492150.wav,4.998976,500000,MYLU.zip
MYLU,MYLU-28341772.wav,6.0,384000,MYLU.zip
MYLU,MYLU-31632346.wav,4.99992,500000,MYLU.zip
MYLU,MYLU-64956515.wav,5.0,500000,MYLU.zip
MYLU,MYLU-73533330.wav,2.992,192000,MYLU.zip
MYLU,MYLU-57057056.wav,4.999,256000,MYLU.zip
MYLU,MYLU-29431741.wav,4.998666666666667,192000,MYLU.zip
MYLU,MYLU-3061183.wav,2.999022,500000,MYLU.zip
MYLU,MYLU-29142815.wav,4.998976,500000,MYLU.zip
MYLU,MYLU-53855763.wav,4.999022,500000,MYLU.zip
MYLU,MYLU-55389264.wav,4.998976,500000,MYLU.zip
MYLU,MYLU-28493974.wav,3.7493333333333334,192000,MYLU.zip
MYLU,MYLU-29824781.wav,5.0,192000,MYLU.zip
MYLU,MYLU-73640337.wav,5.0,256000,MYLU.zip
MYLU,MYLU-2072700.wav,4.998976,500000,MYLU.zip
MYLU,MYLU-1349723.wav,4.99837,300000,MYLU.zip
MYLU,MYLU-29780946.wav,4.7785520833333335,192000,MYLU.zip
MYLU,MYLU-28485169.wav,4.989333333333334,192000,MYLU.zip
MYLU,MYLU-32885704.wav,6.926,256000,MYLU.zip
MYLU,MYLU-2888823.wav,4.995072,500000,MYLU.zip
MYLU,MYLU-1551613.wav,6.876,256000,MYLU.zip
MYLU,MYLU-33980466.wav,2.998976,500000,MYLU.zip
MYLU,MYLU-29718434.wav,4.998666666666667,192000,MYLU.zip
MYLU,MYLU-2808303.wav,4.999022,500000,MYLU.zip
MYLU,MYLU-28348652.wav,6.0,384000,MYLU.zip
MYLU,MYLU-1941926.wav,2.998976,500000,MYLU.zip
MYLU,MYLU-29364032.wav,4.998976,500000,MYLU.zip
MYLU,MYLU-54310992.wav,5.705333333333333,384000,MYLU.zip
MYLU,MYLU-64878448.wav,3.0,500000,MYLU.zip
MYLU,MYLU-29345439.wav,4.998976,500000,MYLU.zip
MYLU,MYLU-55476075.wav,4.998976,500000,MYLU.zip
MYLU,MYLU-28460191.wav,5.0,192000,MYLU.zip
MYLU,MYLU-35541521.wav,6.0,256000,MYLU.zip
MYLU,MYLU-73556638.wav,5.0,256000,MYLU.zip
MYLU,MYLU-29680500.wav,5.0,192000,MYLU.zip
MYLU,MYLU-35018537.wav,2.998976,500000,MYLU.zip
MYLU,MYLU-2873420.wav,6.016,320000,MYLU.zip
MYLU,MYLU-29718727.wav,4.998666666666667,192000,MYLU.zip
MYLU,MYLU-28495433.wav,5.0,192000,MYLU.zip
MYLU,MYLU-29766747.wav,5.0,192000,MYLU.zip
MYLU,MYLU-2880217.wav,5.0,256000,MYLU.zip
MYLU,MYLU-2870822.wav,2.999022,500000,MYLU.zip
MYLU,MYLU-64951834.wav,6.0,384000,MYLU.zip
MYLU,MYLU-73559117.wav,5.0,256000,MYLU.zip
MYLU,MYLU-29926832.wav,4.199,256000,MYLU.zip
MYLU,MYLU-2000133.wav,6.0,384000,MYLU.zip
MYLU,MYLU-29288306.wav,5.004,192000,MYLU.zip
MYLU,MYLU-2877648.wav,5.0,256000,MYLU.zip
MYLU,MYLU-29974360.wav,6.977,256000,MYLU.zip
MYLU,MYLU-28478590.wav,5.0,192000,MYLU.zip
MYLU,MYLU-29848265.wav,5.004,192000,MYLU.zip
MYLU,MYLU-28340707.wav,4.998976,500000,MYLU.zip
MYLU,MYLU-29295939.wav,3.864,192000,MYLU.zip
MYLU,MYLU-28978785.wav,4.998976,500000,MYLU.zip
MYLU,MYLU-2879308.wav,5.0,256000,MYLU.zip
MYLU,MYLU-29721032.wav,5.0,192000,MYLU.zip
MYLU,MYLU-31644743.wav,4.99992,500000,MYLU.zip
MYLU,MYLU-29288827.wav,5.0,192000,MYLU.zip
MYLU,MYLU-28491839.wav,3.4426666666666668,192000,MYLU.zip
MYLU,MYLU-53784123.wav,4.998976,500000,MYLU.zip
MYLU,MYLU-29764563.wav,4.1,192000,MYLU.zip
MYLU,MYLU-53854012.wav,4.998976,500000,MYLU.zip
MYLU,MYLU-73628321.wav,3.232,256000,MYLU.zip
MYLU,MYLU-2639332.wav,4.998976,500000,MYLU.zip
MYLU,MYLU-73588244.wav,4.999,256000,MYLU.zip
MYLU,MYLU-29739213.wav,4.998666666666667,192000,MYLU.zip
MYLU,MYLU-1949435.wav,4.999,256000,MYLU.zip
MYLU,MYLU-26689017.wav,6.253333333333333,192000,MYLU.zip
MYLU,MYLU-29046180.wav,4.998976,500000,MYLU.zip
MYLU,MYLU-2154010.wav,6.0,384000,MYLU.zip
MYLU,MYLU-31630759.wav,4.99992,500000,MYLU.zip
MYLU,MYLU-28312141.wav,4.278666666666667,192000,MYLU.zip
MYLU,MYLU-34596500.wav,4.998976,500000,MYLU.zip
MYLU,MYLU-29295713.wav,5.0,192000,MYLU.zip
MYLU,MYLU-29865015.wav,5.0,192000,MYLU.zip
MYLU,MYLU-29718288.wav,4.998666666666667,192000,MYLU.zip
MYLU,MYLU-33492507.wav,4.998976,500000,MYLU.zip
MYLU,MYLU-31631955.wav,4.99992,500000,MYLU.zip
MYLU,MYLU-33492368.wav,4.998976,500000,MYLU.zip
MYLU,MYLU-54092518.wav,1.006,256000,MYLU.zip
MYLU,MYLU-2879267.wav,4.324,256000,MYLU.zip
MYLU,MYLU-28509473.wav,5.0,192000,MYLU.zip
MYLU,MYLU-55475862.wav,2.998976,500000,MYLU.zip
MYLU,MYLU-73536815.wav,5.004,192000,MYLU.zip
MYLU,MYLU-29786819.wav,5.0,192000,MYLU.zip
MYLU,MYLU-31843925.wav,4.99992,500000,MYLU.zip
MYLU,MYLU-28487049.wav,2.8133333333333335,192000,MYLU.zip
MYLU,MYLU-53783593.wav,4.998976,500000,MYLU.zip
MYLU,MYLU-28461639.wav,5.0,192000,MYLU.zip
MYLU,MYLU-73577764.wav,5.004,192000,MYLU.zip
MYLU,MYLU-28516558.wav,4.608,192000,MYLU.zip
MYLU,MYLU-57347340.wav,4.998976,500000,MYLU.zip
MYLU,MYLU-28316896.wav,5.0,192000,MYLU.zip
MYLU,MYLU-28492507.wav,5.0,192000,MYLU.zip
MYLU,MYLU-28345543.wav,6.0,384000,MYLU.zip
MYLU,MYLU-28519971.wav,5.0,192000,MYLU.zip
MYLU,MYLU-54319795.wav,6.0,384000,MYLU.zip
MYLU,MYLU-36371676.wav,1.325,256000,MYLU.zip
MYLU,MYLU-31615506.wav,4.99992,500000,MYLU.zip
MYLU,MYLU-73643136.wav,5.0,256000,MYLU.zip
MYLU,MYLU-29296147.wav,5.0,192000,MYLU.zip
MYLU,MYLU-73613880.wav,5.004,192000,MYLU.zip
MYLU,MYLU-29768609.wav,4.998666666666667,192000,MYLU.zip
MYLU,MYLU-31636849.wav,4.99992,500000,MYLU.zip
MYLU,MYLU-73613881.wav,4.82,192000,MYLU.zip
MYLU,MYLU-73556335.wav,5.0,256000,MYLU.zip
MYLU,MYLU-32046539.wav,6.0,384000,MYLU.zip
MYLU,MYLU-28357189.wav,4.998976,500000,MYLU.zip
MYLU,MYLU-29926372.wav,3.552,256000,MYLU.zip
MYLU,MYLU-60111781.wav,3.0,500000,MYLU.zip
MYLU,MYLU-57364881.wav,2.998976,500000,MYLU.zip
MYLU,MYLU-58044589.wav,6.010666666666666,384000,MYLU.zip
MYLU,MYLU-28491989.wav,5.0,192000,MYLU.zip
MYLU,MYLU-31849262.wav,4.99992,500000,MYLU.zip
MYLU,MYLU-2884616.wav,6.016,320000,MYLU.zip
MYLU,MYLU-28622949.wav,6.0,384000,MYLU.zip
MYLU,MYLU-53645901.wav,3.612,256000,MYLU.zip
MYLU,MYLU-33493453.wav,4.998976,500000,MYLU.zip
MYLU,MYLU-2069423.wav,4.998976,500000,MYLU.zip
MYLU,MYLU-73566658.wav,5.004,192000,MYLU.zip
MYLU,MYLU-28484650.wav,5.0,192000,MYLU.zip
MYLU,MYLU-73638134.wav,5.0,256000,MYLU.zip
MYLU,MYLU-32882213.wav,7.108,256000,MYLU.zip
MYLU,MYLU-28993398.wav,3.516,192000,MYLU.zip
MYLU,MYLU-28460201.wav,5.0,192000,MYLU.zip
MYLU,MYLU-57366114.wav,2.998976,500000,MYLU.zip
MYLU,MYLU-2072847.wav,4.998976,500000,MYLU.zip
MYLU,MYLU-28421523.wav,4.998976,500000,MYLU.zip
MYLU,MYLU-57361644.wav,2.998976,500000,MYLU.zip
MYLU,MYLU-2039228.wav,3.089,256000,MYLU.zip
MYLU,MYLU-29835906.wav,4.465333333333334,192000,MYLU.zip
MYLU,MYLU-28348694.wav,6.0,384000,MYLU.zip
MYLU,MYLU-55476539.wav,4.998976,500000,MYLU.zip
MYLU,MYLU-28337691.wav,6.639,256000,MYLU.zip
MYLU,MYLU-60111352.wav,3.0,500000,MYLU.zip
MYLU,MYLU-2579179.wav,4.998976,500000,MYLU.zip
MYLU,MYLU-64861153.wav,5.0,500000,MYLU.zip
MYLU,MYLU-29784526.wav,5.0,192000,MYLU.zip
MYLU,MYLU-73636520.wav,5.004,192000,MYLU.zip
MYLU,MYLU-481211.wav,6.376,256000,MYLU.zip
MYLU,MYLU-195026.wav,7.936,256000,MYLU.zip
MYLU,MYLU-2721182.wav,6.016,320000,MYLU.zip
MYLU,MYLU-3063275.wav,4.999022,500000,MYLU.zip
MYLU,MYLU-28519167.wav,5.0,192000,MYLU.zip
MYLU,MYLU-28445702.wav,4.253333333333333,192000,MYLU.zip
MYLU,MYLU-56652004.wav,6.0,384000,MYLU.zip
MYLU,MYLU-29345436.wav,4.998976,500000,MYLU.zip
MYLU,MYLU-56648443.wav,6.0,384000,MYLU.zip
MYLU,MYLU-29740208.wav,4.998666666666667,192000,MYLU.zip
MYLU,MYLU-57099906.wav,4.998976,500000,MYLU.zip
MYLU,MYLU-3057753.wav,4.999022,500000,MYLU.zip
MYLU,MYLU-28598516.wav,6.0,384000,MYLU.zip
MYLU,MYLU-31634189.wav,4.99992,500000,MYLU.zip
MYLU,MYLU-73584876.wav,5.0,256000,MYLU.zip
MYLU,MYLU-29873257.wav,5.004,192000,MYLU.zip
MYLU,MYLU-73551591.wav,3.03,256000,MYLU.zip
MYLU,MYLU-31849473.wav,4.99992,500000,MYLU.zip
MYLU,MYLU-54319590.wav,6.0,384000,MYLU.zip
MYLU,MYLU-55389073.wav,4.998976,500000,MYLU.zip
MYLU,MYLU-33491671.wav,4.998976,500000,MYLU.zip
MYLU,MYLU-57056974.wav,3.04,256000,MYLU.zip
MYLU,MYLU-29867108.wav,4.998666666666667,192000,MYLU.zip
MYLU,MYLU-31607903.wav,4.99992,500000,MYLU.zip
MYLU,MYLU-28422431.wav,4.998976,500000,MYLU.zip
MYLU,MYLU-55406927.wav,4.02,256000,MYLU.zip
MYLU,MYLU-28395169.wav,6.0,384000,MYLU.zip
MYLU,MYLU-28464675.wav,4.536,192000,MYLU.zip
MYLU,MYLU-57099680.wav,4.998976,500000,MYLU.zip
MYLU,MYLU-55388128.wav,4.998976,500000,MYLU.zip
MYLU,MYLU-31850141.wav,4.99992,500000,MYLU.zip
MYLU,MYLU-29317366.wav,5.004,192000,MYLU.zip
MYLU,MYLU-29834301.wav,5.0,192000,MYLU.zip
MYLU,MYLU-54127774.wav,1.592,256000,MYLU.zip
MYLU,MYLU-1950489.wav,3.561,256000,MYLU.zip
MYLU,MYLU-27220862.wav,2.998976,500000,MYLU.zip
MYLU,MYLU-29281599.wav,4.998666666666667,192000,MYLU.zip
MYLU,MYLU-57365943.wav,2.998976,500000,MYLU.zip
MYLU,MYLU-53859669.wav,4.998976,500000,MYLU.zip
MYLU,MYLU-33490574.wav,4.998976,500000,MYLU.zip
MYLU,MYLU-55351878.wav,5.64,384000,MYLU.zip
MYLU,MYLU-28290906.wav,5.0,192000,MYLU.zip
MYLU,MYLU-2876892.wav,3.166,256000,MYLU.zip
MYLU,MYLU-73566441.wav,5.004,192000,MYLU.zip
MYLU,MYLU-27206044.wav,2.998976,500000,MYLU.zip
MYLU,MYLU-33493227.wav,2.998976,500000,MYLU.zip
MYLU,MYLU-31709693.wav,4.99992,500000,MYLU.zip
MYLU,MYLU-13109796.wav,4.998976,500000,MYLU.zip
MYLU,MYLU-73544754.wav,5.0,256000,MYLU.zip
MYLU,MYLU-28983281.wav,4.998666666666667,192000,MYLU.zip
MYLU,MYLU-28460261.wav,5.0,192000,MYLU.zip
MYLU,MYLU-1944114.wav,2.998976,500000,MYLU.zip
MYLU,MYLU-28844891.wav,4.998976,500000,MYLU.zip
MYLU,MYLU-33431745.wav,7.144,256000,MYLU.zip
MYLU,MYLU-60447278.wav,4.861,256000,MYLU.zip
MYLU,MYLU-56650610.wav,6.0,384000,MYLU.zip
MYLU,MYLU-34095696.wav,2.998976,500000,MYLU.zip
MYLU,MYLU-2872454.wav,6.016,320000,MYLU.zip
MYLU,MYLU-53645961.wav,3.058,256000,MYLU.zip
MYLU,MYLU-31625030.wav,4.99992,500000,MYLU.zip
MYLU,MYLU-2037570.wav,4.999,256000,MYLU.zip
MYLU,MYLU-57387735.wav,0.995292,500000,MYLU.zip
MYLU,MYLU-73643038.wav,5.0,256000,MYLU.zip
MYLU,MYLU-55407998.wav,3.928,256000,MYLU.zip
MYLU,MYLU-31870906.wav,4.99992,500000,MYLU.zip
MYLU,MYLU-60294971.wav,5.0,500000,MYLU.zip
MYLU,MYLU-33599560.wav,6.0,384000,MYLU.zip
MYLU,MYLU-29855558.wav,4.998666666666667,192000,MYLU.zip
MYLU,MYLU-73635792.wav,5.004,192000,MYLU.zip
MYLU,MYLU-64878866.wav,5.0,500000,MYLU.zip
MYLU,MYLU-53855202.wav,4.999022,500000,MYLU.zip
MYLU,MYLU-480382.wav,5.218,256000,MYLU.zip
MYLU,MYLU-29288617.wav,5.0,192000,MYLU.zip
MYLU,MYLU-53854529.wav,4.998976,500000,MYLU.zip
MYLU,MYLU-29718605.wav,4.998666666666667,192000,MYLU.zip
MYLU,MYLU-73643141.wav,2.966,256000,MYLU.zip
MYLU,MYLU-29295965.wav,5.004,192000,MYLU.zip
MYLU,MYLU-54316108.wav,6.0,384000,MYLU.zip
MYLU,MYLU-57361628.wav,2.998976,500000,MYLU.zip
MYLU,MYLU-2879258.wav,3.15,256000,MYLU.zip
MYLU,MYLU-64892569.wav,5.0,500000,MYLU.zip
MYLU,MYLU-57347339.wav,4.998976,500000,MYLU.zip
MYLU,MYLU-57360644.wav,2.998976,500000,MYLU.zip
MYLU,MYLU-54310699.wav,6.0,384000,MYLU.zip
MYLU,MYLU-1559089.wav,7.842,256000,MYLU.zip
MYLU,MYLU-55385078.wav,4.998976,500000,MYLU.zip
MYLU,MYLU-28461548.wav,5.0,192000,MYLU.zip
MYLU,MYLU-32059577.wav,6.0,384000,MYLU.zip
MYLU,MYLU-57347342.wav,4.998976,500000,MYLU.zip
MYLU,MYLU-73552615.wav,5.0,256000,MYLU.zip
MYLU,MYLU-29856570.wav,4.998666666666667,192000,MYLU.zip
MYLU,MYLU-29617141.wav,4.998666666666667,192000,MYLU.zip
MYLU,MYLU-55476379.wav,4.998976,500000,MYLU.zip
MYLU,MYLU-31843239.wav,4.99992,500000,MYLU.zip
MYLU,MYLU-28558624.wav,6.0,384000,MYLU.zip
MYLU,MYLU-28327260.wav,4.998976,500000,MYLU.zip
MYLU,MYLU-28339736.wav,6.0,384000,MYLU.zip
MYLU,MYLU-53855747.wav,4.999022,500000,MYLU.zip
MYLU,MYLU-28391716.wav,4.998976,500000,MYLU.zip
MYLU,MYLU-73634509.wav,3.429333333333333,192000,MYLU.zip
MYLU,MYLU-53854390.wav,4.998976,500000,MYLU.zip
MYLU,MYLU-29362863.wav,4.998976,500000,MYLU.zip
MYLU,MYLU-53854316.wav,4.998976,500000,MYLU.zip
MYLU,MYLU-56651001.wav,6.0,384000,MYLU.zip
MYLU,MYLU-28978412.wav,4.998976,500000,MYLU.zip
MYLU,MYLU-1557190.wav,6.018,256000,MYLU.zip
MYLU,MYLU-73541210.wav,5.0,256000,MYLU.zip
MYLU,MYLU-28842984.wav,5.004,192000,MYLU.zip
MYLU,MYLU-29767471.wav,5.0,192000,MYLU.zip
MYLU,MYLU-28485666.wav,5.0,192000,MYLU.zip
MYLU,MYLU-29311056.wav,4.216,192000,MYLU.zip
MYLU,MYLU-29960766.wav,5.0,256000,MYLU.zip
MYLU,MYLU-29717913.wav,3.896,192000,MYLU.zip
MYLU,MYLU-28710745.wav,4.204,192000,MYLU.zip
MYLU,MYLU-28492048.wav,5.0,192000,MYLU.zip
MYLU,MYLU-28475037.wav,5.0,192000,MYLU.zip
MYLU,MYLU-73642914.wav,5.0,256000,MYLU.zip
MYLU,MYLU-2579259.wav,4.998976,500000,MYLU.zip
MYLU,MYLU-29792787.wav,4.8933333333333335,192000,MYLU.zip
MYLU,MYLU-33493279.wav,2.998976,500000,MYLU.zip
MYLU,MYLU-29012188.wav,4.998976,500000,MYLU.zip
MYLU,MYLU-73551859.wav,2.862,256000,MYLU.zip
MYLU,MYLU-28464891.wav,5.0,192000,MYLU.zip
MYLU,MYLU-57099488.wav,4.998976,500000,MYLU.zip
MYLU,MYLU-29768242.wav,4.453333333333333,192000,MYLU.zip
MYLU,MYLU-3052782.wav,4.999022,500000,MYLU.zip
MYLU,MYLU-29769522.wav,5.0,192000,MYLU.zip
MYLU,MYLU-29822017.wav,5.0,192000,MYLU.zip
MYLU,MYLU-33490632.wav,4.998976,500000,MYLU.zip
MYLU,MYLU-29785057.wav,3.2933333333333334,192000,MYLU.zip
MYLU,MYLU-73616457.wav,5.0,256000,MYLU.zip
MYLU,MYLU-28466187.wav,5.0,192000,MYLU.zip
MYLU,MYLU-2880099.wav,5.0,256000,MYLU.zip
MYLU,MYLU-73595881.wav,5.0,256000,MYLU.zip
MYLU,MYLU-1369378.wav,2.998976,500000,MYLU.zip
MYLU,MYLU-28993821.wav,4.428,192000,MYLU.zip
MYLU,MYLU-73543560.wav,5.0,256000,MYLU.zip
MYLU,MYLU-401970.wav,2.998976,500000,MYLU.zip
MYLU,MYLU-28977717.wav,4.998976,500000,MYLU.zip
MYLU,MYLU-28303725.wav,5.0,192000,MYLU.zip
MYLU,MYLU-2075612.wav,5.604,384000,MYLU.zip
MYLU,MYLU-54310236.wav,6.0,384000,MYLU.zip
MYLU,MYLU-35541096.wav,5.314,256000,MYLU.zip
MYLU,MYLU-73584607.wav,4.992,256000,MYLU.zip
MYLU,MYLU-28421937.wav,4.998976,500000,MYLU.zip
MYLU,MYLU-56651166.wav,6.0,384000,MYLU.zip
MYLU,MYLU-29782370.wav,5.0,192000,MYLU.zip
MYLU,MYLU-60295060.wav,5.0,500000,MYLU.zip
MYLU,MYLU-54316110.wav,6.0,384000,MYLU.zip
MYLU,MYLU-53869491.wav,4.998976,500000,MYLU.zip
MYLU,MYLU-33492209.wav,4.998976,500000,MYLU.zip
MYLU,MYLU-2806393.wav,4.999022,500000,MYLU.zip
MYLU,MYLU-31633207.wav,4.99992,500000,MYLU.zip
MYLU,MYLU-29834373.wav,5.0,192000,MYLU.zip
MYLU,MYLU-56678214.wav,2.995292,500000,MYLU.zip
MYLU,MYLU-2069416.wav,4.998976,500000,MYLU.zip
MYLU,MYLU-32048378.wav,6.0,384000,MYLU.zip
MYLU,MYLU-2405304.wav,4.998976,500000,MYLU.zip
MYLU,MYLU-56651994.wav,6.0,384000,MYLU.zip
MYLU,MYLU-32060934.wav,5.56,384000,MYLU.zip
MYLU,MYLU-29295838.wav,5.0,192000,MYLU.zip
MYLU,MYLU-31625745.wav,4.99992,500000,MYLU.zip
MYLU,MYLU-145316.wav,4.998976,500000,MYLU.zip
MYLU,MYLU-60294972.wav,5.0,500000,MYLU.zip
MYLU,MYLU-29295308.wav,5.0,192000,MYLU.zip
MYLU,MYLU-310739.wav,4.998976,500000,MYLU.zip
MYLU,MYLU-57057231.wav,4.999,256000,MYLU.zip
MYLU,MYLU-53855042.wav,4.999022,500000,MYLU.zip
MYLU,MYLU-2888237.wav,4.995072,500000,MYLU.zip
MYLU,MYLU-2043180.wav,4.999,256000,MYLU.zip
MYLU,MYLU-54323632.wav,4.73,256000,MYLU.zip
MYLU,MYLU-73642957.wav,5.0,256000,MYLU.zip
MYLU,MYLU-33484960.wav,6.136,256000,MYLU.zip
MYLU,MYLU-29875929.wav,5.004,192000,MYLU.zip
MYLU,MYLU-1942698.wav,2.998976,500000,MYLU.zip
MYLU,MYLU-29740320.wav,4.7785520833333335,192000,MYLU.zip
MYLU,MYLU-2626180.wav,4.998976,500000,MYLU.zip
MYLU,MYLU-53850303.wav,4.998976,500000,MYLU.zip
MYLU,MYLU-3036642.wav,4.999022,500000,MYLU.zip
MYLU,MYLU-57361618.wav,2.998976,500000,MYLU.zip
MYLU,MYLU-33493243.wav,2.998976,500000,MYLU.zip
MYLU,MYLU-29618541.wav,4.998666666666667,192000,MYLU.zip
MYLU,MYLU-29327426.wav,5.0,192000,MYLU.zip
MYLU,MYLU-57172364.wav,4.998976,500000,MYLU.zip
MYLU,MYLU-31862618.wav,4.99992,500000,MYLU.zip
MYLU,MYLU-31849670.wav,4.99992,500000,MYLU.zip
MYLU,MYLU-29841543.wav,3.728,192000,MYLU.zip
MYLU,MYLU-32920703.wav,2.632,256000,MYLU.zip
MYLU,MYLU-57366088.wav,2.998976,500000,MYLU.zip
MYLU,MYLU-55389207.wav,4.998976,500000,MYLU.zip
MYLU,MYLU-26688580.wav,5.846666666666667,192000,MYLU.zip
MYLU,MYLU-55351867.wav,6.0,384000,MYLU.zip
MYLU,MYLU-29694565.wav,3.673333333333334,192000,MYLU.zip
MYLU,MYLU-73590474.wav,4.31,256000,MYLU.zip
MYLU,MYLU-2000971.wav,6.0,384000,MYLU.zip
MYLU,MYLU-29822342.wav,5.0,192000,MYLU.zip
MYLU,MYLU-28978743.wav,4.998976,500000,MYLU.zip
MYLU,MYLU-32885705.wav,5.736,256000,MYLU.zip
MYLU,MYLU-53842820.wav,4.998976,500000,MYLU.zip
MYLU,MYLU-28844885.wav,4.998976,500000,MYLU.zip
MYLU,MYLU-55386696.wav,4.998976,500000,MYLU.zip
MYLU,MYLU-56338265.wav,4.11,256000,MYLU.zip
MYLU,MYLU-29974834.wav,7.487,256000,MYLU.zip
MYLU,MYLU-54309398.wav,6.0,384000,MYLU.zip
MYLU,MYLU-31843450.wav,4.99992,500000,MYLU.zip
MYLU,MYLU-60294771.wav,5.0,500000,MYLU.zip
MYLU,MYLU-29788723.wav,3.5693333333333332,192000,MYLU.zip
MYLU,MYLU-73542355.wav,5.0,256000,MYLU.zip
MYLU,MYLU-73586218.wav,5.0,256000,MYLU.zip
MYLU,MYLU-28322833.wav,4.998976,500000,MYLU.zip
MYLU,MYLU-26688224.wav,7.038666666666667,192000,MYLU.zip
MYLU,MYLU-26688447.wav,5.142666666666667,192000,MYLU.zip
MYLU,MYLU-28481576.wav,3.8613333333333335,192000,MYLU.zip
MYLU,MYLU-1510941.wav,4.998976,500000,MYLU.zip
MYLU,MYLU-53866411.wav,4.998976,500000,MYLU.zip
MYLU,MYLU-28558328.wav,6.0,384000,MYLU.zip
MYLU,MYLU-55407994.wav,5.0,256000,MYLU.zip
MYLU,MYLU-55385355.wav,4.998976,500000,MYLU.zip
MYLU,MYLU-12631700.wav,4.998976,500000,MYLU.zip
MYLU,MYLU-29841567.wav,3.0693333333333332,192000,MYLU.zip
MYLU,MYLU-3028435.wav,4.999022,500000,MYLU.zip
MYLU,MYLU-33989361.wav,4.998666666666667,192000,MYLU.zip
MYLU,MYLU-29287571.wav,5.004,192000,MYLU.zip
MYLU,MYLU-29394237.wav,5.0,192000,MYLU.zip
MYLU,MYLU-55478744.wav,2.998976,500000,MYLU.zip
MYLU,MYLU-55388504.wav,4.998976,500000,MYLU.zip
MYLU,MYLU-27205388.wav,2.998976,500000,MYLU.zip
MYLU,MYLU-33980496.wav,2.998976,500000,MYLU.zip
MYLU,MYLU-28977637.wav,4.998976,500000,MYLU.zip
MYLU,MYLU-28270275.wav,2.776,192000,MYLU.zip
MYLU,MYLU-64878864.wav,5.0,500000,MYLU.zip
MYLU,MYLU-73595908.wav,5.0,256000,MYLU.zip
MYLU,MYLU-57347343.wav,4.998976,500000,MYLU.zip
MYLU,MYLU-53645960.wav,2.896,256000,MYLU.zip
MYLU,MYLU-1942229.wav,4.999022,500000,MYLU.zip
MYLU,MYLU-26687546.wav,5.004,192000,MYLU.zip
MYLU,MYLU-56660746.wav,2.995292,500000,MYLU.zip
MYLU,MYLU-1939987.wav,4.999022,500000,MYLU.zip
MYLU,MYLU-73545240.wav,4.208,256000,MYLU.zip
MYLU,MYLU-29337870.wav,2.8453333333333335,192000,MYLU.zip
MYLU,MYLU-28477553.wav,5.0,192000,MYLU.zip
MYLU,MYLU-192990.wav,3.862,256000,MYLU.zip
MYLU,MYLU-56189991.wav,4.738,256000,MYLU.zip
MYLU,MYLU-33492328.wav,4.998976,500000,MYLU.zip
MYLU,MYLU-56656056.wav,2.995292,500000,MYLU.zip
MYLU,MYLU-1942243.wav,4.999022,500000,MYLU.zip
MYLU,MYLU-28483634.wav,5.0,192000,MYLU.zip
MYLU,MYLU-1369376.wav,2.998976,500000,MYLU.zip
MYLU,MYLU-29322305.wav,5.0,192000,MYLU.zip
MYLU,MYLU-55408002.wav,4.168,256000,MYLU.zip
MYLU,MYLU-1351148.wav,4.99837,300000,MYLU.zip
MYLU,MYLU-55384789.wav,4.998976,500000,MYLU.zip
MYLU,MYLU-29300773.wav,4.998976,500000,MYLU.zip
MYLU,MYLU-29149136.wav,4.998976,500000,MYLU.zip
MYLU,MYLU-30585301.wav,4.998976,500000,MYLU.zip
MYLU,MYLU-56189992.wav,3.466,256000,MYLU.zip
MYLU,MYLU-29858739.wav,4.998666666666667,192000,MYLU.zip
MYLU,MYLU-73635228.wav,5.004,192000,MYLU.zip
MYLU,MYLU-29718650.wav,4.998666666666667,192000,MYLU.zip
MYLU,MYLU-28864463.wav,4.998976,500000,MYLU.zip
MYLU,MYLU-57365878.wav,2.998976,500000,MYLU.zip
MYLU,MYLU-60359394.wav,2.998976,500000,MYLU.zip
MYLU,MYLU-26700632.wav,8.0128,320000,MYLU.zip
MYLU,MYLU-28520576.wav,5.0,192000,MYLU.zip
MYLU,MYLU-28989184.wav,4.998666666666667,192000,MYLU.zip
MYLU,MYLU-73542661.wav,5.0,256000,MYLU.zip
MYLU,MYLU-29214173.wav,4.998976,500000,MYLU.zip
MYLU,MYLU-28844890.wav,4.998976,500000,MYLU.zip
MYLU,MYLU-60451030.wav,3.132,256000,MYLU.zip
MYLU,MYLU-73552099.wav,5.0,256000,MYLU.zip
MYLU,MYLU-57370324.wav,2.998976,500000,MYLU.zip
MYLU,MYLU-58043845.wav,6.270666666666667,384000,MYLU.zip
MYLU,MYLU-2900872.wav,4.995072,500000,MYLU.zip
MYLU,MYLU-2267628.wav,3.4926666666666666,384000,MYLU.zip
MYLU,MYLU-33621971.wav,4.998976,500000,MYLU.zip
MYLU,MYLU-29859166.wav,4.998666666666667,192000,MYLU.zip
MYLU,MYLU-64897925.wav,5.0,500000,MYLU.zip
MYLU,MYLU-1555592.wav,6.918,256000,MYLU.zip
MYLU,MYLU-29842382.wav,2.5853333333333333,192000,MYLU.zip
MYLU,MYLU-26686902.wav,5.550666666666666,192000,MYLU.zip
MYLU,MYLU-33484132.wav,6.47,256000,MYLU.zip
MYLU,MYLU-55351644.wav,6.0,384000,MYLU.zip
MYLU,MYLU-32062945.wav,5.2973333333333334,384000,MYLU.zip
MYLU,MYLU-2879261.wav,3.56,256000,MYLU.zip
MYLU,MYLU-29780448.wav,5.0,192000,MYLU.zip
MYLU,MYLU-73552583.wav,5.0,256000,MYLU.zip
MYLU,MYLU-28504267.wav,5.0,192000,MYLU.zip
MYLU,MYLU-29867584.wav,4.998666666666667,192000,MYLU.zip
MYLU,MYLU-29965034.wav,4.206,256000,MYLU.zip
MYLU,MYLU-29797491.wav,3.6266666666666665,192000,MYLU.zip
MYLU,MYLU-73634517.wav,2.992,192000,MYLU.zip
MYLU,MYLU-29854918.wav,4.141333333333334,192000,MYLU.zip
MYLU,MYLU-55475977.wav,4.998976,500000,MYLU.zip
MYLU,MYLU-73628021.wav,5.0,256000,MYLU.zip
MYLU,MYLU-3040652.wav,4.999022,500000,MYLU.zip
MYLU,MYLU-29720817.wav,5.0,192000,MYLU.zip
MYLU,MYLU-2072702.wav,4.998976,500000,MYLU.zip
MYLU,MYLU-64878865.wav,5.0,500000,MYLU.zip
MYLU,MYLU-31655948.wav,4.99992,500000,MYLU.zip
MYLU,MYLU-28482340.wav,5.0,192000,MYLU.zip
MYLU,MYLU-33490306.wav,4.998976,500000,MYLU.zip
MYLU,MYLU-26689544.wav,5.613333333333333,192000,MYLU.zip
MYLU,MYLU-29163665.wav,4.998976,500000,MYLU.zip
MYLU,MYLU-53787059.wav,4.998976,500000,MYLU.zip
MYLU,MYLU-73579879.wav,2.0866666666666664,192000,MYLU.zip
MYLU,MYLU-29163669.wav,4.998976,500000,MYLU.zip
MYLU,MYLU-73556607.wav,5.0,256000,MYLU.zip
MYLU,MYLU-28270712.wav,6.0,384000,MYLU.zip
MYLU,MYLU-28978783.wav,4.998976,500000,MYLU.zip
MYLU,MYLU-73642063.wav,4.999,256000,MYLU.zip
MYLU,MYLU-28483229.wav,5.0,192000,MYLU.zip
MYLU,MYLU-29012717.wav,4.998976,500000,MYLU.zip
MYLU,MYLU-26687068.wav,7.457333333333334,192000,MYLU.zip
MYLU,MYLU-29825695.wav,5.0,192000,MYLU.zip
MYLU,MYLU-60111778.wav,3.0,500000,MYLU.zip
MYLU,MYLU-28460464.wav,5.0,192000,MYLU.zip
MYLU,MYLU-54318427.wav,6.0,384000,MYLU.zip
MYLU,MYLU-3059304.wav,4.999022,500000,MYLU.zip
MYLU,MYLU-53855195.wav,4.999022,500000,MYLU.zip
MYLU,MYLU-29855803.wav,4.998666666666667,192000,MYLU.zip
MYLU,MYLU-29396516.wav,3.63,256000,MYLU.zip
MYLU,MYLU-73513868.wav,5.0,256000,MYLU.zip
MYLU,MYLU-28498170.wav,5.0,192000,MYLU.zip
MYLU,MYLU-1999676.wav,6.0,384000,MYLU.zip
MYLU,MYLU-57366136.wav,2.998976,500000,MYLU.zip
MYLU,MYLU-28506365.wav,5.0,192000,MYLU.zip
MYLU,MYLU-55386000.wav,4.998976,500000,MYLU.zip
MYLU,MYLU-1314744.wav,4.999022,500000,MYLU.zip
MYLU,MYLU-28381822.wav,4.998976,500000,MYLU.zip
MYLU,MYLU-2041121.wav,4.999,256000,MYLU.zip
MYLU,MYLU-73596149.wav,5.0,256000,MYLU.zip
MYLU,MYLU-31625285.wav,4.99992,500000,MYLU.zip
MYLU,MYLU-1511512.wav,4.998976,500000,MYLU.zip
MYLU,MYLU-211345.wav,4.998976,500000,MYLU.zip
MYLU,MYLU-2029390.wav,3.934,256000,MYLU.zip
MYLU,MYLU-28291170.wav,5.0,192000,MYLU.zip
MYLU,MYLU-28302770.wav,5.0,192000,MYLU.zip
MYLU,MYLU-73552556.wav,5.0,256000,MYLU.zip
MYLU,MYLU-30658200.wav,4.998976,500000,MYLU.zip
MYLU,MYLU-27202152.wav,2.998976,500000,MYLU.zip
MYLU,MYLU-57098571.wav,4.998976,500000,MYLU.zip
MYLU,MYLU-30658199.wav,4.998976,500000,MYLU.zip
MYLU,MYLU-29858810.wav,4.998666666666667,192000,MYLU.zip
MYLU,MYLU-29842364.wav,4.656,192000,MYLU.zip
MYLU,MYLU-2042115.wav,2.855,256000,MYLU.zip
MYLU,MYLU-2044715.wav,3.009,256000,MYLU.zip
MYLU,MYLU-29304225.wav,4.998976,500000,MYLU.zip
MYLU,MYLU-2893824.wav,4.995072,500000,MYLU.zip
MYLU,MYLU-2274343.wav,4.999333333333333,384000,MYLU.zip
MYLU,MYLU-73556616.wav,5.0,256000,MYLU.zip
MYLU,MYLU-64864426.wav,5.0,500000,MYLU.zip
MYLU,MYLU-53645988.wav,2.814,256000,MYLU.zip
MYLU,MYLU-55475980.wav,4.998976,500000,MYLU.zip
MYLU,MYLU-28477021.wav,4.776,192000,MYLU.zip
MYLU,MYLU-28321698.wav,5.0,192000,MYLU.zip
MYLU,MYLU-29740736.wav,5.0,192000,MYLU.zip
MYLU,MYLU-28844889.wav,4.998976,500000,MYLU.zip
MYLU,MYLU-28357197.wav,4.998976,500000,MYLU.zip
MYLU,MYLU-57172810.wav,4.998976,500000,MYLU.zip
MYLU,MYLU-2947720.wav,4.995072,500000,MYLU.zip
MYLU,MYLU-53645904.wav,1.882,256000,MYLU.zip
MYLU,MYLU-55467801.wav,4.998976,500000,MYLU.zip
MYLU,MYLU-2872602.wav,8.0384,320000,MYLU.zip
MYLU,MYLU-33493318.wav,4.998976,500000,MYLU.zip
MYLU,MYLU-29304552.wav,5.004,192000,MYLU.zip
MYLU,MYLU-53845305.wav,4.998976,500000,MYLU.zip
MYLU,MYLU-73580483.wav,5.004,192000,MYLU.zip
MYLU,MYLU-73584908.wav,5.0,256000,MYLU.zip
MYLU,MYLU-55479019.wav,4.998976,500000,MYLU.zip
MYLU,MYLU-29866058.wav,5.0,192000,MYLU.zip
MYLU,MYLU-73597908.wav,4.86,256000,MYLU.zip
MYLU,MYLU-29216327.wav,4.998976,500000,MYLU.zip
MYLU,MYLU-31602826.wav,4.99992,500000,MYLU.zip
MYLU,MYLU-31656894.wav,4.99992,500000,MYLU.zip
MYLU,MYLU-57366113.wav,2.998976,500000,MYLU.zip
MYLU,MYLU-29214183.wav,4.998976,500000,MYLU.zip
MYLU,MYLU-73584702.wav,5.0,256000,MYLU.zip
MYLU,MYLU-211268.wav,4.998976,500000,MYLU.zip
MYLU,MYLU-28495714.wav,3.458666666666667,192000,MYLU.zip
MYLU,MYLU-28460143.wav,5.0,192000,MYLU.zip
MYLU,MYLU-36371675.wav,2.009,256000,MYLU.zip
MYLU,MYLU-28977648.wav,4.998976,500000,MYLU.zip
MYLU,MYLU-28389993.wav,4.998976,500000,MYLU.zip
MYLU,MYLU-64892921.wav,5.0,500000,MYLU.zip
MYLU,MYLU-29833286.wav,3.3893333333333335,192000,MYLU.zip
MYLU,MYLU-28333516.wav,6.016,320000,MYLU.zip
MYLU,MYLU-29281117.wav,4.998666666666667,192000,MYLU.zip
MYLU,MYLU-54323738.wav,3.23,256000,MYLU.zip
MYLU,MYLU-29619119.wav,4.998666666666667,192000,MYLU.zip
MYLU,MYLU-29764659.wav,5.004,192000,MYLU.zip
MYLU,MYLU-2070327.wav,4.998976,500000,MYLU.zip
MYLU,MYLU-29714647.wav,4.224,192000,MYLU.zip
MYLU,MYLU-53854953.wav,4.998976,500000,MYLU.zip
MYLU,MYLU-57364751.wav,2.998976,500000,MYLU.zip
MYLU,MYLU-29867195.wav,5.0,192000,MYLU.zip
MYLU,MYLU-2364232.wav,4.999022,500000,MYLU.zip
MYLU,MYLU-29718609.wav,4.998666666666667,192000,MYLU.zip
MYLU,MYLU-55351584.wav,6.0,384000,MYLU.zip
MYLU,MYLU-1944175.wav,2.998976,500000,MYLU.zip
MYLU,MYLU-73635864.wav,5.004,192000,MYLU.zip
MYLU,MYLU-26689004.wav,3.790666666666666,192000,MYLU.zip
MYLU,MYLU-73540190.wav,5.0,256000,MYLU.zip
MYLU,MYLU-55386009.wav,4.998976,500000,MYLU.zip
MYLU,MYLU-33492422.wav,4.998976,500000,MYLU.zip
MYLU,MYLU-55535419.wav,4.998976,500000,MYLU.zip
MYLU,MYLU-73533299.wav,5.004,192000,MYLU.zip
MYLU,MYLU-57347320.wav,4.998976,500000,MYLU.zip
MYLU,MYLU-2069843.wav,4.998976,500000,MYLU.zip
MYLU,MYLU-28443139.wav,4.998666666666667,192000,MYLU.zip
MYLU,MYLU-57172839.wav,4.998976,500000,MYLU.zip
MYLU,MYLU-28988755.wav,2.8306666666666667,192000,MYLU.zip
MYLU,MYLU-64889956.wav,5.0,500000,MYLU.zip
MYLU,MYLU-28978676.wav,4.998976,500000,MYLU.zip
MYLU,MYLU-29632326.wav,5.0,192000,MYLU.zip
MYLU,MYLU-29046178.wav,4.998976,500000,MYLU.zip
MYLU,MYLU-29362864.wav,4.998976,500000,MYLU.zip
MYLU,MYLU-29163660.wav,4.998976,500000,MYLU.zip
MYLU,MYLU-2075428.wav,6.0,384000,MYLU.zip
MYLU,MYLU-55407993.wav,4.712,256000,MYLU.zip
MYLU,MYLU-56652102.wav,6.0,384000,MYLU.zip
MYLU,MYLU-56678215.wav,2.995292,500000,MYLU.zip
MYLU,MYLU-29768061.wav,5.0,192000,MYLU.zip
MYLU,MYLU-29286289.wav,5.0,192000,MYLU.zip
MYLU,MYLU-53843766.wav,4.998976,500000,MYLU.zip
MYLU,MYLU-2836097.wav,4.999022,500000,MYLU.zip
MYLU,MYLU-29767510.wav,4.482666666666667,192000,MYLU.zip
MYLU,MYLU-73622518.wav,5.0,256000,MYLU.zip
MYLU,MYLU-64897001.wav,3.0,500000,MYLU.zip
MYLU,MYLU-31850659.wav,4.99992,500000,MYLU.zip
MYLU,MYLU-33440428.wav,7.77,256000,MYLU.zip
MYLU,MYLU-27220838.wav,2.998976,500000,MYLU.zip
MYLU,MYLU-26689002.wav,4.370666666666667,192000,MYLU.zip
MYLU,MYLU-73613670.wav,5.004,192000,MYLU.zip
MYLU,MYLU-2035756.wav,4.999,256000,MYLU.zip
MYLU,MYLU-2872455.wav,6.016,320000,MYLU.zip
MYLU,MYLU-2168489.wav,4.999022,500000,MYLU.zip
MYLU,MYLU-28518910.wav,5.0,192000,MYLU.zip
MYLU,MYLU-1999601.wav,6.0,384000,MYLU.zip
MYLU,MYLU-54400716.wav,6.0,384000,MYLU.zip
MYLU,MYLU-29785784.wav,3.852,192000,MYLU.zip
MYLU,MYLU-2275653.wav,4.999333333333333,384000,MYLU.zip
MYLU,MYLU-2905819.wav,4.995072,500000,MYLU.zip
MYLU,MYLU-2878847.wav,5.0,256000,MYLU.zip
MYLU,MYLU-60110879.wav,3.0,500000,MYLU.zip
MYLU,MYLU-29964720.wav,4.28,256000,MYLU.zip
MYLU,MYLU-2880634.wav,5.0,256000,MYLU.zip
MYLU,MYLU-57370217.wav,2.998976,500000,MYLU.zip
MYLU,MYLU-29965732.wav,2.526,256000,MYLU.zip
MYLU,MYLU-57360798.wav,2.998976,500000,MYLU.zip
MYLU,MYLU-29747347.wav,3.96,192000,MYLU.zip
MYLU,MYLU-213416.wav,4.998976,500000,MYLU.zip
MYLU,MYLU-29783803.wav,5.004,192000,MYLU.zip
MYLU,MYLU-54318343.wav,6.0,384000,MYLU.zip
MYLU,MYLU-213320.wav,4.998976,500000,MYLU.zip
MYLU,MYLU-56655946.wav,2.995292,500000,MYLU.zip
MYLU,MYLU-2878423.wav,5.0,256000,MYLU.zip
MYLU,MYLU-28453724.wav,5.0,192000,MYLU.zip
MYLU,MYLU-29927906.wav,4.382,256000,MYLU.zip
MYLU,MYLU-2871732.wav,4.999022,500000,MYLU.zip
MYLU,MYLU-28298063.wav,3.8533333333333335,192000,MYLU.zip
MYLU,MYLU-2151471.wav,6.0,384000,MYLU.zip
MYLU,MYLU-64896999.wav,3.0,500000,MYLU.zip
MYLU,MYLU-29875950.wav,5.004,192000,MYLU.zip
MYLU,MYLU-29745124.wav,5.0,192000,MYLU.zip
MYLU,MYLU-31645222.wav,4.99992,500000,MYLU.zip
MYLU,MYLU-33980468.wav,2.998976,500000,MYLU.zip
MYLU,MYLU-3063256.wav,4.999022,500000,MYLU.zip
MYLU,MYLU-211230.wav,4.998976,500000,MYLU.zip
MYLU,MYLU-28979996.wav,5.004,192000,MYLU.zip
MYLU,MYLU-29284160.wav,3.529333333333333,192000,MYLU.zip
MYLU,MYLU-33534193.wav,4.998976,500000,MYLU.zip
MYLU,MYLU-28442284.wav,4.998666666666667,192000,MYLU.zip
MYLU,MYLU-29685648.wav,5.0,192000,MYLU.zip
MYLU,MYLU-29824136.wav,5.0,192000,MYLU.zip
MYLU,MYLU-29316835.wav,5.004,192000,MYLU.zip
MYLU,MYLU-29142810.wav,4.998976,500000,MYLU.zip
MYLU,MYLU-1556981.wav,4.63,256000,MYLU.zip
MYLU,MYLU-28288506.wav,5.0,192000,MYLU.zip
MYLU,MYLU-2806552.wav,4.999022,500000,MYLU.zip
MYLU,MYLU-53786204.wav,4.998976,500000,MYLU.zip
MYLU,MYLU-55402267.wav,6.794,256000,MYLU.zip
MYLU,MYLU-29764692.wav,5.004,192000,MYLU.zip
MYLU,MYLU-29618949.wav,3.946666666666667,192000,MYLU.zip
MYLU,MYLU-58044544.wav,4.102666666666667,384000,MYLU.zip
MYLU,MYLU-2598.wav,5.654,256000,MYLU.zip
MYLU,MYLU-28461046.wav,5.0,192000,MYLU.zip
MYLU,MYLU-57370341.wav,2.998976,500000,MYLU.zip
MYLU,MYLU-73636478.wav,5.004,192000,MYLU.zip
MYLU,MYLU-29767581.wav,5.0,192000,MYLU.zip
MYLU,MYLU-28369179.wav,4.998976,500000,MYLU.zip
MYLU,MYLU-31624287.wav,4.99992,500000,MYLU.zip
MYLU,MYLU-3806215.wav,3.817,256000,MYLU.zip
MYLU,MYLU-29345443.wav,4.998976,500000,MYLU.zip
MYLU,MYLU-35018536.wav,2.998976,500000,MYLU.zip
MYLU,MYLU-28462804.wav,5.0,192000,MYLU.zip
MYLU,MYLU-56651669.wav,6.0,384000,MYLU.zip
MYLU,MYLU-28484741.wav,5.0,192000,MYLU.zip
MYLU,MYLU-53843638.wav,4.998976,500000,MYLU.zip
MYLU,MYLU-28484364.wav,4.245333333333333,192000,MYLU.zip
MYLU,MYLU-54315337.wav,6.0,384000,MYLU.zip
MYLU,MYLU-73552461.wav,5.0,256000,MYLU.zip
MYLU,MYLU-31854236.wav,4.99992,500000,MYLU.zip
MYLU,MYLU-29295124.wav,5.0,192000,MYLU.zip
MYLU,MYLU-29743569.wav,5.0,192000,MYLU.zip
MYLU,MYLU-29871911.wav,5.004,192000,MYLU.zip
MYLU,MYLU-1545824.wav,4.998976,500000,MYLU.zip
MYLU,MYLU-64957338.wav,5.0,500000,MYLU.zip
MYLU,MYLU-28337339.wav,6.9286666666666665,384000,MYLU.zip
MYLU,MYLU-55387091.wav,4.998976,500000,MYLU.zip
MYLU,MYLU-29798562.wav,5.0,192000,MYLU.zip
MYLU,MYLU-60359364.wav,2.998976,500000,MYLU.zip
MYLU,MYLU-28469723.wav,5.0,192000,MYLU.zip
MYLU,MYLU-28448661.wav,5.0,192000,MYLU.zip
MYLU,MYLU-2877696.wav,4.186,256000,MYLU.zip
MYLU,MYLU-31624690.wav,2.99992,500000,MYLU.zip
MYLU,MYLU-29742829.wav,4.998666666666667,192000,MYLU.zip
MYLU,MYLU-2828941.wav,4.999022,500000,MYLU.zip
MYLU,MYLU-31849667.wav,4.99992,500000,MYLU.zip
MYLU,MYLU-53859697.wav,4.998976,500000,MYLU.zip
MYLU,MYLU-64878447.wav,3.0,500000,MYLU.zip
MYLU,MYLU-31843310.wav,4.99992,500000,MYLU.zip
MYLU,MYLU-57360639.wav,2.998976,500000,MYLU.zip
MYLU,MYLU-3033476.wav,4.999022,500000,MYLU.zip
MYLU,MYLU-28468052.wav,5.0,192000,MYLU.zip
MYLU,MYLU-73642410.wav,5.0,256000,MYLU.zip
MYLU,MYLU-1506974.wav,4.998976,500000,MYLU.zip
MYLU,MYLU-56338720.wav,3.484,256000,MYLU.zip
MYLU,MYLU-3027454.wav,4.999022,500000,MYLU.zip
MYLU,MYLU-28476670.wav,5.0,192000,MYLU.zip
MYLU,MYLU-3063262.wav,4.999022,500000,MYLU.zip
MYLU,MYLU-28300314.wav,5.0,192000,MYLU.zip
MYLU,MYLU-28490885.wav,5.0,192000,MYLU.zip
MYLU,MYLU-73536810.wav,5.004,192000,MYLU.zip
MYLU,MYLU-402040.wav,2.998976,500000,MYLU.zip
MYLU,MYLU-31862339.wav,4.99992,500000,MYLU.zip
MYLU,MYLU-57056973.wav,4.999,256000,MYLU.zip
MYLU,MYLU-1942244.wav,4.999022,500000,MYLU.zip
MYLU,MYLU-29747348.wav,4.998666666666667,192000,MYLU.zip
MYLU,MYLU-2924738.wav,4.995072,500000,MYLU.zip
MYLU,MYLU-29289160.wav,5.0,192000,MYLU.zip
MYLU,MYLU-55018915.wav,4.396,192000,MYLU.zip
MYLU,MYLU-29012719.wav,4.998976,500000,MYLU.zip
MYLU,MYLU-28478588.wav,5.0,192000,MYLU.zip
MYLU,MYLU-36371672.wav,5.279,256000,MYLU.zip
MYLU,MYLU-73642953.wav,5.0,256000,MYLU.zip
MYLU,MYLU-2069411.wav,4.998976,500000,MYLU.zip
MYLU,MYLU-26687897.wav,5.6386666666666665,192000,MYLU.zip
MYLU,MYLU-73627937.wav,5.0,256000,MYLU.zip
MYLU,MYLU-73597676.wav,5.0,256000,MYLU.zip
MYLU,MYLU-73635727.wav,4.852,192000,MYLU.zip
MYLU,MYLU-29796928.wav,5.0,192000,MYLU.zip
MYLU,MYLU-28408763.wav,4.998976,500000,MYLU.zip
MYLU,MYLU-64876875.wav,5.0,500000,MYLU.zip
MYLU,MYLU-28535728.wav,6.0,384000,MYLU.zip
MYLU,MYLU-53842751.wav,4.998976,500000,MYLU.zip
MYLU,MYLU-73641083.wav,5.0,256000,MYLU.zip
MYLU,MYLU-73587664.wav,3.814,256000,MYLU.zip
MYLU,MYLU-30587726.wav,4.998976,500000,MYLU.zip
MYLU,MYLU-29841598.wav,2.564,192000,MYLU.zip
MYLU,MYLU-28418744.wav,4.998976,500000,MYLU.zip
MYLU,MYLU-28613732.wav,6.0,384000,MYLU.zip
MYLU,MYLU-73588181.wav,2.532,256000,MYLU.zip
MYLU,MYLU-73620104.wav,5.0,256000,MYLU.zip
MYLU,MYLU-2870566.wav,4.999022,500000,MYLU.zip
MYLU,MYLU-57096745.wav,4.998976,500000,MYLU.zip
MYLU,MYLU-31647148.wav,4.99992,500000,MYLU.zip
MYLU,MYLU-29786534.wav,4.597333333333333,192000,MYLU.zip
MYLU,MYLU-27149736.wav,2.998976,500000,MYLU.zip
MYLU,MYLU-73637931.wav,4.038,256000,MYLU.zip
MYLU,MYLU-1951144.wav,4.939,256000,MYLU.zip
MYLU,MYLU-28444285.wav,5.0,192000,MYLU.zip
MYLU,MYLU-1550696.wav,7.22,256000,MYLU.zip
MYLU,MYLU-3053271.wav,4.999022,500000,MYLU.zip
MYLU,MYLU-2000362.wav,6.0,384000,MYLU.zip
MYLU,MYLU-73614219.wav,5.004,192000,MYLU.zip
MYLU,MYLU-29925845.wav,4.999,256000,MYLU.zip
MYLU,MYLU-64878446.wav,3.0,500000,MYLU.zip
MYLU,MYLU-2896605.wav,4.995072,500000,MYLU.zip
MYLU,MYLU-53785873.wav,4.998976,500000,MYLU.zip
MYLU,MYLU-28530605.wav,7.256,192000,MYLU.zip
MYLU,MYLU-1559332.wav,7.606,256000,MYLU.zip
MYLU,MYLU-29697554.wav,5.004,192000,MYLU.zip
MYLU,MYLU-28484472.wav,5.0,192000,MYLU.zip
MYLU,MYLU-55476506.wav,4.998976,500000,MYLU.zip
MYLU,MYLU-28414457.wav,4.998976,500000,MYLU.zip
MYLU,MYLU-31849663.wav,4.99992,500000,MYLU.zip
MYLU,MYLU-28442117.wav,4.998666666666667,192000,MYLU.zip
MYLU,MYLU-28483228.wav,5.0,192000,MYLU.zip
MYLU,MYLU-28484128.wav,5.0,192000,MYLU.zip
MYLU,MYLU-2880635.wav,4.972,256000,MYLU.zip
MYLU,MYLU-55387680.wav,4.998976,500000,MYLU.zip
MYLU,MYLU-57172811.wav,4.998976,500000,MYLU.zip
MYLU,MYLU-64875904.wav,5.0,500000,MYLU.zip
MYLU,MYLU-35018569.wav,2.998976,500000,MYLU.zip
MYLU,MYLU-73556228.wav,5.0,256000,MYLU.zip
MYLU,MYLU-28300815.wav,5.0,192000,MYLU.zip
MYLU,MYLU-55470078.wav,4.998976,500000,MYLU.zip
MYLU,MYLU-64886718.wav,5.0,500000,MYLU.zip
MYLU,MYLU-64876873.wav,5.0,500000,MYLU.zip
MYLU,MYLU-31636240.wav,4.99992,500000,MYLU.zip
MYLU,MYLU-57099085.wav,4.998976,500000,MYLU.zip
MYLU,MYLU-29163606.wav,4.998976,500000,MYLU.zip
MYLU,MYLU-2069419.wav,4.998976,500000,MYLU.zip
MYLU,MYLU-144863.wav,4.998976,500000,MYLU.zip
MYLU,MYLU-1514441.wav,4.998976,500000,MYLU.zip
MYLU,MYLU-60451044.wav,1.407,256000,MYLU.zip
MYLU,MYLU-55475970.wav,4.998976,500000,MYLU.zip
MYLU,MYLU-31629905.wav,4.99992,500000,MYLU.zip
MYLU,MYLU-29286973.wav,5.0,192000,MYLU.zip
MYLU,MYLU-3018880.wav,4.999022,500000,MYLU.zip
MYLU,MYLU-73552554.wav,5.0,256000,MYLU.zip
MYLU,MYLU-29390566.wav,5.0,192000,MYLU.zip
MYLU,MYLU-64897000.wav,3.0,500000,MYLU.zip
MYLU,MYLU-56338718.wav,5.294,256000,MYLU.zip
MYLU,MYLU-56678068.wav,2.995292,500000,MYLU.zip
MYLU,MYLU-1369393.wav,2.998976,500000,MYLU.zip
MYLU,MYLU-73640309.wav,5.0,256000,MYLU.zip
MYLU,MYLU-56685320.wav,4.995292,500000,MYLU.zip
MYLU,MYLU-34095257.wav,4.998976,500000,MYLU.zip
MYLU,MYLU-29965746.wav,5.0,256000,MYLU.zip
MYLU,MYLU-29012202.wav,4.998976,500000,MYLU.zip
MYLU,MYLU-35539979.wav,6.0,256000,MYLU.zip
MYLU,MYLU-55535436.wav,4.998976,500000,MYLU.zip
MYLU,MYLU-53645905.wav,3.464,256000,MYLU.zip
MYLU,MYLU-55385162.wav,4.998976,500000,MYLU.zip
MYLU,MYLU-35018467.wav,2.998976,500000,MYLU.zip
MYLU,MYLU-2168554.wav,4.999022,500000,MYLU.zip
MYLU,MYLU-2041099.wav,4.999,256000,MYLU.zip
MYLU,MYLU-60359395.wav,2.998976,500000,MYLU.zip
MYLU,MYLU-2072269.wav,4.998976,500000,MYLU.zip
MYLU,MYLU-53842776.wav,4.998976,500000,MYLU.zip
MYLU,MYLU-29736026.wav,3.2813333333333334,192000,MYLU.zip
MYLU,MYLU-31612071.wav,4.99992,500000,MYLU.zip
MYLU,MYLU-3030321.wav,4.999022,500000,MYLU.zip
MYLU,MYLU-53645976.wav,2.526,256000,MYLU.zip
MYLU,MYLU-3020077.wav,4.999022,500000,MYLU.zip
MYLU,MYLU-402234.wav,2.998976,500000,MYLU.zip
MYLU,MYLU-28332337.wav,6.331,256000,MYLU.zip
MYLU,MYLU-53859648.wav,4.998976,500000,MYLU.zip
MYLU,MYLU-2260421.wav,2.465333333333333,384000,MYLU.zip
MYLU,MYLU-2817168.wav,4.999022,500000,MYLU.zip
MYLU,MYLU-55386887.wav,4.998976,500000,MYLU.zip
MYLU,MYLU-28486919.wav,5.0,192000,MYLU.zip
MYLU,MYLU-34596423.wav,4.998976,500000,MYLU.zip
MYLU,MYLU-28466216.wav,5.0,192000,MYLU.zip
MYLU,MYLU-3038446.wav,4.999022,500000,MYLU.zip
MYLU,MYLU-29720756.wav,4.232,192000,MYLU.zip
MYLU,MYLU-60447300.wav,5.029,256000,MYLU.zip
MYLU,MYLU-28491775.wav,5.0,192000,MYLU.zip
MYLU,MYLU-56338719.wav,4.536,256000,MYLU.zip
MYLU,MYLU-32882210.wav,6.966,256000,MYLU.zip
MYLU,MYLU-29848056.wav,5.004,192000,MYLU.zip
MYLU,MYLU-2069839.wav,4.998976,500000,MYLU.zip
MYLU,MYLU-31849656.wav,4.99992,500000,MYLU.zip
MYLU,MYLU-2039231.wav,4.999,256000,MYLU.zip
MYLU,MYLU-1369379.wav,2.998976,500000,MYLU.zip
MYLU,MYLU-26688552.wav,4.608,192000,MYLU.zip
MYLU,MYLU-28496280.wav,5.0,192000,MYLU.zip
MYLU,MYLU-55384824.wav,4.998976,500000,MYLU.zip
MYLU,MYLU-57100043.wav,4.998976,500000,MYLU.zip
MYLU,MYLU-73595900.wav,5.0,256000,MYLU.zip
MYLU,MYLU-73556564.wav,4.43,256000,MYLU.zip
MYLU,MYLU-28289031.wav,5.0,192000,MYLU.zip
MYLU,MYLU-73529800.wav,4.389333333333333,192000,MYLU.zip
MYLU,MYLU-31849254.wav,4.99992,500000,MYLU.zip
MYLU,MYLU-28977918.wav,4.998976,500000,MYLU.zip
MYLU,MYLU-3063288.wav,4.999022,500000,MYLU.zip
MYLU,MYLU-30586023.wav,4.998976,500000,MYLU.zip
MYLU,MYLU-64876233.wav,5.0,500000,MYLU.zip
MYLU,MYLU-73616432.wav,5.0,256000,MYLU.zip
MYLU,MYLU-2828018.wav,4.999022,500000,MYLU.zip
MYLU,MYLU-56644734.wav,6.0,384000,MYLU.zip
MYLU,MYLU-28977640.wav,4.998976,500000,MYLU.zip
MYLU,MYLU-73595914.wav,5.0,256000,MYLU.zip
MYLU,MYLU-53645907.wav,2.672,256000,MYLU.zip
MYLU,MYLU-29742765.wav,3.930666666666667,192000,MYLU.zip
MYLU,MYLU-27205375.wav,2.998976,500000,MYLU.zip
MYLU,MYLU-26689472.wav,4.068,192000,MYLU.zip
MYLU,MYLU-29842142.wav,5.004,192000,MYLU.zip
MYLU,MYLU-53645906.wav,2.702,256000,MYLU.zip
MYLU,MYLU-31542101.wav,4.998976,500000,MYLU.zip
MYLU,MYLU-73599380.wav,5.0,256000,MYLU.zip
MYLU,MYLU-29768604.wav,4.998666666666667,192000,MYLU.zip
MYLU,MYLU-29296140.wav,5.0,192000,MYLU.zip
MYLU,MYLU-28413108.wav,4.998976,500000,MYLU.zip
MYLU,MYLU-64957301.wav,5.0,500000,MYLU.zip
MYLU,MYLU-34596406.wav,4.998976,500000,MYLU.zip
MYLU,MYLU-28301192.wav,5.0,192000,MYLU.zip
MYLU,MYLU-31633007.wav,4.99992,500000,MYLU.zip
MYLU,MYLU-3057947.wav,4.999022,500000,MYLU.zip
MYLU,MYLU-29743682.wav,5.0,192000,MYLU.zip
MYLU,MYLU-35539989.wav,6.0,256000,MYLU.zip
MYLU,MYLU-29841526.wav,3.4306666666666668,192000,MYLU.zip
MYLU,MYLU-56651013.wav,6.0,384000,MYLU.zip
MYLU,MYLU-1942267.wav,4.999022,500000,MYLU.zip
MYLU,MYLU-64957337.wav,5.0,500000,MYLU.zip
MYLU,MYLU-57360630.wav,2.998976,500000,MYLU.zip
MYLU,MYLU-29820569.wav,5.004,192000,MYLU.zip
MYLU,MYLU-27220852.wav,2.998976,500000,MYLU.zip
MYLU,MYLU-53870377.wav,4.998976,500000,MYLU.zip
MYLU,MYLU-28484549.wav,5.0,192000,MYLU.zip
MYLU,MYLU-28983279.wav,4.998666666666667,192000,MYLU.zip
MYLU,MYLU-29619461.wav,5.0,192000,MYLU.zip
MYLU,MYLU-29974756.wav,5.424,256000,MYLU.zip
MYLU,MYLU-29718602.wav,4.998666666666667,192000,MYLU.zip
MYLU,MYLU-2000972.wav,6.0,384000,MYLU.zip
MYLU,MYLU-29787203.wav,5.0,192000,MYLU.zip
MYLU,MYLU-29764595.wav,4.836,192000,MYLU.zip
MYLU,MYLU-1939988.wav,4.999022,500000,MYLU.zip
MYLU,MYLU-33492550.wav,4.998976,500000,MYLU.zip
MYLU,MYLU-73552536.wav,5.0,256000,MYLU.zip
MYLU,MYLU-29149140.wav,4.998976,500000,MYLU.zip
MYLU,MYLU-60111353.wav,3.0,500000,MYLU.zip
MYLU,MYLU-53855578.wav,4.999022,500000,MYLU.zip
MYLU,MYLU-29797472.wav,5.0,192000,MYLU.zip
MYLU,MYLU-53785984.wav,4.998976,500000,MYLU.zip
MYLU,MYLU-28449915.wav,5.0,192000,MYLU.zip
MYLU,MYLU-2041509.wav,4.999,256000,MYLU.zip
MYLU,MYLU-28482323.wav,5.0,192000,MYLU.zip
MYLU,MYLU-28445306.wav,5.0,192000,MYLU.zip
MYLU,MYLU-73616449.wav,5.0,256000,MYLU.zip
MYLU,MYLU-1982510.wav,4.389,256000,MYLU.zip
MYLU,MYLU-29286741.wav,5.0,192000,MYLU.zip
MYLU,MYLU-56656787.wav,3.041692,500000,MYLU.zip
MYLU,MYLU-27220890.wav,2.998976,500000,MYLU.zip
MYLU,MYLU-3019882.wav,4.999022,500000,MYLU.zip
MYLU,MYLU-26689484.wav,4.966666666666667,192000,MYLU.zip
MYLU,MYLU-3035313.wav,4.999022,500000,MYLU.zip
MYLU,MYLU-31636246.wav,4.99992,500000,MYLU.zip
MYLU,MYLU-28484680.wav,5.0,192000,MYLU.zip
MYLU,MYLU-2579280.wav,4.998976,500000,MYLU.zip
MYLU,MYLU-3032095.wav,4.999022,500000,MYLU.zip
MYLU,MYLU-29847086.wav,3.516,192000,MYLU.zip
MYLU,MYLU-29731784.wav,5.004,192000,MYLU.zip
MYLU,MYLU-29619464.wav,5.0,192000,MYLU.zip
MYLU,MYLU-29834064.wav,4.998666666666667,192000,MYLU.zip
MYLU,MYLU-28341835.wav,6.0,384000,MYLU.zip
MYLU,MYLU-62493040.wav,4.46,256000,MYLU.zip
MYLU,MYLU-145160.wav,4.998976,500000,MYLU.zip
MYLU,MYLU-3041699.wav,4.999022,500000,MYLU.zip
MYLU,MYLU-55384819.wav,4.998976,500000,MYLU.zip
MYLU,MYLU-31542013.wav,4.998976,500000,MYLU.zip
MYLU,MYLU-1939986.wav,4.999022,500000,MYLU.zip
MYLU,MYLU-56189844.wav,6.984,256000,MYLU.zip
MYLU,MYLU-72155035.wav,2.998976,500000,MYLU.zip
MYLU,MYLU-64894284.wav,5.0,500000,MYLU.zip
MYLU,MYLU-2068014.wav,4.998976,500000,MYLU.zip
MYLU,MYLU-29345440.wav,4.998976,500000,MYLU.zip
MYLU,MYLU-56655749.wav,4.995292,500000,MYLU.zip
MYLU,MYLU-35018533.wav,2.998976,500000,MYLU.zip
MYLU,MYLU-29615759.wav,5.0,192000,MYLU.zip
MYLU,MYLU-53784552.wav,4.998976,500000,MYLU.zip
MYLU,MYLU-28500243.wav,3.688,192000,MYLU.zip
MYLU,MYLU-32051182.wav,6.0,384000,MYLU.zip
MYLU,MYLU-55475895.wav,4.998976,500000,MYLU.zip
MYLU,MYLU-73628331.wav,5.0,256000,MYLU.zip
MYLU,MYLU-28484767.wav,5.0,192000,MYLU.zip
MYLU,MYLU-55535428.wav,4.998976,500000,MYLU.zip
MYLU,MYLU-73566556.wav,5.004,192000,MYLU.zip
MYLU,MYLU-26700695.wav,7.168,320000,MYLU.zip
MYLU,MYLU-55408001.wav,4.954,256000,MYLU.zip
MYLU,MYLU-53784407.wav,4.998976,500000,MYLU.zip
MYLU,MYLU-35018539.wav,2.998976,500000,MYLU.zip
MYLU,MYLU-3060868.wav,2.999022,500000,MYLU.zip
MYLU,MYLU-2880380.wav,4.442,256000,MYLU.zip
MYLU,MYLU-73616198.wav,5.0,256000,MYLU.zip
MYLU,MYLU-53854845.wav,4.998976,500000,MYLU.zip
MYLU,MYLU-28314205.wav,4.998666666666667,192000,MYLU.zip
MYLU,MYLU-29834088.wav,4.998666666666667,192000,MYLU.zip
MYLU,MYLU-2622169.wav,4.998976,500000,MYLU.zip
MYLU,MYLU-29866410.wav,4.789333333333333,192000,MYLU.zip
MYLU,MYLU-56644833.wav,6.0,384000,MYLU.zip
MYLU,MYLU-55322427.wav,6.0,384000,MYLU.zip
MYLU,MYLU-31639103.wav,4.99992,500000,MYLU.zip
MYLU,MYLU-73610487.wav,2.942,256000,MYLU.zip
MYLU,MYLU-29012186.wav,4.998976,500000,MYLU.zip
MYLU,MYLU-26688551.wav,7.466666666666667,192000,MYLU.zip
MYLU,MYLU-58041746.wav,7.026666666666666,384000,MYLU.zip
MYLU,MYLU-56651998.wav,6.0,384000,MYLU.zip
MYLU,MYLU-60451029.wav,2.404,256000,MYLU.zip
MYLU,MYLU-63088556.wav,4.684,384000,MYLU.zip
MYLU,MYLU-29012712.wav,4.998976,500000,MYLU.zip
MYLU,MYLU-29868526.wav,3.477333333333333,192000,MYLU.zip
MYLU,MYLU-55407992.wav,4.252,256000,MYLU.zip
MYLU,MYLU-28486583.wav,4.661333333333333,192000,MYLU.zip
MYLU,MYLU-481938.wav,7.43,256000,MYLU.zip
MYLU,MYLU-28495762.wav,5.0,192000,MYLU.zip
MYLU,MYLU-31618751.wav,4.99992,500000,MYLU.zip
MYLU,MYLU-57366134.wav,2.998976,500000,MYLU.zip
MYLU,MYLU-54309431.wav,6.0,384000,MYLU.zip
MYLU,MYLU-29743304.wav,5.0,192000,MYLU.zip
MYLU,MYLU-55384790.wav,4.998976,500000,MYLU.zip
MYLU,MYLU-2877241.wav,4.468,256000,MYLU.zip
MYLU,MYLU-34596416.wav,4.998976,500000,MYLU.zip
MYLU,MYLU-28482254.wav,5.0,192000,MYLU.zip
MYLU,MYLU-35541255.wav,6.0,256000,MYLU.zip
MYLU,MYLU-28442095.wav,4.384,192000,MYLU.zip
MYLU,MYLU-28512594.wav,3.2373333333333334,192000,MYLU.zip
MYLU,MYLU-53842912.wav,4.998976,500000,MYLU.zip
MYLU,MYLU-56656510.wav,4.995292,500000,MYLU.zip
MYLU,MYLU-29766247.wav,5.0,192000,MYLU.zip
MYLU,MYLU-1373618.wav,4.999022,500000,MYLU.zip
MYLU,MYLU-28405085.wav,6.0,384000,MYLU.zip
MYLU,MYLU-3053668.wav,2.999022,500000,MYLU.zip
MYLU,MYLU-29319467.wav,5.004,192000,MYLU.zip
MYLU,MYLU-29149134.wav,4.998976,500000,MYLU.zip
MYLU,MYLU-64886717.wav,5.0,500000,MYLU.zip
MYLU,MYLU-28486058.wav,3.8613333333333335,192000,MYLU.zip
MYLU,MYLU-53843854.wav,4.998976,500000,MYLU.zip
MYLU,MYLU-60353269.wav,6.0,384000,MYLU.zip
MYLU,MYLU-28532637.wav,6.0,384000,MYLU.zip
MYLU,MYLU-29747307.wav,4.998666666666667,192000,MYLU.zip
MYLU,MYLU-33980490.wav,2.998976,500000,MYLU.zip
MYLU,MYLU-28350850.wav,4.998976,500000,MYLU.zip
MYLU,MYLU-28356634.wav,4.998976,500000,MYLU.zip
MYLU,MYLU-57347351.wav,4.998976,500000,MYLU.zip
MYLU,MYLU-2354132.wav,4.999022,500000,MYLU.zip
MYLU,MYLU-192993.wav,6.508,256000,MYLU.zip
MYLU,MYLU-28444502.wav,5.0,192000,MYLU.zip
MYLU,MYLU-28443034.wav,4.998666666666667,192000,MYLU.zip
MYLU,MYLU-60447298.wav,6.651,256000,MYLU.zip
MYSE,MYSE-27149666.wav,2.998976,500000,MYSE.zip
MYSE,MYSE-59345780.wav,2.998976,500000,MYSE.zip
MYSE,MYSE-60447004.wav,3.477,256000,MYSE.zip
MYSE,MYSE-34635483.wav,2.998976,500000,MYSE.zip
MYSE,MYSE-56594918.wav,3.602,256000,MYSE.zip
MYSE,MYSE-60447506.wav,4.006,256000,MYSE.zip
MYSE,MYSE-60447509.wav,7.137,256000,MYSE.zip
MYSE,MYSE-27252511.wav,2.995292,500000,MYSE.zip
MYSE,MYSE-33597735.wav,3.429,256000,MYSE.zip
MYSE,MYSE-59346321.wav,2.998976,500000,MYSE.zip
MYSE,MYSE-34635347.wav,2.998976,500000,MYSE.zip
MYSE,MYSE-60447039.wav,3.034,256000,MYSE.zip
MYSE,MYSE-2888235.wav,4.995072,500000,MYSE.zip
MYSE,MYSE-2277907.wav,4.608,256000,MYSE.zip
MYSE,MYSE-25972012.wav,4.995292,500000,MYSE.zip
MYSE,MYSE-60447586.wav,3.721,256000,MYSE.zip
MYSE,MYSE-59344634.wav,2.998976,500000,MYSE.zip
MYSE,MYSE-27252308.wav,2.995292,500000,MYSE.zip
MYSE,MYSE-27252585.wav,2.995292,500000,MYSE.zip
MYSE,MYSE-58146653.wav,4.998976,500000,MYSE.zip
MYSE,MYSE-27149644.wav,2.998976,500000,MYSE.zip
MYSE,MYSE-2888818.wav,4.995072,500000,MYSE.zip
MYSE,MYSE-60110681.wav,3.0,500000,MYSE.zip
MYSE,MYSE-2901048.wav,4.995072,500000,MYSE.zip
MYSE,MYSE-2073115.wav,4.998976,500000,MYSE.zip
MYSE,MYSE-2931538.wav,4.995072,500000,MYSE.zip
MYSE,MYSE-27090186.wav,2.998976,500000,MYSE.zip
MYSE,MYSE-27149651.wav,2.998976,500000,MYSE.zip
MYSE,MYSE-34635474.wav,2.998976,500000,MYSE.zip
MYSE,MYSE-60447587.wav,2.861,256000,MYSE.zip
MYSE,MYSE-28264397.wav,4.572,256000,MYSE.zip
MYSE,MYSE-34635476.wav,2.998976,500000,MYSE.zip
MYSE,MYSE-1488256.wav,2.998976,500000,MYSE.zip
MYSE,MYSE-32997195.wav,2.998976,500000,MYSE.zip
MYSE,MYSE-27344084.wav,2.995292,500000,MYSE.zip
MYSE,MYSE-32998064.wav,2.998976,500000,MYSE.zip
MYSE,MYSE-28262675.wav,7.286,256000,MYSE.zip
MYSE,MYSE-60446899.wav,3.236,256000,MYSE.zip
MYSE,MYSE-27341842.wav,2.995292,500000,MYSE.zip
MYSE,MYSE-27341839.wav,2.995292,500000,MYSE.zip
MYSE,MYSE-60447029.wav,5.565,256000,MYSE.zip
MYSE,MYSE-59346319.wav,2.998976,500000,MYSE.zip
MYSE,MYSE-27070124.wav,2.995292,500000,MYSE.zip
MYSE,MYSE-34635431.wav,2.998976,500000,MYSE.zip
MYSE,MYSE-863443.wav,2.995292,500000,MYSE.zip
MYSE,MYSE-27341289.wav,2.995292,500000,MYSE.zip
MYSE,MYSE-27344078.wav,2.995292,500000,MYSE.zip
MYSE,MYSE-59344472.wav,2.998976,500000,MYSE.zip
MYSE,MYSE-2912928.wav,4.995072,500000,MYSE.zip
MYSE,MYSE-2893992.wav,4.995072,500000,MYSE.zip
MYSE,MYSE-56595304.wav,7.19,256000,MYSE.zip
MYSE,MYSE-60447581.wav,3.222,256000,MYSE.zip
MYSE,MYSE-27343744.wav,2.995292,500000,MYSE.zip
MYSE,MYSE-59345707.wav,2.998976,500000,MYSE.zip
MYSE,MYSE-33597733.wav,4.503,256000,MYSE.zip
MYSE,MYSE-27420011.wav,2.998976,500000,MYSE.zip
MYSE,MYSE-60447872.wav,3.634,256000,MYSE.zip
MYSE,MYSE-27252466.wav,2.995292,500000,MYSE.zip
MYSE,MYSE-27145907.wav,2.998976,500000,MYSE.zip
MYSE,MYSE-60447073.wav,2.628,256000,MYSE.zip
MYSE,MYSE-27149647.wav,2.998976,500000,MYSE.zip
MYSE,MYSE-27205118.wav,2.998976,500000,MYSE.zip
MYSE,MYSE-60447491.wav,3.258,256000,MYSE.zip
MYSE,MYSE-34095978.wav,4.998976,500000,MYSE.zip
MYSE,MYSE-60446922.wav,4.601,256000,MYSE.zip
MYSE,MYSE-27420005.wav,2.998976,500000,MYSE.zip
MYSE,MYSE-27252289.wav,2.995292,500000,MYSE.zip
MYSE,MYSE-60447602.wav,3.891,256000,MYSE.zip
MYSE,MYSE-25972013.wav,4.995292,500000,MYSE.zip
MYSE,MYSE-27343742.wav,2.995292,500000,MYSE.zip
MYSE,MYSE-27252323.wav,2.995292,500000,MYSE.zip
MYSE,MYSE-60446916.wav,3.919,256000,MYSE.zip
MYSE,MYSE-27252454.wav,2.995292,500000,MYSE.zip
MYSE,MYSE-27309342.wav,2.995292,500000,MYSE.zip
MYSE,MYSE-27252445.wav,2.995292,500000,MYSE.zip
MYSE,MYSE-33004154.wav,2.998976,500000,MYSE.zip
MYSE,MYSE-27149628.wav,2.998976,500000,MYSE.zip
MYSE,MYSE-59344404.wav,2.998976,500000,MYSE.zip
MYSE,MYSE-59345783.wav,2.998976,500000,MYSE.zip
MYSE,MYSE-60447553.wav,6.66,256000,MYSE.zip
MYSE,MYSE-57059455.wav,4.246,256000,MYSE.zip
MYSE,MYSE-27252513.wav,2.995292,500000,MYSE.zip
MYSE,MYSE-27252508.wav,2.995292,500000,MYSE.zip
MYSE,MYSE-16476076.wav,7.065,256000,MYSE.zip
MYSE,MYSE-27309482.wav,2.995292,500000,MYSE.zip
MYSE,MYSE-27252437.wav,2.995292,500000,MYSE.zip
MYSE,MYSE-2902940.wav,4.995072,500000,MYSE.zip
MYSE,MYSE-60447608.wav,7.444,256000,MYSE.zip
MYSE,MYSE-59344688.wav,2.998976,500000,MYSE.zip
MYSE,MYSE-27252443.wav,2.995292,500000,MYSE.zip
MYSE,MYSE-57173163.wav,2.998976,500000,MYSE.zip
MYSE,MYSE-2928321.wav,4.995072,500000,MYSE.zip
MYSE,MYSE-36328276.wav,2.998976,500000,MYSE.zip
MYSE,MYSE-2918080.wav,4.995072,500000,MYSE.zip
MYSE,MYSE-27420013.wav,2.998976,500000,MYSE.zip
MYSE,MYSE-27252362.wav,2.995292,500000,MYSE.zip
MYSE,MYSE-27064205.wav,2.995292,500000,MYSE.zip
MYSE,MYSE-32918283.wav,2.995292,500000,MYSE.zip
MYSE,MYSE-60447642.wav,5.816,256000,MYSE.zip
MYSE,MYSE-2892489.wav,4.995072,500000,MYSE.zip
MYSE,MYSE-58221895.wav,4.998976,500000,MYSE.zip
MYSE,MYSE-27420015.wav,2.998976,500000,MYSE.zip
MYSE,MYSE-60447596.wav,4.544,256000,MYSE.zip
MYSE,MYSE-60447531.wav,3.932,256000,MYSE.zip
MYSE,MYSE-2073122.wav,4.998976,500000,MYSE.zip
MYSE,MYSE-60447643.wav,3.567,256000,MYSE.zip
MYSE,MYSE-27343675.wav,2.995292,500000,MYSE.zip
MYSE,MYSE-59345682.wav,2.998976,500000,MYSE.zip
MYSE,MYSE-60447594.wav,2.368,256000,MYSE.zip
MYSE,MYSE-27252448.wav,2.995292,500000,MYSE.zip
MYSE,MYSE-60110679.wav,3.0,500000,MYSE.zip
MYSE,MYSE-59344689.wav,2.998976,500000,MYSE.zip
MYSE,MYSE-59345683.wav,2.998976,500000,MYSE.zip
MYSE,MYSE-27149671.wav,2.998976,500000,MYSE.zip
MYSE,MYSE-27341864.wav,2.995292,500000,MYSE.zip
MYSE,MYSE-57059456.wav,2.439,256000,MYSE.zip
MYSE,MYSE-27252632.wav,2.995292,500000,MYSE.zip
MYSE,MYSE-57366368.wav,2.998976,500000,MYSE.zip
MYSE,MYSE-2246978.wav,5.259,256000,MYSE.zip
MYSE,MYSE-57388432.wav,2.995292,500000,MYSE.zip
MYSE,MYSE-60110680.wav,3.0,500000,MYSE.zip
MYSE,MYSE-27341838.wav,2.995292,500000,MYSE.zip
MYSE,MYSE-29927933.wav,3.0,256000,MYSE.zip
MYSE,MYSE-60447609.wav,7.929,256000,MYSE.zip
MYSE,MYSE-27202402.wav,2.998976,500000,MYSE.zip
MYSE,MYSE-1484010.wav,2.998976,500000,MYSE.zip
MYSE,MYSE-56520854.wav,3.866,256000,MYSE.zip
MYSE,MYSE-60447604.wav,2.921,256000,MYSE.zip
MYSE,MYSE-2890655.wav,4.995072,500000,MYSE.zip
MYSE,MYSE-27063433.wav,2.995292,500000,MYSE.zip
MYSE,MYSE-27149751.wav,2.998976,500000,MYSE.zip
MYSE,MYSE-27344081.wav,2.995292,500000,MYSE.zip
MYSE,MYSE-27202142.wav,2.998976,500000,MYSE.zip
MYSE,MYSE-1471890.wav,2.998976,500000,MYSE.zip
MYSE,MYSE-27149648.wav,2.998976,500000,MYSE.zip
MYSE,MYSE-27252640.wav,2.995292,500000,MYSE.zip
MYSE,MYSE-60446855.wav,6.883,256000,MYSE.zip
MYSE,MYSE-27252633.wav,2.995292,500000,MYSE.zip
MYSE,MYSE-34635460.wav,2.998976,500000,MYSE.zip
MYSE,MYSE-34095617.wav,2.998976,500000,MYSE.zip
MYSE,MYSE-34635503.wav,2.998976,500000,MYSE.zip
MYSE,MYSE-29932980.wav,2.995292,500000,MYSE.zip
MYSE,MYSE-60447782.wav,7.184,256000,MYSE.zip
MYSE,MYSE-2922931.wav,4.995072,500000,MYSE.zip
MYSE,MYSE-27344272.wav,2.995292,500000,MYSE.zip
MYSE,MYSE-60446883.wav,3.622,256000,MYSE.zip
MYSE,MYSE-28263138.wav,7.506,256000,MYSE.zip
MYSE,MYSE-27252441.wav,2.995292,500000,MYSE.zip
MYSE,MYSE-59346306.wav,2.998976,500000,MYSE.zip
MYSE,MYSE-27252510.wav,2.995292,500000,MYSE.zip
MYSE,MYSE-2278029.wav,4.999333333333333,384000,MYSE.zip
MYSE,MYSE-27149672.wav,2.998976,500000,MYSE.zip
MYSE,MYSE-59345883.wav,2.998976,500000,MYSE.zip
MYSE,MYSE-57393080.wav,2.995292,500000,MYSE.zip
MYSE,MYSE-27344278.wav,2.995292,500000,MYSE.zip
MYSE,MYSE-27420016.wav,2.998976,500000,MYSE.zip
MYSE,MYSE-2896828.wav,4.995072,500000,MYSE.zip
MYSE,MYSE-32030033.wav,2.998976,500000,MYSE.zip
MYSE,MYSE-1308330.wav,2.995292,500000,MYSE.zip
MYSE,MYSE-57357172.wav,0.998976,500000,MYSE.zip
MYSE,MYSE-60446936.wav,5.009,256000,MYSE.zip
MYSE,MYSE-2266429.wav,5.966,256000,MYSE.zip
MYSE,MYSE-60446914.wav,6.537,256000,MYSE.zip
MYSE,MYSE-1293878.wav,2.998976,500000,MYSE.zip
MYSE,MYSE-60446918.wav,3.943,256000,MYSE.zip
MYSE,MYSE-27149649.wav,2.998976,500000,MYSE.zip
MYSE,MYSE-27343840.wav,2.995292,500000,MYSE.zip
MYSE,MYSE-25972014.wav,4.995292,500000,MYSE.zip
MYSE,MYSE-60447597.wav,3.592,256000,MYSE.zip
MYSE,MYSE-27071284.wav,2.995292,500000,MYSE.zip
MYSE,MYSE-1293672.wav,2.998976,500000,MYSE.zip
MYSE,MYSE-27149614.wav,2.998976,500000,MYSE.zip
MYSE,MYSE-60447606.wav,7.171,256000,MYSE.zip
MYSE,MYSE-60446861.wav,4.7,256000,MYSE.zip
MYSE,MYSE-57358149.wav,0.998976,500000,MYSE.zip
MYSE,MYSE-2278971.wav,4.999333333333333,384000,MYSE.zip
MYSE,MYSE-60447694.wav,3.154,256000,MYSE.zip
MYSE,MYSE-57270471.wav,2.792,256000,MYSE.zip
MYSE,MYSE-16474240.wav,4.909,256000,MYSE.zip
MYSE,MYSE-27149673.wav,2.998976,500000,MYSE.zip
MYSE,MYSE-58146683.wav,4.998976,500000,MYSE.zip
MYSE,MYSE-27343741.wav,2.995292,500000,MYSE.zip
MYSE,MYSE-36328259.wav,2.998976,500000,MYSE.zip
MYSE,MYSE-2911597.wav,4.995072,500000,MYSE.zip
MYSE,MYSE-16479574.wav,4.19,256000,MYSE.zip
MYSE,MYSE-34635427.wav,2.998976,500000,MYSE.zip
MYSE,MYSE-2917915.wav,4.995072,500000,MYSE.zip
MYSE,MYSE-60447794.wav,5.969,256000,MYSE.zip
MYSE,MYSE-27149645.wav,2.998976,500000,MYSE.zip
MYSE,MYSE-60447583.wav,5.377,256000,MYSE.zip
MYSE,MYSE-2066552.wav,4.998976,500000,MYSE.zip
MYSE,MYSE-27252463.wav,2.995292,500000,MYSE.zip
MYSE,MYSE-27149646.wav,2.998976,500000,MYSE.zip
MYSE,MYSE-2942205.wav,4.995072,500000,MYSE.zip
MYSE,MYSE-60447591.wav,4.422,256000,MYSE.zip
MYSE,MYSE-27063740.wav,2.995292,500000,MYSE.zip
MYSE,MYSE-27218359.wav,2.998976,500000,MYSE.zip
MYSE,MYSE-27309402.wav,2.995292,500000,MYSE.zip
MYSE,MYSE-27252405.wav,2.995292,500000,MYSE.zip
MYSE,MYSE-27149658.wav,2.998976,500000,MYSE.zip
MYSE,MYSE-27252631.wav,2.995292,500000,MYSE.zip
MYSE,MYSE-2950506.wav,4.995072,500000,MYSE.zip
MYSE,MYSE-57358811.wav,2.998976,500000,MYSE.zip
MYSE,MYSE-59345508.wav,2.998976,500000,MYSE.zip
MYSE,MYSE-60446901.wav,2.786,256000,MYSE.zip
MYSE,MYSE-60446908.wav,4.773,256000,MYSE.zip
MYSE,MYSE-60447105.wav,3.239,256000,MYSE.zip
MYSE,MYSE-27309474.wav,2.995292,500000,MYSE.zip
MYSE,MYSE-27309561.wav,2.995292,500000,MYSE.zip
MYSE,MYSE-56521049.wav,5.266,256000,MYSE.zip
MYSE,MYSE-27252460.wav,2.995292,500000,MYSE.zip
MYSE,MYSE-863449.wav,2.995292,500000,MYSE.zip
MYSE,MYSE-59346322.wav,2.998976,500000,MYSE.zip
MYSE,MYSE-2073042.wav,4.998976,500000,MYSE.zip
MYSE,MYSE-2901058.wav,4.995072,500000,MYSE.zip
MYSE,MYSE-27341598.wav,2.995292,500000,MYSE.zip
MYSE,MYSE-2951176.wav,4.995072,500000,MYSE.zip
MYSE,MYSE-2927564.wav,4.995072,500000,MYSE.zip
MYSE,MYSE-34635521.wav,2.998976,500000,MYSE.zip
MYSE,MYSE-27149677.wav,2.998976,500000,MYSE.zip
MYSE,MYSE-27202278.wav,2.998976,500000,MYSE.zip
MYSE,MYSE-27343806.wav,2.995292,500000,MYSE.zip
MYSE,MYSE-34635306.wav,2.998976,500000,MYSE.zip
MYSE,MYSE-27149668.wav,2.998976,500000,MYSE.zip
MYSE,MYSE-57392948.wav,2.995292,500000,MYSE.zip
MYSE,MYSE-27252436.wav,2.995292,500000,MYSE.zip
MYSE,MYSE-27252456.wav,2.995292,500000,MYSE.zip
MYSE,MYSE-58222752.wav,4.998976,500000,MYSE.zip
MYSE,MYSE-2893830.wav,4.995072,500000,MYSE.zip
MYSE,MYSE-59346180.wav,2.998976,500000,MYSE.zip
MYSE,MYSE-2894007.wav,4.995072,500000,MYSE.zip
MYSE,MYSE-2902917.wav,4.995072,500000,MYSE.zip
MYSE,MYSE-27343636.wav,2.995292,500000,MYSE.zip
MYSE,MYSE-27343272.wav,2.995292,500000,MYSE.zip
MYSE,MYSE-58767001.wav,4.998976,500000,MYSE.zip
MYSE,MYSE-1484139.wav,2.998976,500000,MYSE.zip
MYSE,MYSE-2889918.wav,4.995072,500000,MYSE.zip
MYSE,MYSE-2920580.wav,4.995072,500000,MYSE.zip
MYSE,MYSE-60446903.wav,5.344,256000,MYSE.zip
MYSE,MYSE-57271011.wav,6.406,256000,MYSE.zip
MYSE,MYSE-60447601.wav,2.374,256000,MYSE.zip
MYSE,MYSE-59345785.wav,2.998976,500000,MYSE.zip
MYSE,MYSE-27341837.wav,2.995292,500000,MYSE.zip
MYSE,MYSE-60446962.wav,2.876,256000,MYSE.zip
MYSE,MYSE-1487814.wav,2.998976,500000,MYSE.zip
MYSE,MYSE-34096286.wav,2.998976,500000,MYSE.zip
MYSE,MYSE-59345668.wav,2.998976,500000,MYSE.zip
MYSE,MYSE-59346277.wav,2.998976,500000,MYSE.zip
MYSE,MYSE-2919105.wav,4.995072,500000,MYSE.zip
MYSE,MYSE-32998066.wav,2.998976,500000,MYSE.zip
MYSE,MYSE-1475903.wav,2.998976,500000,MYSE.zip
MYSE,MYSE-60447155.wav,6.415,256000,MYSE.zip
MYSE,MYSE-57176355.wav,2.998976,500000,MYSE.zip
MYSE,MYSE-863454.wav,2.998976,500000,MYSE.zip
MYSE,MYSE-27145899.wav,2.998976,500000,MYSE.zip
MYSE,MYSE-27240273.wav,0.998976,500000,MYSE.zip
MYSE,MYSE-27072415.wav,2.995292,500000,MYSE.zip
MYSE,MYSE-27309389.wav,2.995292,500000,MYSE.zip
MYSE,MYSE-27309344.wav,2.995292,500000,MYSE.zip
MYSE,MYSE-29927876.wav,3.885,256000,MYSE.zip
MYSE,MYSE-36352505.wav,3.0005,256000,MYSE.zip
MYSE,MYSE-60447411.wav,6.587,256000,MYSE.zip
MYSE,MYSE-27064203.wav,2.995292,500000,MYSE.zip
MYSE,MYSE-1494458.wav,2.998976,500000,MYSE.zip
MYSE,MYSE-60447627.wav,4.746,256000,MYSE.zip
MYSE,MYSE-56602427.wav,4.532,256000,MYSE.zip
MYSE,MYSE-27205546.wav,2.998976,500000,MYSE.zip
MYSE,MYSE-27149650.wav,2.998976,500000,MYSE.zip
MYSE,MYSE-34094425.wav,4.998976,500000,MYSE.zip
MYSE,MYSE-27309565.wav,2.995292,500000,MYSE.zip
MYSE,MYSE-60447618.wav,5.117,256000,MYSE.zip
MYSE,MYSE-27252325.wav,2.995292,500000,MYSE.zip
MYSE,MYSE-60447743.wav,7.754,256000,MYSE.zip
MYSE,MYSE-60447624.wav,4.085,256000,MYSE.zip
MYSE,MYSE-60447161.wav,4.559,256000,MYSE.zip
MYSE,MYSE-2903475.wav,4.995072,500000,MYSE.zip
MYSE,MYSE-57389802.wav,2.998976,500000,MYSE.zip
MYSE,MYSE-60447605.wav,5.722,256000,MYSE.zip
MYSE,MYSE-60447613.wav,7.431,256000,MYSE.zip
MYSE,MYSE-27309488.wav,2.995292,500000,MYSE.zip
MYSE,MYSE-27343273.wav,2.995292,500000,MYSE.zip
MYSE,MYSE-27149664.wav,2.998976,500000,MYSE.zip
MYSE,MYSE-2924034.wav,4.995072,500000,MYSE.zip
MYSE,MYSE-1293650.wav,2.998976,500000,MYSE.zip
MYSE,MYSE-457291.wav,2.998976,500000,MYSE.zip
MYSE,MYSE-55402268.wav,3.704,256000,MYSE.zip
MYSE,MYSE-60447574.wav,2.65,256000,MYSE.zip
MYSE,MYSE-34635286.wav,2.998976,500000,MYSE.zip
MYSE,MYSE-58768817.wav,4.998976,500000,MYSE.zip
MYSE,MYSE-27419995.wav,2.998976,500000,MYSE.zip
MYSE,MYSE-27309335.wav,2.995292,500000,MYSE.zip
MYSE,MYSE-1973675.wav,7.144,256000,MYSE.zip
MYSE,MYSE-60447610.wav,3.938,256000,MYSE.zip
MYSE,MYSE-60447951.wav,7.723,256000,MYSE.zip
MYSE,MYSE-27149674.wav,2.998976,500000,MYSE.zip
MYSE,MYSE-27309475.wav,2.995292,500000,MYSE.zip
MYSE,MYSE-57365940.wav,2.998976,500000,MYSE.zip
MYSE,MYSE-2268905.wav,4.999333333333333,384000,MYSE.zip
MYSE,MYSE-60446928.wav,7.382,256000,MYSE.zip
MYSE,MYSE-2903287.wav,4.995072,500000,MYSE.zip
MYSE,MYSE-27217440.wav,2.998976,500000,MYSE.zip
MYSE,MYSE-27344840.wav,2.995292,500000,MYSE.zip
MYSE,MYSE-27141857.wav,2.995292,500000,MYSE.zip
MYSE,MYSE-27149657.wav,2.998976,500000,MYSE.zip
MYSE,MYSE-57365939.wav,2.998976,500000,MYSE.zip
MYSE,MYSE-59345887.wav,2.998976,500000,MYSE.zip
MYSE,MYSE-60447533.wav,4.203,256000,MYSE.zip
MYSE,MYSE-32918306.wav,2.995292,500000,MYSE.zip
MYSE,MYSE-60447546.wav,2.966,256000,MYSE.zip
MYSE,MYSE-59345103.wav,2.998976,500000,MYSE.zip
MYSE,MYSE-60446977.wav,3.029,256000,MYSE.zip
MYSE,MYSE-2901114.wav,4.995072,500000,MYSE.zip
MYSE,MYSE-27149633.wav,2.998976,500000,MYSE.zip
MYSE,MYSE-59346376.wav,2.998976,500000,MYSE.zip
MYSE,MYSE-57270650.wav,5.82,256000,MYSE.zip
MYSE,MYSE-27343939.wav,2.995292,500000,MYSE.zip
MYSE,MYSE-27420006.wav,2.998976,500000,MYSE.zip
MYSE,MYSE-34635345.wav,2.998976,500000,MYSE.zip
MYSE,MYSE-2279108.wav,6.886,256000,MYSE.zip
MYSE,MYSE-59545245.wav,4.998976,500000,MYSE.zip
MYSE,MYSE-27149663.wav,2.998976,500000,MYSE.zip
MYSE,MYSE-60447674.wav,4.252,256000,MYSE.zip
MYSE,MYSE-25972015.wav,4.995292,500000,MYSE.zip
MYSE,MYSE-2898247.wav,4.995072,500000,MYSE.zip
MYSE,MYSE-2898077.wav,4.995072,500000,MYSE.zip
MYSO,MYSO-142.wav,7.831552,500000,MYSO.zip
MYSO,MYSO-108.wav,4.01408,500000,MYSO.zip
MYSO,MYSO-447.wav,4.01408,500000,MYSO.zip
MYSO,MYSO-331.wav,6.029312,500000,MYSO.zip
MYSO,MYSO-605.wav,4.01408,500000,MYSO.zip
MYSO,MYSO-380.wav,4.01408,500000,MYSO.zip
MYSO,MYSO-368.wav,4.01408,500000,MYSO.zip
MYSO,MYSO-119.wav,1.998848,500000,MYSO.zip
MYSO,MYSO-215.wav,5.48864,500000,MYSO.zip
MYSO,MYSO-21.wav,4.358144,500000,MYSO.zip
MYSO,MYSO-530.wav,4.01408,500000,MYSO.zip
MYSO,MYSO-345.wav,6.029312,500000,MYSO.zip
MYSO,MYSO-42.wav,1.998848,500000,MYSO.zip
MYSO,MYSO-195.wav,4.01408,500000,MYSO.zip
MYSO,MYSO-610.wav,4.01408,500000,MYSO.zip
MYSO,MYSO-137.wav,1.998848,500000,MYSO.zip
MYSO,MYSO-424.wav,4.01408,500000,MYSO.zip
MYSO,MYSO-495.wav,4.01408,500000,MYSO.zip
MYSO,MYSO-68.wav,5.963776,500000,MYSO.zip
MYSO,MYSO-213.wav,4.01408,500000,MYSO.zip
MYSO,MYSO-132.wav,1.998848,500000,MYSO.zip
MYSO,MYSO-301.wav,4.01408,500000,MYSO.zip
MYSO,MYSO-141.wav,4.01408,500000,MYSO.zip
MYSO,MYSO-465.wav,4.01408,500000,MYSO.zip
MYSO,MYSO-501.wav,4.01408,500000,MYSO.zip
MYSO,MYSO-394.wav,4.01408,500000,MYSO.zip
MYSO,MYSO-416.wav,4.01408,500000,MYSO.zip
MYSO,MYSO-442.wav,4.01408,500000,MYSO.zip
MYSO,MYSO-62.wav,1.998848,500000,MYSO.zip
MYSO,MYSO-121.wav,4.01408,500000,MYSO.zip
MYSO,MYSO-357.wav,8.02816,500000,MYSO.zip
MYSO,MYSO-522.wav,4.01408,500000,MYSO.zip
MYSO,MYSO-475.wav,4.01408,500000,MYSO.zip
MYSO,MYSO-185.wav,1.998848,500000,MYSO.zip
MYSO,MYSO-595.wav,4.01408,500000,MYSO.zip
MYSO,MYSO-13.wav,1.998848,500000,MYSO.zip
MYSO,MYSO-169.wav,1.998848,500000,MYSO.zip
MYSO,MYSO-27.wav,5.668864,500000,MYSO.zip
MYSO,MYSO-2799603.wav,5.0,256000,MYSO.zip
MYSO,MYSO-28.wav,4.01408,500000,MYSO.zip
MYSO,MYSO-401.wav,4.01408,500000,MYSO.zip
MYSO,MYSO-76.wav,4.01408,500000,MYSO.zip
MYSO,MYSO-369.wav,4.01408,500000,MYSO.zip
MYSO,MYSO-43.wav,4.046848,500000,MYSO.zip
MYSO,MYSO-248.wav,4.01408,500000,MYSO.zip
MYSO,MYSO-234.wav,7.61856,500000,MYSO.zip
MYSO,MYSO-392.wav,4.01408,500000,MYSO.zip
MYSO,MYSO-180.wav,4.01408,500000,MYSO.zip
MYSO,MYSO-578.wav,4.01408,500000,MYSO.zip
MYSO,MYSO-2.wav,4.01408,500000,MYSO.zip
MYSO,MYSO-611.wav,4.01408,500000,MYSO.zip
MYSO,MYSO-97.wav,4.01408,500000,MYSO.zip
MYSO,MYSO-2916792.wav,4.995072,500000,MYSO.zip
MYSO,MYSO-598.wav,4.01408,500000,MYSO.zip
MYSO,MYSO-286.wav,4.01408,500000,MYSO.zip
MYSO,MYSO-374.wav,4.01408,500000,MYSO.zip
MYSO,MYSO-288.wav,4.01408,500000,MYSO.zip
MYSO,MYSO-485.wav,1.998848,500000,MYSO.zip
MYSO,MYSO-395.wav,1.998848,500000,MYSO.zip
MYSO,MYSO-221.wav,4.01408,500000,MYSO.zip
MYSO,MYSO-318.wav,2.015232,500000,MYSO.zip
MYSO,MYSO-208.wav,8.02816,500000,MYSO.zip
MYSO,MYSO-7.wav,4.01408,500000,MYSO.zip
MYSO,MYSO-543.wav,6.029312,500000,MYSO.zip
MYSO,MYSO-418.wav,4.01408,500000,MYSO.zip
MYSO,MYSO-472.wav,1.998848,500000,MYSO.zip
MYSO,MYSO-16.wav,1.998848,500000,MYSO.zip
MYSO,MYSO-78.wav,4.01408,500000,MYSO.zip
MYSO,MYSO-271.wav,4.01408,500000,MYSO.zip
MYSO,MYSO-317.wav,1.998848,500000,MYSO.zip
MYSO,MYSO-434.wav,4.01408,500000,MYSO.zip
MYSO,MYSO-95.wav,4.01408,500000,MYSO.zip
MYSO,MYSO-2948738.wav,4.995072,500000,MYSO.zip
MYSO,MYSO-346.wav,6.012928,500000,MYSO.zip
MYSO,MYSO-181.wav,6.012928,500000,MYSO.zip
MYSO,MYSO-425.wav,8.02816,500000,MYSO.zip
MYSO,MYSO-2926023.wav,4.995072,500000,MYSO.zip
MYSO,MYSO-575.wav,4.01408,500000,MYSO.zip
MYSO,MYSO-293.wav,4.01408,500000,MYSO.zip
MYSO,MYSO-431.wav,4.01408,500000,MYSO.zip
MYSO,MYSO-479.wav,4.01408,500000,MYSO.zip
MYSO,MYSO-70.wav,4.01408,500000,MYSO.zip
MYSO,MYSO-299.wav,6.012928,500000,MYSO.zip
MYSO,MYSO-14.wav,6.029312,500000,MYSO.zip
MYSO,MYSO-563.wav,1.998848,500000,MYSO.zip
MYSO,MYSO-124.wav,4.01408,500000,MYSO.zip
MYSO,MYSO-349.wav,4.01408,500000,MYSO.zip
MYSO,MYSO-383.wav,1.998848,500000,MYSO.zip
MYSO,MYSO-291.wav,1.998848,500000,MYSO.zip
MYSO,MYSO-145.wav,2.031616,500000,MYSO.zip
MYSO,MYSO-348.wav,4.01408,500000,MYSO.zip
MYSO,MYSO-367.wav,4.01408,500000,MYSO.zip
MYSO,MYSO-2901095.wav,4.995072,500000,MYSO.zip
MYSO,MYSO-403.wav,4.01408,500000,MYSO.zip
MYSO,MYSO-61.wav,4.01408,500000,MYSO.zip
MYSO,MYSO-38.wav,1.998848,500000,MYSO.zip
MYSO,MYSO-79.wav,1.998848,500000,MYSO.zip
MYSO,MYSO-112.wav,6.438912,500000,MYSO.zip
MYSO,MYSO-505.wav,4.01408,500000,MYSO.zip
MYSO,MYSO-351.wav,1.998848,500000,MYSO.zip
MYSO,MYSO-526.wav,4.01408,500000,MYSO.zip
MYSO,MYSO-19.wav,1.998848,500000,MYSO.zip
MYSO,MYSO-48.wav,1.998848,500000,MYSO.zip
MYSO,MYSO-294.wav,1.998848,500000,MYSO.zip
MYSO,MYSO-99.wav,1.998848,500000,MYSO.zip
MYSO,MYSO-46.wav,1.998848,500000,MYSO.zip
MYSO,MYSO-343.wav,6.012928,500000,MYSO.zip
MYSO,MYSO-2894625.wav,4.995072,500000,MYSO.zip
MYSO,MYSO-586.wav,4.01408,500000,MYSO.zip
MYSO,MYSO-2907037.wav,4.995072,500000,MYSO.zip
MYSO,MYSO-269.wav,4.01408,500000,MYSO.zip
MYSO,MYSO-267.wav,5.373952,500000,MYSO.zip
MYSO,MYSO-287.wav,6.029312,500000,MYSO.zip
MYSO,MYSO-163.wav,8.02816,500000,MYSO.zip
MYSO,MYSO-187.wav,6.012928,500000,MYSO.zip
MYSO,MYSO-229.wav,8.02816,500000,MYSO.zip
MYSO,MYSO-484.wav,4.01408,500000,MYSO.zip
MYSO,MYSO-284.wav,6.029312,500000,MYSO.zip
MYSO,MYSO-58.wav,1.998848,500000,MYSO.zip
MYSO,MYSO-165.wav,1.998848,500000,MYSO.zip
MYSO,MYSO-560.wav,6.012928,500000,MYSO.zip
MYSO,MYSO-153.wav,1.998848,500000,MYSO.zip
MYSO,MYSO-200.wav,4.01408,500000,MYSO.zip
MYSO,MYSO-5.wav,4.01408,500000,MYSO.zip
MYSO,MYSO-227.wav,1.998848,500000,MYSO.zip
MYSO,MYSO-289.wav,4.01408,500000,MYSO.zip
MYSO,MYSO-64.wav,3.489792,500000,MYSO.zip
MYSO,MYSO-265.wav,6.029312,500000,MYSO.zip
MYSO,MYSO-118.wav,4.702208,500000,MYSO.zip
MYSO,MYSO-9.wav,4.01408,500000,MYSO.zip
MYSO,MYSO-386.wav,4.01408,500000,MYSO.zip
MYSO,MYSO-355.wav,4.01408,500000,MYSO.zip
MYSO,MYSO-336.wav,1.998848,500000,MYSO.zip
MYSO,MYSO-455.wav,4.01408,500000,MYSO.zip
MYSO,MYSO-177.wav,4.01408,500000,MYSO.zip
MYSO,MYSO-330.wav,4.01408,500000,MYSO.zip
MYSO,MYSO-89.wav,4.01408,500000,MYSO.zip
MYSO,MYSO-2796301.wav,5.0,256000,MYSO.zip
MYSO,MYSO-490.wav,1.998848,500000,MYSO.zip
MYSO,MYSO-60.wav,6.029312,500000,MYSO.zip
MYSO,MYSO-160.wav,4.01408,500000,MYSO.zip
MYSO,MYSO-303.wav,6.012928,500000,MYSO.zip
MYSO,MYSO-498.wav,4.01408,500000,MYSO.zip
MYSO,MYSO-56.wav,4.01408,500000,MYSO.zip
MYSO,MYSO-419.wav,1.998848,500000,MYSO.zip
MYSO,MYSO-247.wav,4.01408,500000,MYSO.zip
MYSO,MYSO-51.wav,5.7344,500000,MYSO.zip
MYSO,MYSO-305.wav,1.998848,500000,MYSO.zip
MYSO,MYSO-569.wav,4.01408,500000,MYSO.zip
MYSO,MYSO-298.wav,4.01408,500000,MYSO.zip
MYSO,MYSO-131.wav,1.998848,500000,MYSO.zip
MYSO,MYSO-587.wav,4.01408,500000,MYSO.zip
MYSO,MYSO-405.wav,4.01408,500000,MYSO.zip
MYSO,MYSO-354.wav,2.015232,500000,MYSO.zip
MYSO,MYSO-2953499.wav,4.995072,500000,MYSO.zip
MYSO,MYSO-333.wav,4.01408,500000,MYSO.zip
MYSO,MYSO-506.wav,4.01408,500000,MYSO.zip
MYSO,MYSO-356.wav,4.01408,500000,MYSO.zip
MYSO,MYSO-90.wav,4.01408,500000,MYSO.zip
MYSO,MYSO-334.wav,6.012928,500000,MYSO.zip
MYSO,MYSO-84.wav,5.98016,500000,MYSO.zip
MYSO,MYSO-542.wav,4.01408,500000,MYSO.zip
MYSO,MYSO-255.wav,4.01408,500000,MYSO.zip
MYSO,MYSO-29.wav,3.260416,500000,MYSO.zip
MYSO,MYSO-117.wav,4.01408,500000,MYSO.zip
MYSO,MYSO-473.wav,4.01408,500000,MYSO.zip
MYSO,MYSO-196.wav,4.01408,500000,MYSO.zip
MYSO,MYSO-413.wav,4.01408,500000,MYSO.zip
MYSO,MYSO-596.wav,1.998848,500000,MYSO.zip
MYSO,MYSO-164.wav,4.01408,500000,MYSO.zip
MYSO,MYSO-295.wav,4.01408,500000,MYSO.zip
MYSO,MYSO-509.wav,6.012928,500000,MYSO.zip
MYSO,MYSO-94.wav,4.01408,500000,MYSO.zip
MYSO,MYSO-52.wav,8.02816,500000,MYSO.zip
MYSO,MYSO-470.wav,1.998848,500000,MYSO.zip
MYSO,MYSO-499.wav,4.01408,500000,MYSO.zip
MYSO,MYSO-613.wav,4.01408,500000,MYSO.zip
MYSO,MYSO-96.wav,8.02816,500000,MYSO.zip
MYSO,MYSO-6.wav,6.029312,500000,MYSO.zip
MYSO,MYSO-2927760.wav,4.995072,500000,MYSO.zip
MYSO,MYSO-464.wav,4.01408,500000,MYSO.zip
MYSO,MYSO-548.wav,4.01408,500000,MYSO.zip
MYSO,MYSO-2947721.wav,4.995072,500000,MYSO.zip
MYSO,MYSO-437.wav,4.01408,500000,MYSO.zip
MYSO,MYSO-402.wav,4.01408,500000,MYSO.zip
MYSO,MYSO-218.wav,4.01408,500000,MYSO.zip
MYSO,MYSO-10.wav,4.01408,500000,MYSO.zip
MYSO,MYSO-344.wav,4.01408,500000,MYSO.zip
MYSO,MYSO-540.wav,4.01408,500000,MYSO.zip
MYSO,MYSO-510.wav,1.998848,500000,MYSO.zip
MYSO,MYSO-396.wav,8.02816,500000,MYSO.zip
MYSO,MYSO-525.wav,6.012928,500000,MYSO.zip
MYSO,MYSO-429.wav,6.029312,500000,MYSO.zip
MYSO,MYSO-410.wav,4.01408,500000,MYSO.zip
MYSO,MYSO-422.wav,4.01408,500000,MYSO.zip
MYSO,MYSO-204.wav,4.01408,500000,MYSO.zip
MYSO,MYSO-184.wav,4.01408,500000,MYSO.zip
MYSO,MYSO-252.wav,6.012928,500000,MYSO.zip
MYSO,MYSO-120.wav,8.02816,500000,MYSO.zip
MYSO,MYSO-253.wav,4.01408,500000,MYSO.zip
MYSO,MYSO-73.wav,1.998848,500000,MYSO.zip
MYSO,MYSO-276.wav,6.012928,500000,MYSO.zip
MYSO,MYSO-244.wav,4.01408,500000,MYSO.zip
MYSO,MYSO-534.wav,4.01408,500000,MYSO.zip
MYSO,MYSO-228.wav,4.01408,500000,MYSO.zip
MYSO,MYSO-564.wav,1.998848,500000,MYSO.zip
MYSO,MYSO-561.wav,4.01408,500000,MYSO.zip
MYSO,MYSO-397.wav,8.02816,500000,MYSO.zip
MYSO,MYSO-566.wav,1.998848,500000,MYSO.zip
MYSO,MYSO-106.wav,4.01408,500000,MYSO.zip
MYSO,MYSO-232.wav,4.01408,500000,MYSO.zip
MYSO,MYSO-72.wav,1.998848,500000,MYSO.zip
MYSO,MYSO-427.wav,4.01408,500000,MYSO.zip
MYSO,MYSO-494.wav,6.012928,500000,MYSO.zip
MYSO,MYSO-30.wav,2.424832,500000,MYSO.zip
MYSO,MYSO-197.wav,4.01408,500000,MYSO.zip
MYSO,MYSO-259.wav,4.01408,500000,MYSO.zip
MYSO,MYSO-140.wav,4.01408,500000,MYSO.zip
MYSO,MYSO-49.wav,6.012928,500000,MYSO.zip
MYSO,MYSO-313.wav,1.998848,500000,MYSO.zip
MYSO,MYSO-139.wav,6.029312,500000,MYSO.zip
MYSO,MYSO-3.wav,2.015232,500000,MYSO.zip
MYSO,MYSO-572.wav,1.998848,500000,MYSO.zip
MYSO,MYSO-321.wav,1.998848,500000,MYSO.zip
MYSO,MYSO-2930286.wav,4.995072,500000,MYSO.zip
MYSO,MYSO-340.wav,4.01408,500000,MYSO.zip
MYSO,MYSO-220.wav,6.029312,500000,MYSO.zip
MYSO,MYSO-551.wav,4.01408,500000,MYSO.zip
MYSO,MYSO-457.wav,1.998848,500000,MYSO.zip
MYSO,MYSO-2799477.wav,4.774,256000,MYSO.zip
MYSO,MYSO-480.wav,6.012928,500000,MYSO.zip
MYSO,MYSO-352.wav,6.029312,500000,MYSO.zip
MYSO,MYSO-125.wav,4.01408,500000,MYSO.zip
MYSO,MYSO-324.wav,1.998848,500000,MYSO.zip
MYSO,MYSO-311.wav,1.998848,500000,MYSO.zip
MYSO,MYSO-226.wav,4.01408,500000,MYSO.zip
MYSO,MYSO-612.wav,4.01408,500000,MYSO.zip
MYSO,MYSO-186.wav,4.01408,500000,MYSO.zip
MYSO,MYSO-36.wav,1.998848,500000,MYSO.zip
MYSO,MYSO-2892473.wav,4.995072,500000,MYSO.zip
MYSO,MYSO-156.wav,1.998848,500000,MYSO.zip
MYSO,MYSO-315.wav,4.01408,500000,MYSO.zip
MYSO,MYSO-432.wav,8.02816,500000,MYSO.zip
MYSO,MYSO-406.wav,4.01408,500000,MYSO.zip
MYSO,MYSO-2956102.wav,4.995072,500000,MYSO.zip
MYSO,MYSO-2799609.wav,4.848,256000,MYSO.zip
MYSO,MYSO-389.wav,1.998848,500000,MYSO.zip
MYSO,MYSO-74.wav,1.998848,500000,MYSO.zip
MYSO,MYSO-338.wav,4.01408,500000,MYSO.zip
MYSO,MYSO-553.wav,4.01408,500000,MYSO.zip
MYSO,MYSO-415.wav,4.01408,500000,MYSO.zip
MYSO,MYSO-533.wav,6.012928,500000,MYSO.zip
MYSO,MYSO-579.wav,4.01408,500000,MYSO.zip
MYSO,MYSO-162.wav,4.01408,500000,MYSO.zip
MYSO,MYSO-481.wav,4.816896,500000,MYSO.zip
MYSO,MYSO-158.wav,6.029312,500000,MYSO.zip
MYSO,MYSO-535.wav,1.998848,500000,MYSO.zip
MYSO,MYSO-604.wav,4.01408,500000,MYSO.zip
MYSO,MYSO-182.wav,4.01408,500000,MYSO.zip
MYSO,MYSO-458.wav,4.01408,500000,MYSO.zip
MYSO,MYSO-571.wav,4.01408,500000,MYSO.zip
MYSO,MYSO-238.wav,6.029312,500000,MYSO.zip
MYSO,MYSO-312.wav,4.01408,500000,MYSO.zip
MYSO,MYSO-381.wav,4.01408,500000,MYSO.zip
MYSO,MYSO-104.wav,4.01408,500000,MYSO.zip
MYSO,MYSO-231.wav,4.01408,500000,MYSO.zip
MYSO,MYSO-193.wav,4.01408,500000,MYSO.zip
MYSO,MYSO-545.wav,4.01408,500000,MYSO.zip
MYSO,MYSO-209.wav,4.01408,500000,MYSO.zip
MYSO,MYSO-594.wav,2.015232,500000,MYSO.zip
MYSO,MYSO-326.wav,1.998848,500000,MYSO.zip
MYSO,MYSO-516.wav,4.01408,500000,MYSO.zip
MYSO,MYSO-198.wav,8.02816,500000,MYSO.zip
MYSO,MYSO-91.wav,4.01408,500000,MYSO.zip
MYSO,MYSO-17.wav,3.93216,500000,MYSO.zip
MYSO,MYSO-607.wav,1.998848,500000,MYSO.zip
MYSO,MYSO-375.wav,1.998848,500000,MYSO.zip
MYSO,MYSO-511.wav,4.01408,500000,MYSO.zip
MYSO,MYSO-2933411.wav,4.995072,500000,MYSO.zip
MYSO,MYSO-262.wav,4.01408,500000,MYSO.zip
MYSO,MYSO-568.wav,1.998848,500000,MYSO.zip
MYSO,MYSO-329.wav,4.01408,500000,MYSO.zip
MYSO,MYSO-440.wav,8.02816,500000,MYSO.zip
MYSO,MYSO-35.wav,4.01408,500000,MYSO.zip
MYSO,MYSO-454.wav,4.01408,500000,MYSO.zip
MYSO,MYSO-387.wav,6.012928,500000,MYSO.zip
MYSO,MYSO-144.wav,1.998848,500000,MYSO.zip
MYSO,MYSO-565.wav,4.01408,500000,MYSO.zip
MYSO,MYSO-23.wav,1.998848,500000,MYSO.zip
MYSO,MYSO-446.wav,4.01408,500000,MYSO.zip
MYSO,MYSO-487.wav,4.01408,500000,MYSO.zip
MYSO,MYSO-408.wav,4.01408,500000,MYSO.zip
MYSO,MYSO-453.wav,5.16096,500000,MYSO.zip
MYSO,MYSO-214.wav,5.849088,500000,MYSO.zip
MYSO,MYSO-310.wav,4.01408,500000,MYSO.zip
MYSO,MYSO-41.wav,4.01408,500000,MYSO.zip
MYSO,MYSO-146.wav,1.998848,500000,MYSO.zip
MYSO,MYSO-54.wav,1.998848,500000,MYSO.zip
MYSO,MYSO-81.wav,4.01408,500000,MYSO.zip
MYSO,MYSO-66.wav,7.94624,500000,MYSO.zip
MYSO,MYSO-11.wav,1.998848,500000,MYSO.zip
MYSO,MYSO-75.wav,4.194304,500000,MYSO.zip
MYSO,MYSO-504.wav,4.01408,500000,MYSO.zip
MYSO,MYSO-350.wav,4.01408,500000,MYSO.zip
MYSO,MYSO-584.wav,1.998848,500000,MYSO.zip
MYSO,MYSO-583.wav,4.374528,500000,MYSO.zip
MYSO,MYSO-100.wav,1.998848,500000,MYSO.zip
MYSO,MYSO-152.wav,4.01408,500000,MYSO.zip
MYSO,MYSO-517.wav,4.01408,500000,MYSO.zip
MYSO,MYSO-426.wav,4.01408,500000,MYSO.zip
MYSO,MYSO-491.wav,6.012928,500000,MYSO.zip
MYSO,MYSO-176.wav,6.012928,500000,MYSO.zip
MYSO,MYSO-482.wav,4.01408,500000,MYSO.zip
MYSO,MYSO-26.wav,2.408448,500000,MYSO.zip
MYSO,MYSO-143.wav,1.998848,500000,MYSO.zip
MYSO,MYSO-138.wav,1.998848,500000,MYSO.zip
MYSO,MYSO-463.wav,8.02816,500000,MYSO.zip
MYSO,MYSO-32.wav,4.01408,500000,MYSO.zip
MYSO,MYSO-133.wav,1.998848,500000,MYSO.zip
MYSO,MYSO-154.wav,1.998848,500000,MYSO.zip
MYSO,MYSO-496.wav,6.012928,500000,MYSO.zip
MYSO,MYSO-283.wav,1.998848,500000,MYSO.zip
MYSO,MYSO-600.wav,6.012928,500000,MYSO.zip
MYSO,MYSO-47.wav,4.01408,500000,MYSO.zip
MYSO,MYSO-203.wav,4.01408,500000,MYSO.zip
MYSO,MYSO-430.wav,4.01408,500000,MYSO.zip
MYSO,MYSO-556.wav,1.998848,500000,MYSO.zip
MYSO,MYSO-492.wav,4.01408,500000,MYSO.zip
MYSO,MYSO-22.wav,1.998848,500000,MYSO.zip
MYSO,MYSO-347.wav,4.01408,500000,MYSO.zip
MYSO,MYSO-477.wav,6.012928,500000,MYSO.zip
MYSO,MYSO-528.wav,4.01408,500000,MYSO.zip
MYSO,MYSO-205.wav,6.029312,500000,MYSO.zip
MYSO,MYSO-129.wav,1.998848,500000,MYSO.zip
MYSO,MYSO-554.wav,1.998848,500000,MYSO.zip
MYSO,MYSO-101.wav,3.375104,500000,MYSO.zip
MYSO,MYSO-260.wav,4.01408,500000,MYSO.zip
MYSO,MYSO-113.wav,1.998848,500000,MYSO.zip
MYSO,MYSO-581.wav,1.998848,500000,MYSO.zip
MYSO,MYSO-497.wav,4.01408,500000,MYSO.zip
MYSO,MYSO-257.wav,4.01408,500000,MYSO.zip
MYSO,MYSO-388.wav,1.998848,500000,MYSO.zip
MYSO,MYSO-110.wav,4.99712,500000,MYSO.zip
MYSO,MYSO-2904079.wav,4.995072,500000,MYSO.zip
MYSO,MYSO-80.wav,2.965504,500000,MYSO.zip
MYSO,MYSO-582.wav,4.01408,500000,MYSO.zip
MYSO,MYSO-546.wav,4.01408,500000,MYSO.zip
MYSO,MYSO-500.wav,4.01408,500000,MYSO.zip
MYSO,MYSO-452.wav,6.012928,500000,MYSO.zip
MYSO,MYSO-8.wav,4.01408,500000,MYSO.zip
MYSO,MYSO-557.wav,4.01408,500000,MYSO.zip
MYSO,MYSO-527.wav,7.159808,500000,MYSO.zip
MYSO,MYSO-353.wav,1.998848,500000,MYSO.zip
MYSO,MYSO-363.wav,4.01408,500000,MYSO.zip
MYSO,MYSO-216.wav,8.02816,500000,MYSO.zip
MYSO,MYSO-588.wav,1.998848,500000,MYSO.zip
MYSO,MYSO-111.wav,3.063808,500000,MYSO.zip
MYSO,MYSO-39.wav,6.012928,500000,MYSO.zip
MYSO,MYSO-45.wav,4.01408,500000,MYSO.zip
MYSO,MYSO-292.wav,6.012928,500000,MYSO.zip
MYSO,MYSO-183.wav,4.01408,500000,MYSO.zip
MYSO,MYSO-486.wav,4.01408,500000,MYSO.zip
MYSO,MYSO-536.wav,6.029312,500000,MYSO.zip
MYSO,MYSO-512.wav,1.998848,500000,MYSO.zip
MYSO,MYSO-519.wav,8.02816,500000,MYSO.zip
MYSO,MYSO-359.wav,1.998848,500000,MYSO.zip
MYSO,MYSO-341.wav,4.01408,500000,MYSO.zip
MYSO,MYSO-2912929.wav,4.995072,500000,MYSO.zip
MYSO,MYSO-65.wav,4.01408,500000,MYSO.zip
MYSO,MYSO-211.wav,6.012928,500000,MYSO.zip
MYSO,MYSO-445.wav,4.01408,500000,MYSO.zip
MYSO,MYSO-191.wav,4.01408,500000,MYSO.zip
MYSO,MYSO-92.wav,4.01408,500000,MYSO.zip
MYSO,MYSO-0.wav,6.012928,500000,MYSO.zip
MYSO,MYSO-337.wav,6.012928,500000,MYSO.zip
MYSO,MYSO-365.wav,4.01408,500000,MYSO.zip
MYSO,MYSO-467.wav,4.01408,500000,MYSO.zip
MYSO,MYSO-122.wav,4.01408,500000,MYSO.zip
MYSO,MYSO-529.wav,4.01408,500000,MYSO.zip
MYSO,MYSO-322.wav,1.998848,500000,MYSO.zip
MYSO,MYSO-459.wav,6.029312,500000,MYSO.zip
MYSO,MYSO-147.wav,1.998848,500000,MYSO.zip
MYSO,MYSO-304.wav,1.998848,500000,MYSO.zip
MYSO,MYSO-166.wav,6.012928,500000,MYSO.zip
MYSO,MYSO-242.wav,4.01408,500000,MYSO.zip
MYSO,MYSO-50.wav,2.080768,500000,MYSO.zip
MYSO,MYSO-194.wav,4.01408,500000,MYSO.zip
MYSO,MYSO-135.wav,2.53952,500000,MYSO.zip
MYSO,MYSO-573.wav,8.02816,500000,MYSO.zip
MYSO,MYSO-601.wav,4.01408,500000,MYSO.zip
MYSO,MYSO-474.wav,4.01408,500000,MYSO.zip
MYSO,MYSO-2927444.wav,4.995072,500000,MYSO.zip
MYSO,MYSO-428.wav,6.012928,500000,MYSO.zip
MYSO,MYSO-439.wav,4.01408,500000,MYSO.zip
MYSO,MYSO-275.wav,4.01408,500000,MYSO.zip
MYSO,MYSO-261.wav,4.01408,500000,MYSO.zip
MYSO,MYSO-85.wav,4.01408,500000,MYSO.zip
MYSO,MYSO-71.wav,4.01408,500000,MYSO.zip
MYSO,MYSO-300.wav,4.01408,500000,MYSO.zip
MYSO,MYSO-116.wav,4.01408,500000,MYSO.zip
MYSO,MYSO-29967637.wav,4.544,256000,MYSO.zip
MYSO,MYSO-170.wav,4.01408,500000,MYSO.zip
MYSO,MYSO-400.wav,4.01408,500000,MYSO.zip
MYSO,MYSO-40.wav,6.029312,500000,MYSO.zip
MYSO,MYSO-307.wav,1.998848,500000,MYSO.zip
MYSO,MYSO-379.wav,4.01408,500000,MYSO.zip
MYSO,MYSO-456.wav,4.01408,500000,MYSO.zip
MYSO,MYSO-559.wav,4.01408,500000,MYSO.zip
MYSO,MYSO-441.wav,6.012928,500000,MYSO.zip
MYSO,MYSO-237.wav,4.01408,500000,MYSO.zip
MYSO,MYSO-20.wav,6.012928,500000,MYSO.zip
MYSO,MYSO-201.wav,6.012928,500000,MYSO.zip
MYSO,MYSO-44.wav,4.01408,500000,MYSO.zip
MYSO,MYSO-385.wav,1.998848,500000,MYSO.zip
MYSO,MYSO-449.wav,4.01408,500000,MYSO.zip
MYSO,MYSO-515.wav,4.01408,500000,MYSO.zip
MYSO,MYSO-597.wav,4.01408,500000,MYSO.zip
MYSO,MYSO-86.wav,4.046848,500000,MYSO.zip
MYSO,MYSO-88.wav,4.01408,500000,MYSO.zip
MYSO,MYSO-157.wav,4.01408,500000,MYSO.zip
MYSO,MYSO-159.wav,4.01408,500000,MYSO.zip
MYSO,MYSO-314.wav,1.998848,500000,MYSO.zip
MYSO,MYSO-2796298.wav,5.0,256000,MYSO.zip
MYSO,MYSO-373.wav,1.998848,500000,MYSO.zip
MYSO,MYSO-134.wav,4.01408,500000,MYSO.zip
MYSO,MYSO-263.wav,8.02816,500000,MYSO.zip
MYSO,MYSO-361.wav,8.02816,500000,MYSO.zip
MYSO,MYSO-254.wav,6.012928,500000,MYSO.zip
MYSO,MYSO-130.wav,4.01408,500000,MYSO.zip
MYSO,MYSO-123.wav,4.01408,500000,MYSO.zip
MYSO,MYSO-417.wav,6.029312,500000,MYSO.zip
MYSO,MYSO-377.wav,4.01408,500000,MYSO.zip
MYSO,MYSO-325.wav,4.01408,500000,MYSO.zip
MYSO,MYSO-290.wav,4.01408,500000,MYSO.zip
MYSO,MYSO-577.wav,6.012928,500000,MYSO.zip
MYSO,MYSO-77.wav,4.01408,500000,MYSO.zip
MYSO,MYSO-502.wav,1.998848,500000,MYSO.zip
MYSO,MYSO-593.wav,4.01408,500000,MYSO.zip
MYSO,MYSO-59.wav,4.01408,500000,MYSO.zip
MYSO,MYSO-609.wav,8.02816,500000,MYSO.zip
MYSO,MYSO-93.wav,4.01408,500000,MYSO.zip
MYSO,MYSO-2889694.wav,4.995072,500000,MYSO.zip
MYSO,MYSO-240.wav,1.998848,500000,MYSO.zip
MYSO,MYSO-391.wav,4.01408,500000,MYSO.zip
MYSO,MYSO-390.wav,1.998848,500000,MYSO.zip
MYSO,MYSO-309.wav,4.01408,500000,MYSO.zip
MYSO,MYSO-552.wav,7.634944,500000,MYSO.zip
MYSO,MYSO-4.wav,4.01408,500000,MYSO.zip
MYSO,MYSO-2799322.wav,3.08,256000,MYSO.zip
MYSO,MYSO-243.wav,4.538368,500000,MYSO.zip
MYSO,MYSO-462.wav,4.01408,500000,MYSO.zip
MYSO,MYSO-219.wav,7.143424,500000,MYSO.zip
MYSO,MYSO-567.wav,6.012928,500000,MYSO.zip
MYSO,MYSO-443.wav,1.998848,500000,MYSO.zip
MYSO,MYSO-57.wav,4.01408,500000,MYSO.zip
MYSO,MYSO-489.wav,6.029312,500000,MYSO.zip
MYSO,MYSO-251.wav,4.01408,500000,MYSO.zip
MYSO,MYSO-316.wav,1.998848,500000,MYSO.zip
MYSO,MYSO-450.wav,4.01408,500000,MYSO.zip
MYSO,MYSO-173.wav,4.01408,500000,MYSO.zip
MYSO,MYSO-155.wav,4.01408,500000,MYSO.zip
MYSO,MYSO-296.wav,4.01408,500000,MYSO.zip
MYSO,MYSO-212.wav,7.733248,500000,MYSO.zip
MYSO,MYSO-114.wav,4.01408,500000,MYSO.zip
MYSO,MYSO-488.wav,6.012928,500000,MYSO.zip
MYSO,MYSO-285.wav,6.012928,500000,MYSO.zip
MYSO,MYSO-223.wav,1.998848,500000,MYSO.zip
MYSO,MYSO-18.wav,2.965504,500000,MYSO.zip
MYSO,MYSO-590.wav,1.998848,500000,MYSO.zip
MYSO,MYSO-127.wav,3.096576,500000,MYSO.zip
MYSO,MYSO-319.wav,6.012928,500000,MYSO.zip
MYSO,MYSO-171.wav,4.01408,500000,MYSO.zip
MYSO,MYSO-151.wav,1.998848,500000,MYSO.zip
MYSO,MYSO-421.wav,6.012928,500000,MYSO.zip
MYSO,MYSO-172.wav,6.012928,500000,MYSO.zip
MYSO,MYSO-82.wav,5.390336,500000,MYSO.zip
MYSO,MYSO-63.wav,1.998848,500000,MYSO.zip
MYSO,MYSO-136.wav,1.998848,500000,MYSO.zip
MYSO,MYSO-562.wav,1.998848,500000,MYSO.zip
MYSO,MYSO-503.wav,4.01408,500000,MYSO.zip
MYSO,MYSO-150.wav,8.02816,500000,MYSO.zip
MYSO,MYSO-423.wav,4.01408,500000,MYSO.zip
MYSO,MYSO-539.wav,1.998848,500000,MYSO.zip
MYSO,MYSO-266.wav,4.01408,500000,MYSO.zip
MYSO,MYSO-107.wav,7.274496,500000,MYSO.zip
MYSO,MYSO-614.wav,1.998848,500000,MYSO.zip
MYSO,MYSO-87.wav,1.998848,500000,MYSO.zip
MYSO,MYSO-109.wav,4.01408,500000,MYSO.zip
MYSO,MYSO-435.wav,4.01408,500000,MYSO.zip
MYSO,MYSO-189.wav,1.998848,500000,MYSO.zip
MYSO,MYSO-606.wav,4.01408,500000,MYSO.zip
MYSO,MYSO-217.wav,1.998848,500000,MYSO.zip
MYSO,MYSO-332.wav,1.998848,500000,MYSO.zip
MYSO,MYSO-202.wav,6.438912,500000,MYSO.zip
MYSO,MYSO-371.wav,4.01408,500000,MYSO.zip
MYSO,MYSO-358.wav,1.998848,500000,MYSO.zip
MYSO,MYSO-168.wav,4.01408,500000,MYSO.zip
MYSO,MYSO-436.wav,8.02816,500000,MYSO.zip
MYSO,MYSO-327.wav,4.01408,500000,MYSO.zip
MYSO,MYSO-320.wav,2.031616,500000,MYSO.zip
MYSO,MYSO-2899606.wav,4.995072,500000,MYSO.zip
MYSO,MYSO-225.wav,6.012928,500000,MYSO.zip
MYSO,MYSO-513.wav,4.01408,500000,MYSO.zip
MYSO,MYSO-103.wav,4.01408,500000,MYSO.zip
MYSO,MYSO-308.wav,1.998848,500000,MYSO.zip
MYSO,MYSO-12.wav,1.998848,500000,MYSO.zip
MYSO,MYSO-2795307.wav,5.0,256000,MYSO.zip
MYSO,MYSO-2905885.wav,4.995072,500000,MYSO.zip
MYSO,MYSO-411.wav,1.998848,500000,MYSO.zip
MYSO,MYSO-366.wav,4.01408,500000,MYSO.zip
MYSO,MYSO-2911906.wav,4.995072,500000,MYSO.zip
MYSO,MYSO-384.wav,4.01408,500000,MYSO.zip
MYSO,MYSO-404.wav,4.01408,500000,MYSO.zip
MYSO,MYSO-585.wav,1.998848,500000,MYSO.zip
MYSO,MYSO-599.wav,6.012928,500000,MYSO.zip
MYSO,MYSO-608.wav,1.998848,500000,MYSO.zip
MYSO,MYSO-555.wav,4.01408,500000,MYSO.zip
MYSO,MYSO-233.wav,4.01408,500000,MYSO.zip
MYSO,MYSO-55.wav,4.01408,500000,MYSO.zip
MYSO,MYSO-67.wav,4.01408,500000,MYSO.zip
MYSO,MYSO-167.wav,4.01408,500000,MYSO.zip
MYSO,MYSO-15.wav,4.01408,500000,MYSO.zip
MYSO,MYSO-273.wav,4.01408,500000,MYSO.zip
MYSO,MYSO-323.wav,1.998848,500000,MYSO.zip
MYSO,MYSO-206.wav,6.012928,500000,MYSO.zip
MYSO,MYSO-190.wav,6.029312,500000,MYSO.zip
MYSO,MYSO-544.wav,4.01408,500000,MYSO.zip
MYSO,MYSO-438.wav,6.029312,500000,MYSO.zip
MYSO,MYSO-382.wav,4.01408,500000,MYSO.zip
MYSO,MYSO-570.wav,4.01408,500000,MYSO.zip
MYSO,MYSO-115.wav,6.340608,500000,MYSO.zip
MYSO,MYSO-335.wav,4.01408,500000,MYSO.zip
MYSO,MYSO-53.wav,4.01408,500000,MYSO.zip
MYSO,MYSO-224.wav,4.01408,500000,MYSO.zip
MYSO,MYSO-148.wav,4.01408,500000,MYSO.zip
MYSO,MYSO-451.wav,4.01408,500000,MYSO.zip
MYSO,MYSO-102.wav,6.422528,500000,MYSO.zip
MYSO,MYSO-264.wav,1.998848,500000,MYSO.zip
MYSO,MYSO-409.wav,4.01408,500000,MYSO.zip
MYSO,MYSO-466.wav,4.01408,500000,MYSO.zip
MYSO,MYSO-378.wav,1.998848,500000,MYSO.zip
MYSO,MYSO-179.wav,4.01408,500000,MYSO.zip
MYSO,MYSO-521.wav,4.01408,500000,MYSO.zip
MYSO,MYSO-507.wav,4.01408,500000,MYSO.zip
MYSO,MYSO-69.wav,4.01408,500000,MYSO.zip
MYSO,MYSO-523.wav,4.01408,500000,MYSO.zip
MYSO,MYSO-328.wav,4.01408,500000,MYSO.zip
MYSO,MYSO-493.wav,4.01408,500000,MYSO.zip
MYSO,MYSO-207.wav,2.015232,500000,MYSO.zip
MYSO,MYSO-399.wav,4.030464,500000,MYSO.zip
MYSO,MYSO-591.wav,1.998848,500000,MYSO.zip
MYSO,MYSO-33.wav,1.998848,500000,MYSO.zip
MYSO,MYSO-277.wav,4.01408,500000,MYSO.zip
MYSO,MYSO-98.wav,4.01408,500000,MYSO.zip
MYSO,MYSO-241.wav,4.01408,500000,MYSO.zip
MYSO,MYSO-448.wav,7.815168,500000,MYSO.zip
MYSO,MYSO-126.wav,4.01408,500000,MYSO.zip
MYSO,MYSO-574.wav,1.998848,500000,MYSO.zip
MYSO,MYSO-128.wav,1.998848,500000,MYSO.zip
MYSO,MYSO-589.wav,6.029312,500000,MYSO.zip
MYSO,MYSO-414.wav,4.01408,500000,MYSO.zip
MYSO,MYSO-592.wav,4.01408,500000,MYSO.zip
MYSO,MYSO-34.wav,1.998848,500000,MYSO.zip
MYSO,MYSO-412.wav,4.358144,500000,MYSO.zip
MYSO,MYSO-372.wav,6.012928,500000,MYSO.zip
MYSO,MYSO-558.wav,4.01408,500000,MYSO.zip
MYTH,MYTH-73567255.wav,5.004,192000,MYTH.zip
MYTH,MYTH-73511817.wav,5.0,256000,MYTH.zip
MYTH,MYTH-32909494.wav,7.754,256000,MYTH.zip
MYTH,MYTH-28347778.wav,6.0,384000,MYTH.zip
MYTH,MYTH-54310679.wav,6.0,384000,MYTH.zip
MYTH,MYTH-29841201.wav,5.004,192000,MYTH.zip
MYTH,MYTH-1334567.wav,7.998,256000,MYTH.zip
MYTH,MYTH-1531649.wav,4.034,256000,MYTH.zip
MYTH,MYTH-54308287.wav,6.0,384000,MYTH.zip
MYTH,MYTH-32883451.wav,6.0,384000,MYTH.zip
MYTH,MYTH-1401965.wav,6.0,384000,MYTH.zip
MYTH,MYTH-28498722.wav,5.0,192000,MYTH.zip
MYTH,MYTH-32904703.wav,4.978,256000,MYTH.zip
MYTH,MYTH-56649343.wav,6.0,384000,MYTH.zip
MYTH,MYTH-63090003.wav,6.0,384000,MYTH.zip
MYTH,MYTH-29724038.wav,5.004,192000,MYTH.zip
MYTH,MYTH-1402009.wav,5.78,384000,MYTH.zip
MYTH,MYTH-54410640.wav,5.761333333333333,384000,MYTH.zip
MYTH,MYTH-29295710.wav,5.0,192000,MYTH.zip
MYTH,MYTH-73583772.wav,5.0,256000,MYTH.zip
MYTH,MYTH-1402184.wav,3.6413333333333338,384000,MYTH.zip
MYTH,MYTH-29295938.wav,5.0,192000,MYTH.zip
MYTH,MYTH-54410606.wav,6.0,384000,MYTH.zip
MYTH,MYTH-56649342.wav,6.0,384000,MYTH.zip
MYTH,MYTH-28495520.wav,5.0,192000,MYTH.zip
MYTH,MYTH-73584072.wav,5.0,256000,MYTH.zip
MYTH,MYTH-29323502.wav,5.0,192000,MYTH.zip
MYTH,MYTH-55346227.wav,6.0,384000,MYTH.zip
MYTH,MYTH-267910.wav,4.512,256000,MYTH.zip
MYTH,MYTH-32881563.wav,6.0,384000,MYTH.zip
MYTH,MYTH-63090613.wav,6.0,384000,MYTH.zip
MYTH,MYTH-1517513.wav,4.99837,300000,MYTH.zip
MYTH,MYTH-54423476.wav,5.962666666666666,384000,MYTH.zip
MYTH,MYTH-1322637.wav,4.99837,300000,MYTH.zip
MYTH,MYTH-54310890.wav,5.370666666666667,384000,MYTH.zip
MYTH,MYTH-260983.wav,4.98,256000,MYTH.zip
MYTH,MYTH-54311692.wav,6.0,384000,MYTH.zip
MYTH,MYTH-28468708.wav,5.0,192000,MYTH.zip
MYTH,MYTH-2108270.wav,6.0,384000,MYTH.zip
MYTH,MYTH-73566304.wav,5.004,192000,MYTH.zip
MYTH,MYTH-28501877.wav,5.0,192000,MYTH.zip
MYTH,MYTH-55346869.wav,6.0,384000,MYTH.zip
MYTH,MYTH-29846104.wav,5.004,192000,MYTH.zip
MYTH,MYTH-28455804.wav,5.0,192000,MYTH.zip
MYTH,MYTH-3057039.wav,2.999022,500000,MYTH.zip
MYTH,MYTH-29737316.wav,5.0,192000,MYTH.zip
MYTH,MYTH-29285692.wav,5.0,192000,MYTH.zip
MYTH,MYTH-29296374.wav,5.0,192000,MYTH.zip
MYTH,MYTH-29723726.wav,5.004,192000,MYTH.zip
MYTH,MYTH-54410608.wav,6.0,384000,MYTH.zip
MYTH,MYTH-29841138.wav,3.1413333333333333,192000,MYTH.zip
MYTH,MYTH-33484167.wav,5.452,256000,MYTH.zip
MYTH,MYTH-54314397.wav,6.0,384000,MYTH.zip
MYTH,MYTH-32881238.wav,6.0,384000,MYTH.zip
MYTH,MYTH-73565739.wav,5.004,192000,MYTH.zip
MYTH,MYTH-73567174.wav,5.004,192000,MYTH.zip
MYTH,MYTH-29287418.wav,3.7186666666666666,192000,MYTH.zip
MYTH,MYTH-1445441.wav,7.876,256000,MYTH.zip
MYTH,MYTH-3934755.wav,6.0,384000,MYTH.zip
MYTH,MYTH-63091179.wav,6.0,384000,MYTH.zip
MYTH,MYTH-29396313.wav,3.722,256000,MYTH.zip
MYTH,MYTH-266348.wav,7.064,256000,MYTH.zip
MYTH,MYTH-56648538.wav,4.6066666666666665,384000,MYTH.zip
MYTH,MYTH-29758995.wav,5.004,192000,MYTH.zip
MYTH,MYTH-29285334.wav,5.0,192000,MYTH.zip
MYTH,MYTH-29000736.wav,4.496,256000,MYTH.zip
MYTH,MYTH-28470749.wav,5.0,192000,MYTH.zip
MYTH,MYTH-144132.wav,8.088,256000,MYTH.zip
MYTH,MYTH-28530991.wav,6.0,384000,MYTH.zip
MYTH,MYTH-28341049.wav,5.936,384000,MYTH.zip
MYTH,MYTH-28344692.wav,6.0,384000,MYTH.zip
MYTH,MYTH-29875647.wav,5.004,192000,MYTH.zip
MYTH,MYTH-28530995.wav,6.0,384000,MYTH.zip
MYTH,MYTH-56648505.wav,6.0,384000,MYTH.zip
MYTH,MYTH-73514680.wav,5.0,256000,MYTH.zip
MYTH,MYTH-29296180.wav,5.0,192000,MYTH.zip
MYTH,MYTH-54316150.wav,6.0,384000,MYTH.zip
MYTH,MYTH-54410607.wav,6.0,384000,MYTH.zip
MYTH,MYTH-60369521.wav,6.718,256000,MYTH.zip
MYTH,MYTH-5241.wav,6.0,384000,MYTH.zip
MYTH,MYTH-28419094.wav,5.0,192000,MYTH.zip
MYTH,MYTH-28505693.wav,5.0,192000,MYTH.zip
MYTH,MYTH-33484176.wav,3.386,256000,MYTH.zip
MYTH,MYTH-33449450.wav,6.872,256000,MYTH.zip
MYTH,MYTH-268459.wav,7.382,256000,MYTH.zip
MYTH,MYTH-28392840.wav,5.0,192000,MYTH.zip
MYTH,MYTH-28518609.wav,5.0,192000,MYTH.zip
MYTH,MYTH-263133.wav,6.61,256000,MYTH.zip
MYTH,MYTH-54311974.wav,6.0,384000,MYTH.zip
MYTH,MYTH-29339988.wav,4.874666666666666,192000,MYTH.zip
MYTH,MYTH-28271370.wav,6.0,384000,MYTH.zip
MYTH,MYTH-53857260.wav,4.998976,500000,MYTH.zip
MYTH,MYTH-29295734.wav,5.0,192000,MYTH.zip
MYTH,MYTH-54309929.wav,6.0,384000,MYTH.zip
MYTH,MYTH-54323228.wav,6.0,384000,MYTH.zip
MYTH,MYTH-29285284.wav,5.0,192000,MYTH.zip
MYTH,MYTH-1469113.wav,6.478,256000,MYTH.zip
MYTH,MYTH-2069846.wav,4.998976,500000,MYTH.zip
MYTH,MYTH-60285872.wav,6.0,384000,MYTH.zip
MYTH,MYTH-56650224.wav,6.0,384000,MYTH.zip
MYTH,MYTH-29296406.wav,5.0,192000,MYTH.zip
MYTH,MYTH-28519058.wav,5.0,192000,MYTH.zip
MYTH,MYTH-1939982.wav,4.999022,500000,MYTH.zip
MYTH,MYTH-212399.wav,4.998976,500000,MYTH.zip
MYTH,MYTH-73541286.wav,5.0,256000,MYTH.zip
MYTH,MYTH-56649346.wav,6.0,384000,MYTH.zip
MYTH,MYTH-269021.wav,4.818,256000,MYTH.zip
MYTH,MYTH-28416833.wav,5.0,192000,MYTH.zip
MYTH,MYTH-3943533.wav,4.230666666666667,384000,MYTH.zip
MYTH,MYTH-30668385.wav,4.998976,500000,MYTH.zip
MYTH,MYTH-1986878.wav,6.0,384000,MYTH.zip
MYTH,MYTH-33449975.wav,7.098,256000,MYTH.zip
MYTH,MYTH-28270871.wav,6.0,384000,MYTH.zip
MYTH,MYTH-28419113.wav,5.0,192000,MYTH.zip
MYTH,MYTH-28272904.wav,6.0,384000,MYTH.zip
MYTH,MYTH-33617034.wav,5.0,192000,MYTH.zip
MYTH,MYTH-28530825.wav,6.0,384000,MYTH.zip
MYTH,MYTH-31647968.wav,4.99992,500000,MYTH.zip
MYTH,MYTH-29719712.wav,4.161333333333333,192000,MYTH.zip
MYTH,MYTH-54317099.wav,6.0,384000,MYTH.zip
MYTH,MYTH-32911038.wav,7.082,256000,MYTH.zip
MYTH,MYTH-54410627.wav,6.0,384000,MYTH.zip
MYTH,MYTH-55346919.wav,6.0,384000,MYTH.zip
MYTH,MYTH-54410617.wav,6.0,384000,MYTH.zip
MYTH,MYTH-60369518.wav,6.47,256000,MYTH.zip
MYTH,MYTH-215731.wav,4.998976,500000,MYTH.zip
MYTH,MYTH-54316954.wav,5.498666666666667,384000,MYTH.zip
MYTH,MYTH-64897917.wav,5.0,500000,MYTH.zip
MYTH,MYTH-33450230.wav,4.128,256000,MYTH.zip
MYTH,MYTH-28588613.wav,6.0,384000,MYTH.zip
MYTH,MYTH-63091584.wav,6.0,384000,MYTH.zip
MYTH,MYTH-28400046.wav,5.0,192000,MYTH.zip
MYTH,MYTH-73513003.wav,5.0,256000,MYTH.zip
MYTH,MYTH-54426965.wav,5.334666666666666,384000,MYTH.zip
MYTH,MYTH-28456811.wav,5.0,192000,MYTH.zip
MYTH,MYTH-222809.wav,8.07,256000,MYTH.zip
MYTH,MYTH-73545757.wav,5.0,256000,MYTH.zip
MYTH,MYTH-2066554.wav,4.998976,500000,MYTH.zip
MYTH,MYTH-1401924.wav,6.0,384000,MYTH.zip
MYTH,MYTH-29342372.wav,5.0,192000,MYTH.zip
MYTH,MYTH-29284847.wav,4.882666666666666,192000,MYTH.zip
MYTH,MYTH-29284476.wav,5.0,192000,MYTH.zip
MYTH,MYTH-29872857.wav,5.004,192000,MYTH.zip
MYTH,MYTH-73583432.wav,4.73,256000,MYTH.zip
MYTH,MYTH-73545861.wav,5.0,256000,MYTH.zip
MYTH,MYTH-262451.wav,5.322,256000,MYTH.zip
MYTH,MYTH-54312693.wav,6.0,384000,MYTH.zip
MYTH,MYTH-1337188.wav,5.94,256000,MYTH.zip
MYTH,MYTH-73511520.wav,5.0,256000,MYTH.zip
MYTH,MYTH-73628269.wav,5.0,256000,MYTH.zip
MYTH,MYTH-214108.wav,4.998976,500000,MYTH.zip
MYTH,MYTH-28518534.wav,5.0,192000,MYTH.zip
MYTH,MYTH-73572647.wav,5.004,192000,MYTH.zip
MYTH,MYTH-33449960.wav,6.21,256000,MYTH.zip
MYTH,MYTH-29773110.wav,3.298666666666666,192000,MYTH.zip
MYTH,MYTH-54310423.wav,6.0,384000,MYTH.zip
MYTH,MYTH-63088560.wav,6.0,384000,MYTH.zip
MYTH,MYTH-63090082.wav,6.0,384000,MYTH.zip
MYTH,MYTH-269151.wav,4.768,256000,MYTH.zip
MYTH,MYTH-28530117.wav,5.0,192000,MYTH.zip
MYTH,MYTH-268511.wav,2.486,256000,MYTH.zip
MYTH,MYTH-73566591.wav,5.004,192000,MYTH.zip
MYTH,MYTH-29284613.wav,5.0,192000,MYTH.zip
MYTH,MYTH-214151.wav,4.998976,500000,MYTH.zip
MYTH,MYTH-29874216.wav,5.004,192000,MYTH.zip
MYTH,MYTH-1325252.wav,7.062,256000,MYTH.zip
MYTH,MYTH-28470380.wav,5.0,192000,MYTH.zip
MYTH,MYTH-29393233.wav,5.204,256000,MYTH.zip
MYTH,MYTH-54410612.wav,6.0,384000,MYTH.zip
MYTH,MYTH-60291985.wav,5.0,500000,MYTH.zip
MYTH,MYTH-28347076.wav,6.0,384000,MYTH.zip
MYTH,MYTH-29773671.wav,4.998666666666667,192000,MYTH.zip
MYTH,MYTH-28523074.wav,5.0,192000,MYTH.zip
MYTH,MYTH-73545883.wav,4.612,256000,MYTH.zip
MYTH,MYTH-28518824.wav,5.0,192000,MYTH.zip
MYTH,MYTH-29083998.wav,4.998976,500000,MYTH.zip
MYTH,MYTH-29163386.wav,4.998976,500000,MYTH.zip
MYTH,MYTH-28455441.wav,5.0,192000,MYTH.zip
MYTH,MYTH-73640820.wav,5.0,256000,MYTH.zip
MYTH,MYTH-32037749.wav,6.0,384000,MYTH.zip
MYTH,MYTH-2069848.wav,4.998976,500000,MYTH.zip
MYTH,MYTH-54315641.wav,6.0,384000,MYTH.zip
MYTH,MYTH-28469860.wav,5.0,192000,MYTH.zip
MYTH,MYTH-60351111.wav,5.424,384000,MYTH.zip
MYTH,MYTH-64880023.wav,5.0,500000,MYTH.zip
MYTH,MYTH-28506049.wav,5.0,192000,MYTH.zip
MYTH,MYTH-55346694.wav,6.0,384000,MYTH.zip
MYTH,MYTH-29294727.wav,5.0,192000,MYTH.zip
MYTH,MYTH-2154853.wav,6.0,384000,MYTH.zip
MYTH,MYTH-3935047.wav,6.0,384000,MYTH.zip
MYTH,MYTH-28468888.wav,5.0,192000,MYTH.zip
MYTH,MYTH-73511130.wav,5.0,256000,MYTH.zip
MYTH,MYTH-29296169.wav,5.0,192000,MYTH.zip
MYTH,MYTH-28412105.wav,5.0,192000,MYTH.zip
MYTH,MYTH-33430409.wav,7.722,256000,MYTH.zip
MYTH,MYTH-2871734.wav,4.999022,500000,MYTH.zip
MYTH,MYTH-2066006.wav,4.998976,500000,MYTH.zip
MYTH,MYTH-30667979.wav,4.998976,500000,MYTH.zip
MYTH,MYTH-54311554.wav,6.0,384000,MYTH.zip
MYTH,MYTH-28361836.wav,6.0,384000,MYTH.zip
MYTH,MYTH-28519091.wav,5.0,192000,MYTH.zip
MYTH,MYTH-55346542.wav,6.0,384000,MYTH.zip
MYTH,MYTH-28509214.wav,5.0,192000,MYTH.zip
MYTH,MYTH-32899980.wav,2.822,256000,MYTH.zip
MYTH,MYTH-269192.wav,7.35,256000,MYTH.zip
MYTH,MYTH-29773111.wav,1.36521875,192000,MYTH.zip
MYTH,MYTH-28507056.wav,4.048,192000,MYTH.zip
MYTH,MYTH-29181146.wav,7.144,256000,MYTH.zip
MYTH,MYTH-73608466.wav,5.0,256000,MYTH.zip
MYTH,MYTH-56649542.wav,6.0,384000,MYTH.zip
MYTH,MYTH-29736734.wav,5.0,192000,MYTH.zip
MYTH,MYTH-54312559.wav,6.0,384000,MYTH.zip
MYTH,MYTH-29324620.wav,5.0,192000,MYTH.zip
MYTH,MYTH-29286188.wav,5.004,192000,MYTH.zip
MYTH,MYTH-54427328.wav,6.0,384000,MYTH.zip
MYTH,MYTH-73545756.wav,5.0,256000,MYTH.zip
MYTH,MYTH-28518823.wav,5.0,192000,MYTH.zip
MYTH,MYTH-63086749.wav,6.0,384000,MYTH.zip
MYTH,MYTH-32881291.wav,6.0,384000,MYTH.zip
MYTH,MYTH-29723865.wav,5.004,192000,MYTH.zip
MYTH,MYTH-1334604.wav,6.236,256000,MYTH.zip
MYTH,MYTH-29739577.wav,4.998666666666667,192000,MYTH.zip
MYTH,MYTH-28998574.wav,6.708,256000,MYTH.zip
MYTH,MYTH-33448016.wav,6.982,256000,MYTH.zip
MYTH,MYTH-28469563.wav,5.0,192000,MYTH.zip
MYTH,MYTH-29295746.wav,5.0,192000,MYTH.zip
MYTH,MYTH-56650422.wav,6.0,384000,MYTH.zip
MYTH,MYTH-54323439.wav,6.0,384000,MYTH.zip
MYTH,MYTH-54299719.wav,6.0,384000,MYTH.zip
MYTH,MYTH-54424532.wav,6.0,384000,MYTH.zip
MYTH,MYTH-1986838.wav,6.0,384000,MYTH.zip
MYTH,MYTH-54311504.wav,6.0,384000,MYTH.zip
MYTH,MYTH-54309895.wav,6.0,384000,MYTH.zip
MYTH,MYTH-35540905.wav,5.582,256000,MYTH.zip
MYTH,MYTH-63090429.wav,5.756,384000,MYTH.zip
MYTH,MYTH-29840180.wav,5.004,192000,MYTH.zip
MYTH,MYTH-33430586.wav,3.954,256000,MYTH.zip
MYTH,MYTH-29631037.wav,6.0,384000,MYTH.zip
MYTH,MYTH-29285904.wav,5.004,192000,MYTH.zip
MYTH,MYTH-35541502.wav,6.0,256000,MYTH.zip
MYTH,MYTH-29220797.wav,3.094,256000,MYTH.zip
MYTH,MYTH-54311416.wav,6.0,384000,MYTH.zip
MYTH,MYTH-54310185.wav,4.496,384000,MYTH.zip
MYTH,MYTH-33209063.wav,7.332,256000,MYTH.zip
MYTH,MYTH-73545891.wav,5.0,256000,MYTH.zip
MYTH,MYTH-54311547.wav,6.0,384000,MYTH.zip
MYTH,MYTH-56648642.wav,6.0,384000,MYTH.zip
MYTH,MYTH-29004052.wav,4.222,256000,MYTH.zip
MYTH,MYTH-60369493.wav,7.258,256000,MYTH.zip
MYTH,MYTH-29323503.wav,5.0,192000,MYTH.zip
MYTH,MYTH-29841149.wav,3.7186666666666666,192000,MYTH.zip
MYTH,MYTH-73583597.wav,3.41,256000,MYTH.zip
MYTH,MYTH-30258527.wav,4.196,256000,MYTH.zip
MYTH,MYTH-28331513.wav,6.0,384000,MYTH.zip
MYTH,MYTH-28499763.wav,5.0,192000,MYTH.zip
MYTH,MYTH-1325270.wav,7.64,256000,MYTH.zip
MYTH,MYTH-2073124.wav,4.998976,500000,MYTH.zip
MYTH,MYTH-73584150.wav,3.888,256000,MYTH.zip
MYTH,MYTH-29295295.wav,5.0,192000,MYTH.zip
MYTH,MYTH-73571714.wav,5.004,192000,MYTH.zip
MYTH,MYTH-29285331.wav,5.0,192000,MYTH.zip
MYTH,MYTH-54310425.wav,6.0,384000,MYTH.zip
MYTH,MYTH-28530115.wav,5.0,192000,MYTH.zip
MYTH,MYTH-73542304.wav,5.0,256000,MYTH.zip
MYTH,MYTH-29364105.wav,4.998976,500000,MYTH.zip
MYTH,MYTH-3043560.wav,2.999022,500000,MYTH.zip
MYTH,MYTH-13757669.wav,4.998976,500000,MYTH.zip
MYTH,MYTH-73572646.wav,5.004,192000,MYTH.zip
MYTH,MYTH-33983917.wav,7.996,256000,MYTH.zip
MYTH,MYTH-28345866.wav,6.0,384000,MYTH.zip
MYTH,MYTH-54308120.wav,6.0,384000,MYTH.zip
MYTH,MYTH-29334353.wav,5.0,192000,MYTH.zip
MYTH,MYTH-29285311.wav,5.0,192000,MYTH.zip
MYTH,MYTH-28539303.wav,6.0,384000,MYTH.zip
MYTH,MYTH-29874217.wav,2.070666666666667,192000,MYTH.zip
MYTH,MYTH-60290372.wav,6.0,384000,MYTH.zip
MYTH,MYTH-73567077.wav,5.004,192000,MYTH.zip
MYTH,MYTH-2830310.wav,4.999022,500000,MYTH.zip
MYTH,MYTH-29295941.wav,5.0,192000,MYTH.zip
MYTH,MYTH-28332386.wav,6.0,384000,MYTH.zip
MYTH,MYTH-73566350.wav,5.004,192000,MYTH.zip
MYTH,MYTH-28457704.wav,5.0,192000,MYTH.zip
MYTH,MYTH-29631036.wav,6.0,384000,MYTH.zip
MYTH,MYTH-54316363.wav,6.0,384000,MYTH.zip
MYTH,MYTH-29337932.wav,5.0,192000,MYTH.zip
MYTH,MYTH-1522209.wav,5.894,256000,MYTH.zip
MYTH,MYTH-33213373.wav,7.972,256000,MYTH.zip
MYTH,MYTH-29285750.wav,4.181333333333333,192000,MYTH.zip
MYTH,MYTH-73562138.wav,4.384,256000,MYTH.zip
MYTH,MYTH-64880024.wav,5.0,500000,MYTH.zip
MYTH,MYTH-28416918.wav,5.0,192000,MYTH.zip
MYTH,MYTH-28525864.wav,4.648,192000,MYTH.zip
MYTH,MYTH-53784865.wav,4.998976,500000,MYTH.zip
MYTH,MYTH-28468887.wav,5.0,192000,MYTH.zip
MYTH,MYTH-73570391.wav,5.004,192000,MYTH.zip
MYTH,MYTH-1325246.wav,7.708,256000,MYTH.zip
MYTH,MYTH-54424536.wav,6.0,384000,MYTH.zip
MYTH,MYTH-192569.wav,5.556,256000,MYTH.zip
MYTH,MYTH-32881096.wav,6.0,384000,MYTH.zip
MYTH,MYTH-2155411.wav,6.0,384000,MYTH.zip
MYTH,MYTH-28406176.wav,6.0,384000,MYTH.zip
MYTH,MYTH-28416919.wav,5.0,192000,MYTH.zip
MYTH,MYTH-269092.wav,3.398,256000,MYTH.zip
MYTH,MYTH-262684.wav,3.502,256000,MYTH.zip
MYTH,MYTH-1986826.wav,6.0,384000,MYTH.zip
MYTH,MYTH-28620560.wav,6.0,384000,MYTH.zip
MYTH,MYTH-29149975.wav,4.344,256000,MYTH.zip
MYTH,MYTH-29295784.wav,5.0,192000,MYTH.zip
MYTH,MYTH-54323408.wav,6.0,384000,MYTH.zip
MYTH,MYTH-28518966.wav,5.0,192000,MYTH.zip
MYTH,MYTH-63087161.wav,6.0,384000,MYTH.zip
MYTH,MYTH-3803464.wav,7.32,256000,MYTH.zip
MYTH,MYTH-55346544.wav,6.0,384000,MYTH.zip
MYTH,MYTH-1469115.wav,6.574,256000,MYTH.zip
MYTH,MYTH-32047313.wav,5.1546666666666665,384000,MYTH.zip
MYTH,MYTH-28469570.wav,5.0,192000,MYTH.zip
MYTH,MYTH-56648929.wav,4.437333333333333,384000,MYTH.zip
MYTH,MYTH-266436.wav,7.14,256000,MYTH.zip
MYTH,MYTH-73512169.wav,3.892,256000,MYTH.zip
MYTH,MYTH-73571736.wav,5.004,192000,MYTH.zip
MYTH,MYTH-54323422.wav,6.0,384000,MYTH.zip
MYTH,MYTH-32061061.wav,6.0,384000,MYTH.zip
MYTH,MYTH-29872934.wav,5.004,192000,MYTH.zip
MYTH,MYTH-33430484.wav,6.66,256000,MYTH.zip
MYTH,MYTH-60369510.wav,6.926,256000,MYTH.zip
MYTH,MYTH-73545734.wav,4.454,256000,MYTH.zip
MYTH,MYTH-28470384.wav,5.0,192000,MYTH.zip
MYTH,MYTH-29285688.wav,5.0,192000,MYTH.zip
MYTH,MYTH-73545767.wav,5.0,256000,MYTH.zip
MYTH,MYTH-102322.wav,6.778,256000,MYTH.zip
MYTH,MYTH-54410605.wav,6.0,384000,MYTH.zip
MYTH,MYTH-28404597.wav,6.0,384000,MYTH.zip
MYTH,MYTH-28518683.wav,5.0,192000,MYTH.zip
MYTH,MYTH-28375121.wav,6.0,384000,MYTH.zip
MYTH,MYTH-28369367.wav,5.206666666666667,384000,MYTH.zip
MYTH,MYTH-3054284.wav,4.999022,500000,MYTH.zip
MYTH,MYTH-63090991.wav,6.0,384000,MYTH.zip
MYTH,MYTH-53858766.wav,4.998976,500000,MYTH.zip
MYTH,MYTH-54410613.wav,6.0,384000,MYTH.zip
MYTH,MYTH-63090002.wav,5.581333333333333,384000,MYTH.zip
MYTH,MYTH-73545860.wav,5.0,256000,MYTH.zip
MYTH,MYTH-33448669.wav,3.824,256000,MYTH.zip
MYTH,MYTH-29284509.wav,5.0,192000,MYTH.zip
MYTH,MYTH-33449756.wav,4.358,256000,MYTH.zip
MYTH,MYTH-28469867.wav,3.5493333333333332,192000,MYTH.zip
MYTH,MYTH-2538660.wav,4.050666666666666,384000,MYTH.zip
MYTH,MYTH-33448674.wav,5.556,256000,MYTH.zip
MYTH,MYTH-29295744.wav,5.0,192000,MYTH.zip
MYTH,MYTH-73584066.wav,3.162,256000,MYTH.zip
MYTH,MYTH-29723704.wav,5.004,192000,MYTH.zip
MYTH,MYTH-28354308.wav,6.0,384000,MYTH.zip
MYTH,MYTH-73571550.wav,5.004,192000,MYTH.zip
MYTH,MYTH-1401964.wav,6.0,384000,MYTH.zip
MYTH,MYTH-28361883.wav,6.0,384000,MYTH.zip
MYTH,MYTH-54322362.wav,5.242666666666667,384000,MYTH.zip
MYTH,MYTH-60292238.wav,5.0,500000,MYTH.zip
MYTH,MYTH-54410628.wav,6.0,384000,MYTH.zip
MYTH,MYTH-28457667.wav,5.0,192000,MYTH.zip
MYTH,MYTH-28346877.wav,5.0,192000,MYTH.zip
MYTH,MYTH-54410611.wav,6.0,384000,MYTH.zip
MYTH,MYTH-73550506.wav,5.004,192000,MYTH.zip
MYTH,MYTH-73511161.wav,5.0,256000,MYTH.zip
MYTH,MYTH-54310738.wav,6.0,384000,MYTH.zip
MYTH,MYTH-53863112.wav,4.998976,500000,MYTH.zip
MYTH,MYTH-28469569.wav,5.0,192000,MYTH.zip
MYTH,MYTH-1368043.wav,4.99837,300000,MYTH.zip
MYTH,MYTH-63090872.wav,6.0,384000,MYTH.zip
MYTH,MYTH-32880854.wav,6.0,384000,MYTH.zip
MYTH,MYTH-261191.wav,3.522,256000,MYTH.zip
MYTH,MYTH-2075070.wav,6.0,384000,MYTH.zip
MYTH,MYTH-29149503.wav,6.642,256000,MYTH.zip
MYTH,MYTH-29295794.wav,5.0,192000,MYTH.zip
MYTH,MYTH-60369514.wav,7.008,256000,MYTH.zip
MYTH,MYTH-73541235.wav,4.46,256000,MYTH.zip
MYTH,MYTH-73573115.wav,3.8826666666666663,192000,MYTH.zip
MYTH,MYTH-54312230.wav,6.0,384000,MYTH.zip
MYTH,MYTH-53783865.wav,4.998976,500000,MYTH.zip
MYTH,MYTH-29724058.wav,5.004,192000,MYTH.zip
MYTH,MYTH-28469527.wav,5.0,192000,MYTH.zip
MYTH,MYTH-29841721.wav,5.004,192000,MYTH.zip
MYTH,MYTH-54310860.wav,6.0,384000,MYTH.zip
MYTH,MYTH-29338506.wav,5.0,192000,MYTH.zip
MYTH,MYTH-33446939.wav,6.572,256000,MYTH.zip
MYTH,MYTH-29395883.wav,7.378,256000,MYTH.zip
MYTH,MYTH-73543725.wav,5.0,256000,MYTH.zip
MYTH,MYTH-54311699.wav,6.0,384000,MYTH.zip
MYTH,MYTH-73608432.wav,5.0,256000,MYTH.zip
MYTH,MYTH-269882.wav,5.568,256000,MYTH.zip
MYTH,MYTH-142844.wav,3.004,256000,MYTH.zip
MYTH,MYTH-29846619.wav,5.004,192000,MYTH.zip
MYTH,MYTH-1402083.wav,6.0,384000,MYTH.zip
MYTH,MYTH-1325242.wav,6.228,256000,MYTH.zip
MYTH,MYTH-30486727.wav,6.0,384000,MYTH.zip
MYTH,MYTH-28331485.wav,6.0,384000,MYTH.zip
MYTH,MYTH-33209062.wav,6.458,256000,MYTH.zip
MYTH,MYTH-1999726.wav,6.0,384000,MYTH.zip
MYTH,MYTH-29364371.wav,4.998976,500000,MYTH.zip
MYTH,MYTH-55346197.wav,6.0,384000,MYTH.zip
MYTH,MYTH-29846620.wav,5.004,192000,MYTH.zip
MYTH,MYTH-1515582.wav,4.99837,300000,MYTH.zip
MYTH,MYTH-28507054.wav,5.0,192000,MYTH.zip
MYTH,MYTH-28346902.wav,6.0,384000,MYTH.zip
MYTH,MYTH-73570824.wav,4.996,192000,MYTH.zip
MYTH,MYTH-29295948.wav,4.706666666666667,192000,MYTH.zip
MYTH,MYTH-28456812.wav,5.0,192000,MYTH.zip
MYTH,MYTH-54410610.wav,6.0,384000,MYTH.zip
MYTH,MYTH-28468885.wav,5.0,192000,MYTH.zip
MYTH,MYTH-2154858.wav,6.0,384000,MYTH.zip
MYTH,MYTH-1559820.wav,3.574,256000,MYTH.zip
MYTH,MYTH-29737591.wav,3.1306666666666665,192000,MYTH.zip
MYTH,MYTH-28601487.wav,6.0,384000,MYTH.zip
MYTH,MYTH-1999773.wav,6.0,384000,MYTH.zip
MYTH,MYTH-56648500.wav,5.129333333333333,384000,MYTH.zip
MYTH,MYTH-73613870.wav,3.921333333333333,192000,MYTH.zip
MYTH,MYTH-2073127.wav,4.998976,500000,MYTH.zip
MYTH,MYTH-223632.wav,6.158,256000,MYTH.zip
MYTH,MYTH-29755647.wav,5.004,192000,MYTH.zip
MYTH,MYTH-28361884.wav,6.0,384000,MYTH.zip
MYTH,MYTH-60369498.wav,5.858,256000,MYTH.zip
MYTH,MYTH-54410618.wav,6.0,384000,MYTH.zip
MYTH,MYTH-29792861.wav,5.0,192000,MYTH.zip
MYTH,MYTH-28529722.wav,5.0,192000,MYTH.zip
MYTH,MYTH-29876138.wav,5.004,192000,MYTH.zip
MYTH,MYTH-28458051.wav,5.0,192000,MYTH.zip
MYTH,MYTH-33448005.wav,5.978,256000,MYTH.zip
MYTH,MYTH-33450159.wav,6.996,256000,MYTH.zip
MYTH,MYTH-33449438.wav,6.964,256000,MYTH.zip
MYTH,MYTH-56648524.wav,4.745333333333333,384000,MYTH.zip
MYTH,MYTH-29181042.wav,7.032,256000,MYTH.zip
MYTH,MYTH-56649373.wav,6.0,384000,MYTH.zip
MYTH,MYTH-28518682.wav,5.0,192000,MYTH.zip
MYTH,MYTH-1359988.wav,4.99837,300000,MYTH.zip
MYTH,MYTH-73614045.wav,5.004,192000,MYTH.zip
MYTH,MYTH-54311846.wav,6.0,384000,MYTH.zip
MYTH,MYTH-73533995.wav,5.004,192000,MYTH.zip
MYTH,MYTH-2066709.wav,4.998976,500000,MYTH.zip
MYTH,MYTH-28456845.wav,5.0,192000,MYTH.zip
MYTH,MYTH-73582808.wav,5.0,256000,MYTH.zip
MYTH,MYTH-56649372.wav,6.0,384000,MYTH.zip
MYTH,MYTH-28392838.wav,5.0,192000,MYTH.zip
MYTH,MYTH-54424533.wav,6.0,384000,MYTH.zip
MYTH,MYTH-73628233.wav,5.0,256000,MYTH.zip
MYTH,MYTH-54315502.wav,6.0,384000,MYTH.zip
MYTH,MYTH-28331736.wav,6.0,384000,MYTH.zip
MYTH,MYTH-263729.wav,7.71,256000,MYTH.zip
MYTH,MYTH-33430411.wav,8.08,256000,MYTH.zip
MYTH,MYTH-2537211.wav,6.0,384000,MYTH.zip
MYTH,MYTH-28595422.wav,6.0,384000,MYTH.zip
MYTH,MYTH-73573113.wav,5.004,192000,MYTH.zip
MYTH,MYTH-73627740.wav,5.0,256000,MYTH.zip
MYTH,MYTH-29295714.wav,5.0,192000,MYTH.zip
MYTH,MYTH-2536421.wav,6.0,384000,MYTH.zip
MYTH,MYTH-2002629.wav,6.0,384000,MYTH.zip
MYTH,MYTH-63089959.wav,6.0,384000,MYTH.zip
MYTH,MYTH-1939950.wav,4.999022,500000,MYTH.zip
MYTH,MYTH-56644640.wav,6.0,384000,MYTH.zip
MYTH,MYTH-1376463.wav,4.99837,300000,MYTH.zip
MYTH,MYTH-29393115.wav,2.584,256000,MYTH.zip
MYTH,MYTH-33448000.wav,5.012,256000,MYTH.zip
MYTH,MYTH-28318393.wav,5.004,192000,MYTH.zip
MYTH,MYTH-29296183.wav,5.0,192000,MYTH.zip
MYTH,MYTH-31645246.wav,4.99992,500000,MYTH.zip
MYTH,MYTH-28601899.wav,6.0,384000,MYTH.zip
MYTH,MYTH-3934757.wav,6.0,384000,MYTH.zip
MYTH,MYTH-33450223.wav,4.828,256000,MYTH.zip
MYTH,MYTH-28268809.wav,6.0,384000,MYTH.zip
MYTH,MYTH-28344000.wav,6.0,384000,MYTH.zip
MYTH,MYTH-2851421.wav,2.999022,500000,MYTH.zip
MYTH,MYTH-1547195.wav,7.91,256000,MYTH.zip
MYTH,MYTH-35908675.wav,6.0,384000,MYTH.zip
MYTH,MYTH-26713983.wav,6.0,384000,MYTH.zip
MYTH,MYTH-28515632.wav,5.0,192000,MYTH.zip
MYTH,MYTH-1554040.wav,4.326,256000,MYTH.zip
MYTH,MYTH-28506064.wav,5.0,192000,MYTH.zip
MYTH,MYTH-29286163.wav,5.004,192000,MYTH.zip
MYTH,MYTH-29287581.wav,4.6066666666666665,192000,MYTH.zip
MYTH,MYTH-28411584.wav,6.0,384000,MYTH.zip
MYTH,MYTH-1326551.wav,7.806,256000,MYTH.zip
MYTH,MYTH-28407077.wav,3.8773333333333335,192000,MYTH.zip
MYTH,MYTH-54320255.wav,4.5,384000,MYTH.zip
MYTH,MYTH-54316357.wav,6.0,384000,MYTH.zip
MYTH,MYTH-28498721.wav,5.0,192000,MYTH.zip
MYTH,MYTH-266694.wav,6.318,256000,MYTH.zip
MYTH,MYTH-29296167.wav,5.0,192000,MYTH.zip
MYTH,MYTH-2537606.wav,6.0,384000,MYTH.zip
MYTH,MYTH-54311546.wav,6.0,384000,MYTH.zip
MYTH,MYTH-28501318.wav,5.0,192000,MYTH.zip
MYTH,MYTH-63090196.wav,6.0,384000,MYTH.zip
MYTH,MYTH-1554041.wav,7.298,256000,MYTH.zip
MYTH,MYTH-33449760.wav,6.706,256000,MYTH.zip
MYTH,MYTH-29294190.wav,5.0,192000,MYTH.zip
MYTH,MYTH-28331915.wav,6.0,384000,MYTH.zip
MYTH,MYTH-55346986.wav,6.0,384000,MYTH.zip
MYTH,MYTH-1999769.wav,6.0,384000,MYTH.zip
MYTH,MYTH-28512747.wav,4.533333333333333,192000,MYTH.zip
MYTH,MYTH-55346889.wav,6.0,384000,MYTH.zip
MYTH,MYTH-29286801.wav,5.0,192000,MYTH.zip
MYTH,MYTH-73567204.wav,5.004,192000,MYTH.zip
MYTH,MYTH-54309513.wav,6.0,384000,MYTH.zip
MYTH,MYTH-28362023.wav,6.0,384000,MYTH.zip
MYTH,MYTH-54309569.wav,6.0,384000,MYTH.zip
MYTH,MYTH-57095867.wav,4.998976,500000,MYTH.zip
MYTH,MYTH-1987038.wav,6.0,384000,MYTH.zip
MYTH,MYTH-29728675.wav,4.538666666666667,192000,MYTH.zip
MYTH,MYTH-29792862.wav,5.0,192000,MYTH.zip
MYTH,MYTH-64873080.wav,3.0,500000,MYTH.zip
MYTH,MYTH-28495522.wav,5.0,192000,MYTH.zip
MYTH,MYTH-64953871.wav,6.0,384000,MYTH.zip
MYTH,MYTH-266058.wav,7.77,256000,MYTH.zip
MYTH,MYTH-29876425.wav,5.004,192000,MYTH.zip
MYTH,MYTH-54311526.wav,6.0,384000,MYTH.zip
MYTH,MYTH-2071872.wav,4.998976,500000,MYTH.zip
MYTH,MYTH-29284477.wav,5.0,192000,MYTH.zip
MYTH,MYTH-2069853.wav,4.998976,500000,MYTH.zip
MYTH,MYTH-29000720.wav,4.868,256000,MYTH.zip
MYTH,MYTH-33617242.wav,5.0,192000,MYTH.zip
MYTH,MYTH-29012720.wav,4.998976,500000,MYTH.zip
MYTH,MYTH-4813.wav,5.910666666666667,384000,MYTH.zip
MYTH,MYTH-29296370.wav,5.0,192000,MYTH.zip
MYTH,MYTH-26712454.wav,6.0,384000,MYTH.zip
MYTH,MYTH-28504728.wav,5.0,192000,MYTH.zip
MYTH,MYTH-60369524.wav,5.128,256000,MYTH.zip
MYTH,MYTH-73513484.wav,2.746,256000,MYTH.zip
MYTH,MYTH-103063.wav,8.044,256000,MYTH.zip
MYTH,MYTH-2066551.wav,4.998976,500000,MYTH.zip
MYTH,MYTH-32036416.wav,6.0,384000,MYTH.zip
MYTH,MYTH-13758450.wav,4.998976,500000,MYTH.zip
MYTH,MYTH-64952478.wav,6.0,384000,MYTH.zip
MYTH,MYTH-54425075.wav,6.0,384000,MYTH.zip
MYTH,MYTH-53878994.wav,4.998976,500000,MYTH.zip
MYTH,MYTH-2003484.wav,6.0,384000,MYTH.zip
MYTH,MYTH-28455001.wav,5.0,192000,MYTH.zip
MYTH,MYTH-28416867.wav,4.586666666666667,192000,MYTH.zip
MYTH,MYTH-219131.wav,6.486,256000,MYTH.zip
MYTH,MYTH-54306907.wav,6.0,384000,MYTH.zip
MYTH,MYTH-1453050.wav,6.832,256000,MYTH.zip
MYTH,MYTH-28457969.wav,5.0,192000,MYTH.zip
MYTH,MYTH-73570908.wav,5.004,192000,MYTH.zip
MYTH,MYTH-28405054.wav,5.0,192000,MYTH.zip
MYTH,MYTH-1531648.wav,6.95,256000,MYTH.zip
MYTH,MYTH-29295507.wav,5.0,192000,MYTH.zip
MYTH,MYTH-28332258.wav,6.0,384000,MYTH.zip
MYTH,MYTH-12632551.wav,4.998976,500000,MYTH.zip
MYTH,MYTH-2073126.wav,4.998976,500000,MYTH.zip
MYTH,MYTH-28271254.wav,5.924,384000,MYTH.zip
MYTH,MYTH-28394918.wav,6.0,384000,MYTH.zip
MYTH,MYTH-73562141.wav,3.928,256000,MYTH.zip
MYTH,MYTH-32899983.wav,5.546,256000,MYTH.zip
MYTH,MYTH-270781.wav,6.964,256000,MYTH.zip
MYTH,MYTH-207782.wav,6.698,256000,MYTH.zip
MYTH,MYTH-29697558.wav,5.004,192000,MYTH.zip
MYTH,MYTH-53872472.wav,4.998976,500000,MYTH.zip
MYTH,MYTH-54316323.wav,6.0,384000,MYTH.zip
MYTH,MYTH-60369512.wav,4.88,256000,MYTH.zip
MYTH,MYTH-29284654.wav,5.0,192000,MYTH.zip
MYTH,MYTH-54308124.wav,4.089333333333333,384000,MYTH.zip
MYTH,MYTH-29364355.wav,4.998976,500000,MYTH.zip
MYTH,MYTH-54311999.wav,6.0,384000,MYTH.zip
MYTH,MYTH-54312056.wav,6.0,384000,MYTH.zip
MYTH,MYTH-2073121.wav,4.998976,500000,MYTH.zip
MYTH,MYTH-2152323.wav,6.0,384000,MYTH.zip
MYTH,MYTH-73533503.wav,3.3466666666666667,192000,MYTH.zip
MYTH,MYTH-95777.wav,5.746,256000,MYTH.zip
MYTH,MYTH-3036958.wav,4.999022,500000,MYTH.zip
MYTH,MYTH-28518936.wav,5.0,192000,MYTH.zip
MYTH,MYTH-32899982.wav,4.446,256000,MYTH.zip
MYTH,MYTH-28511515.wav,5.0,192000,MYTH.zip
MYTH,MYTH-29294701.wav,5.0,192000,MYTH.zip
MYTH,MYTH-63090001.wav,6.0,384000,MYTH.zip
MYTH,MYTH-33447089.wav,6.154,256000,MYTH.zip
MYTH,MYTH-29631038.wav,6.0,384000,MYTH.zip
MYTH,MYTH-28536552.wav,4.404,384000,MYTH.zip
MYTH,MYTH-3049714.wav,2.999022,500000,MYTH.zip
MYTH,MYTH-28355706.wav,6.0,384000,MYTH.zip
MYTH,MYTH-56650186.wav,6.0,384000,MYTH.zip
MYTH,MYTH-29873813.wav,5.004,192000,MYTH.zip
MYTH,MYTH-29756952.wav,5.004,192000,MYTH.zip
MYTH,MYTH-2808828.wav,4.999022,500000,MYTH.zip
MYTH,MYTH-28470382.wav,5.0,192000,MYTH.zip
MYTH,MYTH-2075274.wav,6.0,384000,MYTH.zip
MYTH,MYTH-3797729.wav,5.708,256000,MYTH.zip
MYTH,MYTH-54311440.wav,6.0,384000,MYTH.zip
MYTH,MYTH-191182.wav,7.152,256000,MYTH.zip
MYTH,MYTH-29821917.wav,5.0,192000,MYTH.zip
MYTH,MYTH-28509645.wav,5.0,192000,MYTH.zip
MYTH,MYTH-54316201.wav,6.0,384000,MYTH.zip
MYTH,MYTH-28509240.wav,5.0,192000,MYTH.zip
MYTH,MYTH-53784917.wav,4.998976,500000,MYTH.zip
MYTH,MYTH-1401923.wav,4.429333333333333,384000,MYTH.zip
MYTH,MYTH-29337690.wav,5.0,192000,MYTH.zip
MYTH,MYTH-1376271.wav,4.99837,300000,MYTH.zip
MYTH,MYTH-262744.wav,7.836,256000,MYTH.zip
MYTH,MYTH-1325553.wav,6.572,256000,MYTH.zip
MYTH,MYTH-55347296.wav,6.0,384000,MYTH.zip
MYTH,MYTH-29295945.wav,4.437333333333333,192000,MYTH.zip
MYTH,MYTH-54311270.wav,3.8573333333333335,384000,MYTH.zip
MYTH,MYTH-28341745.wav,6.0,384000,MYTH.zip
MYTH,MYTH-54422150.wav,6.0,384000,MYTH.zip
MYTH,MYTH-54422912.wav,6.0,384000,MYTH.zip
MYTH,MYTH-54310184.wav,6.0,384000,MYTH.zip
MYTH,MYTH-2155165.wav,6.0,384000,MYTH.zip
MYTH,MYTH-54426966.wav,6.0,384000,MYTH.zip
MYTH,MYTH-33431270.wav,6.092,256000,MYTH.zip
MYTH,MYTH-29874218.wav,5.004,192000,MYTH.zip
MYTH,MYTH-264155.wav,4.776,256000,MYTH.zip
MYTH,MYTH-28509426.wav,5.0,192000,MYTH.zip
MYTH,MYTH-73545887.wav,5.0,256000,MYTH.zip
MYTH,MYTH-28469011.wav,5.0,192000,MYTH.zip
MYTH,MYTH-35540906.wav,5.77,256000,MYTH.zip
MYTH,MYTH-2069845.wav,4.998976,500000,MYTH.zip
MYTH,MYTH-73519157.wav,5.004,192000,MYTH.zip
MYTH,MYTH-28522359.wav,5.0,192000,MYTH.zip
MYTH,MYTH-28598268.wav,6.0,384000,MYTH.zip
MYTH,MYTH-73583327.wav,4.68,256000,MYTH.zip
MYTH,MYTH-53877222.wav,4.998976,500000,MYTH.zip
MYTH,MYTH-28978794.wav,4.998976,500000,MYTH.zip
MYTH,MYTH-29326964.wav,4.2,192000,MYTH.zip
MYTH,MYTH-28346994.wav,6.0,384000,MYTH.zip
MYTH,MYTH-73613871.wav,4.296,192000,MYTH.zip
MYTH,MYTH-54425076.wav,6.0,384000,MYTH.zip
MYTH,MYTH-29759668.wav,5.004,192000,MYTH.zip
MYTH,MYTH-28409660.wav,5.0,192000,MYTH.zip
MYTH,MYTH-2858436.wav,2.999022,500000,MYTH.zip
MYTH,MYTH-31637102.wav,4.99992,500000,MYTH.zip
MYTH,MYTH-33450074.wav,4.608,256000,MYTH.zip
MYTH,MYTH-1553588.wav,5.426,256000,MYTH.zip
MYTH,MYTH-29335752.wav,5.0,192000,MYTH.zip
MYTH,MYTH-28418298.wav,5.0,192000,MYTH.zip
MYTH,MYTH-100954.wav,7.718,256000,MYTH.zip
MYTH,MYTH-1984679.wav,6.0,384000,MYTH.zip
MYTH,MYTH-73533473.wav,5.004,192000,MYTH.zip
MYTH,MYTH-73562139.wav,4.44,256000,MYTH.zip
MYTH,MYTH-54425241.wav,6.0,384000,MYTH.zip
MYTH,MYTH-28507055.wav,5.0,192000,MYTH.zip
MYTH,MYTH-28518537.wav,5.0,192000,MYTH.zip
MYTH,MYTH-2155414.wav,6.0,384000,MYTH.zip
MYTH,MYTH-54312833.wav,6.0,384000,MYTH.zip
MYTH,MYTH-33430343.wav,4.298,256000,MYTH.zip
MYTH,MYTH-96612.wav,7.162,256000,MYTH.zip
MYTH,MYTH-73566037.wav,5.004,192000,MYTH.zip
MYTH,MYTH-73545700.wav,4.434,256000,MYTH.zip
MYTH,MYTH-2155536.wav,6.0,384000,MYTH.zip
MYTH,MYTH-56649296.wav,6.0,384000,MYTH.zip
MYTH,MYTH-54320257.wav,6.0,384000,MYTH.zip
MYTH,MYTH-1346892.wav,4.99837,300000,MYTH.zip
MYTH,MYTH-2007620.wav,6.0,384000,MYTH.zip
MYTH,MYTH-33430469.wav,7.086,256000,MYTH.zip
MYTH,MYTH-54423477.wav,6.0,384000,MYTH.zip
MYTH,MYTH-28331855.wav,6.0,384000,MYTH.zip
MYTH,MYTH-1550617.wav,5.356,256000,MYTH.zip
MYTH,MYTH-28519309.wav,5.0,192000,MYTH.zip
MYTH,MYTH-28456805.wav,5.0,192000,MYTH.zip
MYTH,MYTH-28504705.wav,5.0,192000,MYTH.zip
MYTH,MYTH-28506992.wav,5.0,192000,MYTH.zip
MYTH,MYTH-33622317.wav,4.998976,500000,MYTH.zip
MYTH,MYTH-29725506.wav,4.6,192000,MYTH.zip
MYTH,MYTH-73584068.wav,5.0,256000,MYTH.zip
MYTH,MYTH-29295944.wav,5.0,192000,MYTH.zip
MYTH,MYTH-29723709.wav,5.004,192000,MYTH.zip
MYTH,MYTH-1334751.wav,7.584,256000,MYTH.zip
MYTH,MYTH-53856856.wav,4.998976,500000,MYTH.zip
MYTH,MYTH-31648516.wav,4.99992,500000,MYTH.zip
MYTH,MYTH-1549287.wav,4.156,256000,MYTH.zip
MYTH,MYTH-1517022.wav,4.99837,300000,MYTH.zip
MYTH,MYTH-53864754.wav,4.998976,500000,MYTH.zip
MYTH,MYTH-2537598.wav,6.0,384000,MYTH.zip
MYTH,MYTH-28412113.wav,5.0,192000,MYTH.zip
MYTH,MYTH-73582809.wav,2.672,256000,MYTH.zip
MYTH,MYTH-28587398.wav,6.0,384000,MYTH.zip
MYTH,MYTH-29393385.wav,7.388,256000,MYTH.zip
MYTH,MYTH-33430338.wav,6.908,256000,MYTH.zip
MYTH,MYTH-1365765.wav,4.99837,300000,MYTH.zip
MYTH,MYTH-73550669.wav,5.86,256000,MYTH.zip
MYTH,MYTH-33604913.wav,6.0,384000,MYTH.zip
MYTH,MYTH-54426964.wav,6.0,384000,MYTH.zip
MYTH,MYTH-73565526.wav,5.004,192000,MYTH.zip
MYTH,MYTH-73583635.wav,5.0,256000,MYTH.zip
MYTH,MYTH-29736971.wav,5.0,192000,MYTH.zip
MYTH,MYTH-29757533.wav,5.004,192000,MYTH.zip
MYTH,MYTH-263790.wav,7.678,256000,MYTH.zip
MYTH,MYTH-29284272.wav,4.954666666666666,192000,MYTH.zip
MYTH,MYTH-29296334.wav,5.0,192000,MYTH.zip
MYTH,MYTH-31628916.wav,4.99992,500000,MYTH.zip
MYTH,MYTH-73565530.wav,5.004,192000,MYTH.zip
MYTH,MYTH-28311010.wav,3.8613333333333335,192000,MYTH.zip
MYTH,MYTH-54420676.wav,7.969,256000,MYTH.zip
MYTH,MYTH-33450061.wav,5.596,256000,MYTH.zip
MYTH,MYTH-29002625.wav,4.512,256000,MYTH.zip
MYTH,MYTH-32899977.wav,6.548,256000,MYTH.zip
MYTH,MYTH-28556462.wav,6.0,384000,MYTH.zip
MYTH,MYTH-29764361.wav,5.004,192000,MYTH.zip
MYTH,MYTH-29875681.wav,5.004,192000,MYTH.zip
MYTH,MYTH-29848280.wav,5.004,192000,MYTH.zip
MYTH,MYTH-28336272.wav,6.0,384000,MYTH.zip
MYTH,MYTH-268318.wav,8.024,256000,MYTH.zip
MYTH,MYTH-29739668.wav,4.998666666666667,192000,MYTH.zip
MYTH,MYTH-29157358.wav,7.464,256000,MYTH.zip
MYTH,MYTH-28500132.wav,4.184,192000,MYTH.zip
MYTH,MYTH-54315786.wav,6.0,384000,MYTH.zip
MYTH,MYTH-29284871.wav,5.0,192000,MYTH.zip
MYTH,MYTH-73566114.wav,5.004,192000,MYTH.zip
MYTH,MYTH-2066751.wav,4.998976,500000,MYTH.zip
MYTH,MYTH-28540467.wav,6.0,384000,MYTH.zip
MYTH,MYTH-54306855.wav,6.0,384000,MYTH.zip
MYTH,MYTH-54315849.wav,6.0,384000,MYTH.zip
MYTH,MYTH-28536735.wav,6.0,384000,MYTH.zip
MYTH,MYTH-73565569.wav,5.004,192000,MYTH.zip
MYTH,MYTH-54423475.wav,6.0,384000,MYTH.zip
MYTH,MYTH-28456834.wav,4.818666666666667,192000,MYTH.zip
MYTH,MYTH-28457943.wav,5.0,192000,MYTH.zip
MYTH,MYTH-1986844.wav,6.0,384000,MYTH.zip
MYTH,MYTH-29876411.wav,5.004,192000,MYTH.zip
MYTH,MYTH-261491.wav,4.604,256000,MYTH.zip
MYTH,MYTH-56649369.wav,6.0,384000,MYTH.zip
MYTH,MYTH-29296420.wav,5.0,192000,MYTH.zip
MYTH,MYTH-33430473.wav,4.268,256000,MYTH.zip
MYTH,MYTH-262624.wav,5.44,256000,MYTH.zip
MYTH,MYTH-28999090.wav,5.176,256000,MYTH.zip
MYTH,MYTH-56652777.wav,6.0,384000,MYTH.zip
MYTH,MYTH-1337563.wav,7.908,256000,MYTH.zip
MYTH,MYTH-28525806.wav,5.0,192000,MYTH.zip
MYTH,MYTH-64954132.wav,4.26,384000,MYTH.zip
MYTH,MYTH-28472171.wav,5.0,192000,MYTH.zip
MYTH,MYTH-28518793.wav,5.0,192000,MYTH.zip
MYVO,MYVO-31641793.wav,4.99992,500000,MYVO.zip
MYVO,MYVO-26695436.wav,5.4784,320000,MYVO.zip
MYVO,MYVO-33491406.wav,4.998976,500000,MYVO.zip
MYVO,MYVO-28465998.wav,5.0,192000,MYVO.zip
MYVO,MYVO-29142890.wav,4.998976,500000,MYVO.zip
MYVO,MYVO-53842326.wav,4.999022,500000,MYVO.zip
MYVO,MYVO-54410657.wav,6.0,384000,MYVO.zip
MYVO,MYVO-3040141.wav,4.999022,500000,MYVO.zip
MYVO,MYVO-30489674.wav,6.0,384000,MYVO.zip
MYVO,MYVO-29759765.wav,5.004,192000,MYVO.zip
MYVO,MYVO-54308364.wav,4.882666666666666,384000,MYVO.zip
MYVO,MYVO-29368644.wav,4.998976,500000,MYVO.zip
MYVO,MYVO-3040405.wav,4.999022,500000,MYVO.zip
MYVO,MYVO-2840180.wav,4.999022,500000,MYVO.zip
MYVO,MYVO-3043305.wav,4.999022,500000,MYVO.zip
MYVO,MYVO-60287671.wav,6.0,384000,MYVO.zip
MYVO,MYVO-28390151.wav,4.998976,500000,MYVO.zip
MYVO,MYVO-30658206.wav,4.998976,500000,MYVO.zip
MYVO,MYVO-30658332.wav,2.998976,500000,MYVO.zip
MYVO,MYVO-2867532.wav,4.999022,500000,MYVO.zip
MYVO,MYVO-33493679.wav,4.998976,500000,MYVO.zip
MYVO,MYVO-55388979.wav,4.998976,500000,MYVO.zip
MYVO,MYVO-28550044.wav,5.174666666666667,384000,MYVO.zip
MYVO,MYVO-28624491.wav,3.7666666666666666,384000,MYVO.zip
MYVO,MYVO-28977929.wav,4.998976,500000,MYVO.zip
MYVO,MYVO-30657157.wav,2.998976,500000,MYVO.zip
MYVO,MYVO-55388143.wav,4.998976,500000,MYVO.zip
MYVO,MYVO-28619727.wav,6.0,384000,MYVO.zip
MYVO,MYVO-3051180.wav,4.999022,500000,MYVO.zip
MYVO,MYVO-3042581.wav,4.999022,500000,MYVO.zip
MYVO,MYVO-73533433.wav,5.004,192000,MYVO.zip
MYVO,MYVO-28848384.wav,3.258,256000,MYVO.zip
MYVO,MYVO-28407749.wav,4.998976,500000,MYVO.zip
MYVO,MYVO-29065700.wav,4.998976,500000,MYVO.zip
MYVO,MYVO-3056862.wav,2.999022,500000,MYVO.zip
MYVO,MYVO-28984214.wav,4.998976,500000,MYVO.zip
MYVO,MYVO-55351543.wav,6.0,384000,MYVO.zip
MYVO,MYVO-29859394.wav,4.712,192000,MYVO.zip
MYVO,MYVO-3062503.wav,4.999022,500000,MYVO.zip
MYVO,MYVO-29833460.wav,5.0,192000,MYVO.zip
MYVO,MYVO-29029324.wav,4.998976,500000,MYVO.zip
MYVO,MYVO-33492553.wav,4.998976,500000,MYVO.zip
MYVO,MYVO-1368619.wav,4.999022,500000,MYVO.zip
MYVO,MYVO-28347741.wav,3.444,384000,MYVO.zip
MYVO,MYVO-28410168.wav,4.450666666666667,192000,MYVO.zip
MYVO,MYVO-29738999.wav,4.593333333333334,192000,MYVO.zip
MYVO,MYVO-55386664.wav,4.998976,500000,MYVO.zip
MYVO,MYVO-29006988.wav,5.4,256000,MYVO.zip
MYVO,MYVO-206979.wav,4.998976,500000,MYVO.zip
MYVO,MYVO-29340794.wav,2.8533333333333335,192000,MYVO.zip
MYVO,MYVO-54311010.wav,5.712,384000,MYVO.zip
MYVO,MYVO-3031537.wav,4.999022,500000,MYVO.zip
MYVO,MYVO-55387006.wav,4.998976,500000,MYVO.zip
MYVO,MYVO-3031875.wav,4.999022,500000,MYVO.zip
MYVO,MYVO-1373109.wav,4.999022,500000,MYVO.zip
MYVO,MYVO-2066027.wav,4.998976,500000,MYVO.zip
MYVO,MYVO-55476577.wav,4.998976,500000,MYVO.zip
MYVO,MYVO-29859569.wav,4.368,192000,MYVO.zip
MYVO,MYVO-54418789.wav,3.602,256000,MYVO.zip
MYVO,MYVO-31852560.wav,4.99992,500000,MYVO.zip
MYVO,MYVO-3058576.wav,4.999022,500000,MYVO.zip
MYVO,MYVO-28989769.wav,5.0,192000,MYVO.zip
MYVO,MYVO-1945466.wav,2.998976,500000,MYVO.zip
MYVO,MYVO-29296343.wav,5.0,192000,MYVO.zip
MYVO,MYVO-29836492.wav,4.998666666666667,192000,MYVO.zip
MYVO,MYVO-144799.wav,4.998976,500000,MYVO.zip
MYVO,MYVO-1319746.wav,4.999022,500000,MYVO.zip
MYVO,MYVO-31857145.wav,4.99992,500000,MYVO.zip
MYVO,MYVO-28536585.wav,5.7,384000,MYVO.zip
MYVO,MYVO-73533444.wav,5.004,192000,MYVO.zip
MYVO,MYVO-28994485.wav,4.998666666666667,192000,MYVO.zip
MYVO,MYVO-53855315.wav,4.999022,500000,MYVO.zip
MYVO,MYVO-29368650.wav,4.998976,500000,MYVO.zip
MYVO,MYVO-29841316.wav,3.0893333333333333,192000,MYVO.zip
MYVO,MYVO-29762482.wav,5.004,192000,MYVO.zip
MYVO,MYVO-29857146.wav,4.998666666666667,192000,MYVO.zip
MYVO,MYVO-73533659.wav,5.004,192000,MYVO.zip
MYVO,MYVO-3942467.wav,6.0,384000,MYVO.zip
MYVO,MYVO-29868503.wav,4.998666666666667,192000,MYVO.zip
MYVO,MYVO-3013125.wav,4.999022,500000,MYVO.zip
MYVO,MYVO-29739552.wav,4.998666666666667,192000,MYVO.zip
MYVO,MYVO-55478937.wav,4.998976,500000,MYVO.zip
MYVO,MYVO-29788764.wav,5.004,192000,MYVO.zip
MYVO,MYVO-55476159.wav,4.998976,500000,MYVO.zip
MYVO,MYVO-55348949.wav,6.0,384000,MYVO.zip
MYVO,MYVO-26700670.wav,6.2464,320000,MYVO.zip
MYVO,MYVO-55476089.wav,4.998976,500000,MYVO.zip
MYVO,MYVO-29011963.wav,4.998976,500000,MYVO.zip
MYVO,MYVO-31647979.wav,4.99992,500000,MYVO.zip
MYVO,MYVO-1376013.wav,4.99837,300000,MYVO.zip
MYVO,MYVO-1380435.wav,4.99837,300000,MYVO.zip
MYVO,MYVO-54419528.wav,3.918,256000,MYVO.zip
MYVO,MYVO-2072709.wav,4.998976,500000,MYVO.zip
MYVO,MYVO-73533704.wav,5.004,192000,MYVO.zip
MYVO,MYVO-26714433.wav,5.856,384000,MYVO.zip
MYVO,MYVO-55475979.wav,4.998976,500000,MYVO.zip
MYVO,MYVO-73525150.wav,5.004,192000,MYVO.zip
MYVO,MYVO-3048388.wav,4.999022,500000,MYVO.zip
MYVO,MYVO-55389018.wav,4.998976,500000,MYVO.zip
MYVO,MYVO-54410671.wav,6.0,384000,MYVO.zip
MYVO,MYVO-29717419.wav,5.0,192000,MYVO.zip
MYVO,MYVO-53850947.wav,4.998976,500000,MYVO.zip
MYVO,MYVO-1376542.wav,4.99837,300000,MYVO.zip
MYVO,MYVO-33533823.wav,4.998976,500000,MYVO.zip
MYVO,MYVO-28994850.wav,4.998666666666667,192000,MYVO.zip
MYVO,MYVO-1516505.wav,4.99837,300000,MYVO.zip
MYVO,MYVO-29767541.wav,5.0,192000,MYVO.zip
MYVO,MYVO-28290978.wav,4.88,192000,MYVO.zip
MYVO,MYVO-28988914.wav,4.998666666666667,192000,MYVO.zip
MYVO,MYVO-2067867.wav,4.998976,500000,MYVO.zip
MYVO,MYVO-2066704.wav,4.998976,500000,MYVO.zip
MYVO,MYVO-30502849.wav,6.0,384000,MYVO.zip
MYVO,MYVO-28414269.wav,4.998976,500000,MYVO.zip
MYVO,MYVO-29758648.wav,5.004,192000,MYVO.zip
MYVO,MYVO-30658329.wav,4.998976,500000,MYVO.zip
MYVO,MYVO-30630584.wav,4.998976,500000,MYVO.zip
MYVO,MYVO-53868008.wav,4.998976,500000,MYVO.zip
MYVO,MYVO-3061684.wav,2.999022,500000,MYVO.zip
MYVO,MYVO-2073118.wav,4.998976,500000,MYVO.zip
MYVO,MYVO-64878885.wav,5.0,500000,MYVO.zip
MYVO,MYVO-28844886.wav,4.998976,500000,MYVO.zip
MYVO,MYVO-29631486.wav,6.0,384000,MYVO.zip
MYVO,MYVO-54312296.wav,6.0,384000,MYVO.zip
MYVO,MYVO-29756606.wav,4.84,192000,MYVO.zip
MYVO,MYVO-30507418.wav,4.688,384000,MYVO.zip
MYVO,MYVO-60354061.wav,6.0,384000,MYVO.zip
MYVO,MYVO-28543338.wav,5.365333333333333,384000,MYVO.zip
MYVO,MYVO-29011968.wav,4.998976,500000,MYVO.zip
MYVO,MYVO-1375367.wav,2.998976,500000,MYVO.zip
MYVO,MYVO-3050369.wav,4.999022,500000,MYVO.zip
MYVO,MYVO-30658204.wav,4.998976,500000,MYVO.zip
MYVO,MYVO-54418219.wav,6.208,256000,MYVO.zip
MYVO,MYVO-29841557.wav,2.3013333333333335,192000,MYVO.zip
MYVO,MYVO-30625596.wav,4.998976,500000,MYVO.zip
MYVO,MYVO-29007000.wav,5.466,256000,MYVO.zip
MYVO,MYVO-57092491.wav,4.998976,500000,MYVO.zip
MYVO,MYVO-29345447.wav,4.998976,500000,MYVO.zip
MYVO,MYVO-31611021.wav,4.99992,500000,MYVO.zip
MYVO,MYVO-29085496.wav,4.998976,500000,MYVO.zip
MYVO,MYVO-30507416.wav,4.482666666666667,384000,MYVO.zip
MYVO,MYVO-29876542.wav,3.7813333333333334,192000,MYVO.zip
MYVO,MYVO-73533945.wav,5.004,192000,MYVO.zip
MYVO,MYVO-29876198.wav,5.004,192000,MYVO.zip
MYVO,MYVO-55476408.wav,4.998976,500000,MYVO.zip
MYVO,MYVO-55474531.wav,4.998976,500000,MYVO.zip
MYVO,MYVO-28418545.wav,6.0,384000,MYVO.zip
MYVO,MYVO-29013509.wav,4.998976,500000,MYVO.zip
MYVO,MYVO-2046182.wav,4.594,256000,MYVO.zip
MYVO,MYVO-33493603.wav,4.998976,500000,MYVO.zip
MYVO,MYVO-3040913.wav,4.999022,500000,MYVO.zip
MYVO,MYVO-3056119.wav,4.999022,500000,MYVO.zip
MYVO,MYVO-55349417.wav,6.0,384000,MYVO.zip
MYVO,MYVO-55386547.wav,4.998976,500000,MYVO.zip
MYVO,MYVO-29841797.wav,4.712,192000,MYVO.zip
MYVO,MYVO-28407490.wav,4.998976,500000,MYVO.zip
MYVO,MYVO-32892266.wav,5.18,256000,MYVO.zip
MYVO,MYVO-3050740.wav,2.999022,500000,MYVO.zip
MYVO,MYVO-73519155.wav,5.004,192000,MYVO.zip
MYVO,MYVO-29737394.wav,3.624,192000,MYVO.zip
MYVO,MYVO-73533753.wav,5.004,192000,MYVO.zip
MYVO,MYVO-28382188.wav,4.998976,500000,MYVO.zip
MYVO,MYVO-2835565.wav,4.999022,500000,MYVO.zip
MYVO,MYVO-3039019.wav,4.999022,500000,MYVO.zip
MYVO,MYVO-54316028.wav,6.0,384000,MYVO.zip
MYVO,MYVO-3012288.wav,4.999022,500000,MYVO.zip
MYVO,MYVO-29760230.wav,5.004,192000,MYVO.zip
MYVO,MYVO-55468152.wav,4.998976,500000,MYVO.zip
MYVO,MYVO-1517083.wav,4.99837,300000,MYVO.zip
MYVO,MYVO-1556138.wav,4.972,256000,MYVO.zip
MYVO,MYVO-30492880.wav,6.0,384000,MYVO.zip
MYVO,MYVO-1346920.wav,4.999022,500000,MYVO.zip
MYVO,MYVO-1400364.wav,4.99837,300000,MYVO.zip
MYVO,MYVO-2856225.wav,2.999022,500000,MYVO.zip
MYVO,MYVO-54319691.wav,6.0,384000,MYVO.zip
MYVO,MYVO-28586613.wav,5.8,384000,MYVO.zip
MYVO,MYVO-1361590.wav,4.999022,500000,MYVO.zip
MYVO,MYVO-1353990.wav,4.999022,500000,MYVO.zip
MYVO,MYVO-28332558.wav,4.1466666666666665,384000,MYVO.zip
MYVO,MYVO-29717526.wav,4.96,192000,MYVO.zip
MYVO,MYVO-73533293.wav,5.004,192000,MYVO.zip
MYVO,MYVO-35541400.wav,6.0,256000,MYVO.zip
MYVO,MYVO-29371594.wav,4.998976,500000,MYVO.zip
MYVO,MYVO-2820116.wav,4.999022,500000,MYVO.zip
MYVO,MYVO-3026810.wav,4.999022,500000,MYVO.zip
MYVO,MYVO-30506245.wav,3.6186666666666665,384000,MYVO.zip
MYVO,MYVO-29694067.wav,3.937333333333333,192000,MYVO.zip
MYVO,MYVO-1939954.wav,4.999022,500000,MYVO.zip
MYVO,MYVO-54312088.wav,6.0,384000,MYVO.zip
MYVO,MYVO-28334678.wav,5.168,384000,MYVO.zip
MYVO,MYVO-2156371.wav,6.0,384000,MYVO.zip
MYVO,MYVO-30507912.wav,5.786666666666667,384000,MYVO.zip
MYVO,MYVO-28354115.wav,5.902666666666667,384000,MYVO.zip
MYVO,MYVO-28400852.wav,3.636,256000,MYVO.zip
MYVO,MYVO-29758823.wav,5.004,192000,MYVO.zip
MYVO,MYVO-54310625.wav,6.0,384000,MYVO.zip
MYVO,MYVO-32882248.wav,6.0,384000,MYVO.zip
MYVO,MYVO-29013510.wav,4.998976,500000,MYVO.zip
MYVO,MYVO-29754947.wav,5.004,192000,MYVO.zip
MYVO,MYVO-1323713.wav,4.999022,500000,MYVO.zip
MYVO,MYVO-29768233.wav,4.466666666666667,192000,MYVO.zip
MYVO,MYVO-1946002.wav,2.998976,500000,MYVO.zip
MYVO,MYVO-28977718.wav,4.998976,500000,MYVO.zip
MYVO,MYVO-54310047.wav,5.190666666666667,384000,MYVO.zip
MYVO,MYVO-54429086.wav,6.0,384000,MYVO.zip
MYVO,MYVO-29767538.wav,5.0,192000,MYVO.zip
MYVO,MYVO-30507598.wav,5.150666666666667,384000,MYVO.zip
MYVO,MYVO-2069859.wav,4.998976,500000,MYVO.zip
MYVO,MYVO-2822724.wav,4.999022,500000,MYVO.zip
MYVO,MYVO-73533440.wav,5.004,192000,MYVO.zip
MYVO,MYVO-33845449.wav,6.0,384000,MYVO.zip
MYVO,MYVO-2044942.wav,4.999022,500000,MYVO.zip
MYVO,MYVO-29876306.wav,4.036,192000,MYVO.zip
MYVO,MYVO-2621193.wav,4.998976,500000,MYVO.zip
MYVO,MYVO-2857890.wav,4.999022,500000,MYVO.zip
MYVO,MYVO-29368645.wav,4.998976,500000,MYVO.zip
MYVO,MYVO-28300266.wav,5.0,192000,MYVO.zip
MYVO,MYVO-54426149.wav,5.219333333333333,384000,MYVO.zip
MYVO,MYVO-26700469.wav,3.9936,320000,MYVO.zip
MYVO,MYVO-55475887.wav,4.998976,500000,MYVO.zip
MYVO,MYVO-1395677.wav,4.99837,300000,MYVO.zip
MYVO,MYVO-57093010.wav,4.998976,500000,MYVO.zip
MYVO,MYVO-73533689.wav,3.18,192000,MYVO.zip
MYVO,MYVO-3008358.wav,4.999022,500000,MYVO.zip
MYVO,MYVO-28418791.wav,4.998976,500000,MYVO.zip
MYVO,MYVO-29750320.wav,5.004,192000,MYVO.zip
MYVO,MYVO-30497809.wav,6.0,384000,MYVO.zip
MYVO,MYVO-54311380.wav,3.933333333333333,384000,MYVO.zip
MYVO,MYVO-28346015.wav,6.0,384000,MYVO.zip
MYVO,MYVO-29371595.wav,4.998976,500000,MYVO.zip
MYVO,MYVO-1365478.wav,4.999022,500000,MYVO.zip
MYVO,MYVO-2863670.wav,2.999022,500000,MYVO.zip
MYVO,MYVO-1506728.wav,4.99837,300000,MYVO.zip
MYVO,MYVO-1313979.wav,4.999022,500000,MYVO.zip
MYVO,MYVO-30507230.wav,3.848,384000,MYVO.zip
MYVO,MYVO-2044938.wav,4.999022,500000,MYVO.zip
MYVO,MYVO-55475894.wav,4.998976,500000,MYVO.zip
MYVO,MYVO-29868833.wav,4.998666666666667,192000,MYVO.zip
MYVO,MYVO-2066025.wav,4.998976,500000,MYVO.zip
MYVO,MYVO-1369980.wav,4.999022,500000,MYVO.zip
MYVO,MYVO-29785465.wav,2.828,192000,MYVO.zip
MYVO,MYVO-32863342.wav,4.526,256000,MYVO.zip
MYVO,MYVO-29836350.wav,4.998666666666667,192000,MYVO.zip
MYVO,MYVO-30659229.wav,2.998976,500000,MYVO.zip
MYVO,MYVO-53843353.wav,4.998976,500000,MYVO.zip
MYVO,MYVO-3018139.wav,4.999022,500000,MYVO.zip
MYVO,MYVO-2848205.wav,2.999022,500000,MYVO.zip
MYVO,MYVO-3061168.wav,2.999022,500000,MYVO.zip
MYVO,MYVO-29785832.wav,5.004,192000,MYVO.zip
MYVO,MYVO-3057747.wav,4.999022,500000,MYVO.zip
MYVO,MYVO-29756418.wav,5.004,192000,MYVO.zip
MYVO,MYVO-29759379.wav,3.4026666666666667,192000,MYVO.zip
MYVO,MYVO-53854982.wav,4.999022,500000,MYVO.zip
MYVO,MYVO-29745091.wav,4.418666666666667,192000,MYVO.zip
MYVO,MYVO-33448679.wav,4.92,256000,MYVO.zip
MYVO,MYVO-30500725.wav,5.516,384000,MYVO.zip
MYVO,MYVO-28979057.wav,4.998976,500000,MYVO.zip
MYVO,MYVO-55323331.wav,4.037333333333334,384000,MYVO.zip
MYVO,MYVO-30589820.wav,4.998976,500000,MYVO.zip
MYVO,MYVO-1320929.wav,4.999022,500000,MYVO.zip
MYVO,MYVO-3043835.wav,4.999022,500000,MYVO.zip
MYVO,MYVO-1556058.wav,3.732,256000,MYVO.zip
MYVO,MYVO-29833816.wav,4.608,192000,MYVO.zip
MYVO,MYVO-30666246.wav,4.998976,500000,MYVO.zip
MYVO,MYVO-54418211.wav,5.505,256000,MYVO.zip
MYVO,MYVO-28418209.wav,4.998976,500000,MYVO.zip
MYVO,MYVO-55350998.wav,6.0,384000,MYVO.zip
MYVO,MYVO-1512062.wav,4.99837,300000,MYVO.zip
MYVO,MYVO-2857283.wav,4.999022,500000,MYVO.zip
MYVO,MYVO-5679862.wav,3.9936,320000,MYVO.zip
MYVO,MYVO-31618344.wav,4.99992,500000,MYVO.zip
MYVO,MYVO-33487252.wav,4.998976,500000,MYVO.zip
MYVO,MYVO-30500708.wav,6.0,384000,MYVO.zip
MYVO,MYVO-55386282.wav,4.998976,500000,MYVO.zip
MYVO,MYVO-55384774.wav,4.998976,500000,MYVO.zip
MYVO,MYVO-54139767.wav,4.998976,500000,MYVO.zip
MYVO,MYVO-29085497.wav,4.998976,500000,MYVO.zip
MYVO,MYVO-3059097.wav,2.999022,500000,MYVO.zip
MYVO,MYVO-3009566.wav,4.999022,500000,MYVO.zip
MYVO,MYVO-29737308.wav,4.24,192000,MYVO.zip
MYVO,MYVO-28348674.wav,6.0,384000,MYVO.zip
MYVO,MYVO-28290070.wav,5.0,192000,MYVO.zip
MYVO,MYVO-3058675.wav,4.999022,500000,MYVO.zip
MYVO,MYVO-29744281.wav,5.0,192000,MYVO.zip
MYVO,MYVO-1360751.wav,4.99837,300000,MYVO.zip
MYVO,MYVO-55346860.wav,3.546666666666667,384000,MYVO.zip
MYVO,MYVO-60287153.wav,5.8453333333333335,384000,MYVO.zip
MYVO,MYVO-28532999.wav,6.0,384000,MYVO.zip
MYVO,MYVO-1320123.wav,4.99837,300000,MYVO.zip
MYVO,MYVO-28410411.wav,6.0,384000,MYVO.zip
MYVO,MYVO-28619728.wav,6.0,384000,MYVO.zip
MYVO,MYVO-2836154.wav,4.999022,500000,MYVO.zip
MYVO,MYVO-2311956.wav,4.999022,500000,MYVO.zip
MYVO,MYVO-30489675.wav,3.4506666666666668,384000,MYVO.zip
MYVO,MYVO-28391435.wav,4.998976,500000,MYVO.zip
MYVO,MYVO-28414275.wav,4.998976,500000,MYVO.zip
MYVO,MYVO-2404702.wav,4.998976,500000,MYVO.zip
MYVO,MYVO-30505828.wav,6.0,384000,MYVO.zip
MYVO,MYVO-2073112.wav,4.998976,500000,MYVO.zip
MYVO,MYVO-29013448.wav,4.998976,500000,MYVO.zip
MYVO,MYVO-2069422.wav,4.998976,500000,MYVO.zip
MYVO,MYVO-28530677.wav,7.858666666666666,192000,MYVO.zip
MYVO,MYVO-3063290.wav,4.999022,500000,MYVO.zip
MYVO,MYVO-29739174.wav,4.998666666666667,192000,MYVO.zip
MYVO,MYVO-3057276.wav,2.999022,500000,MYVO.zip
MYVO,MYVO-28332571.wav,5.04,384000,MYVO.zip
MYVO,MYVO-29364441.wav,4.998976,500000,MYVO.zip
MYVO,MYVO-3010881.wav,4.999022,500000,MYVO.zip
MYVO,MYVO-73517012.wav,5.004,192000,MYVO.zip
MYVO,MYVO-215653.wav,4.998976,500000,MYVO.zip
MYVO,MYVO-1364501.wav,4.999022,500000,MYVO.zip
MYVO,MYVO-29029323.wav,4.998976,500000,MYVO.zip
MYVO,MYVO-54312317.wav,6.0,384000,MYVO.zip
MYVO,MYVO-29163376.wav,4.998976,500000,MYVO.zip
MYVO,MYVO-28977715.wav,4.998976,500000,MYVO.zip
MYVO,MYVO-28422197.wav,4.998976,500000,MYVO.zip
MYVO,MYVO-28347558.wav,4.570666666666667,384000,MYVO.zip
MYVO,MYVO-28589829.wav,6.0,384000,MYVO.zip
MYVO,MYVO-28417766.wav,4.277333333333333,192000,MYVO.zip
MYVO,MYVO-29762415.wav,5.004,192000,MYVO.zip
MYVO,MYVO-2992402.wav,2.999022,500000,MYVO.zip
MYVO,MYVO-3052552.wav,2.999022,500000,MYVO.zip
MYVO,MYVO-29011971.wav,4.998976,500000,MYVO.zip
MYVO,MYVO-28983446.wav,4.796,192000,MYVO.zip
MYVO,MYVO-29368652.wav,4.998976,500000,MYVO.zip
MYVO,MYVO-29013438.wav,4.998976,500000,MYVO.zip
MYVO,MYVO-1939980.wav,4.999022,500000,MYVO.zip
MYVO,MYVO-28299541.wav,5.0,192000,MYVO.zip
MYVO,MYVO-29876295.wav,5.004,192000,MYVO.zip
MYVO,MYVO-30657151.wav,2.998976,500000,MYVO.zip
MYVO,MYVO-28538471.wav,5.876,384000,MYVO.zip
MYVO,MYVO-192132.wav,4.75,256000,MYVO.zip
MYVO,MYVO-35541522.wav,4.608,256000,MYVO.zip
MYVO,MYVO-30490196.wav,6.0,384000,MYVO.zip
MYVO,MYVO-28272026.wav,3.973333333333333,384000,MYVO.zip
MYVO,MYVO-1558258.wav,4.256,256000,MYVO.zip
MYVO,MYVO-33845464.wav,6.0,384000,MYVO.zip
MYVO,MYVO-2859905.wav,4.999022,500000,MYVO.zip
MYVO,MYVO-55347771.wav,3.6666666666666665,384000,MYVO.zip
MYVO,MYVO-1555244.wav,3.942,256000,MYVO.zip
MYVO,MYVO-33845425.wav,6.0,384000,MYVO.zip
MYVO,MYVO-31621583.wav,4.99992,500000,MYVO.zip
MYVO,MYVO-29768578.wav,4.998666666666667,192000,MYVO.zip
MYVO,MYVO-29142820.wav,4.998976,500000,MYVO.zip
MYVO,MYVO-55470912.wav,4.998976,500000,MYVO.zip
MYVO,MYVO-29836412.wav,4.398666666666666,192000,MYVO.zip
MYVO,MYVO-2044941.wav,4.999022,500000,MYVO.zip
MYVO,MYVO-28977916.wav,4.998976,500000,MYVO.zip
MYVO,MYVO-2821435.wav,4.999022,500000,MYVO.zip
MYVO,MYVO-29364442.wav,4.998976,500000,MYVO.zip
MYVO,MYVO-28991897.wav,4.0986666666666665,192000,MYVO.zip
MYVO,MYVO-3057222.wav,4.999022,500000,MYVO.zip
MYVO,MYVO-29362853.wav,4.998976,500000,MYVO.zip
MYVO,MYVO-28988368.wav,5.0,192000,MYVO.zip
MYVO,MYVO-29013513.wav,4.998976,500000,MYVO.zip
MYVO,MYVO-32899984.wav,7.102,256000,MYVO.zip
MYVO,MYVO-29748426.wav,5.004,192000,MYVO.zip
MYVO,MYVO-2638988.wav,4.998976,500000,MYVO.zip
MYVO,MYVO-28339370.wav,6.0,384000,MYVO.zip
MYVO,MYVO-3039994.wav,4.999022,500000,MYVO.zip
MYVO,MYVO-29835674.wav,4.998666666666667,192000,MYVO.zip
MYVO,MYVO-2069415.wav,4.998976,500000,MYVO.zip
MYVO,MYVO-29788585.wav,4.518666666666666,192000,MYVO.zip
MYVO,MYVO-73524876.wav,5.004,192000,MYVO.zip
MYVO,MYVO-2861364.wav,4.999022,500000,MYVO.zip
MYVO,MYVO-28367362.wav,5.054666666666667,384000,MYVO.zip
MYVO,MYVO-30490194.wav,6.0,384000,MYVO.zip
MYVO,MYVO-30507217.wav,4.798666666666667,384000,MYVO.zip
MYVO,MYVO-54429467.wav,5.684666666666667,384000,MYVO.zip
MYVO,MYVO-2066715.wav,4.998976,500000,MYVO.zip
MYVO,MYVO-3056233.wav,2.999022,500000,MYVO.zip
MYVO,MYVO-210922.wav,4.998976,500000,MYVO.zip
MYVO,MYVO-3012214.wav,4.999022,500000,MYVO.zip
MYVO,MYVO-28404656.wav,3.844,384000,MYVO.zip
MYVO,MYVO-28390110.wav,4.998976,500000,MYVO.zip
MYVO,MYVO-3048509.wav,4.999022,500000,MYVO.zip
MYVO,MYVO-3028587.wav,4.999022,500000,MYVO.zip
MYVO,MYVO-1365017.wav,4.999022,500000,MYVO.zip
MYVO,MYVO-29163658.wav,4.998976,500000,MYVO.zip
MYVO,MYVO-2066026.wav,4.998976,500000,MYVO.zip
MYVO,MYVO-3050308.wav,2.999022,500000,MYVO.zip
MYVO,MYVO-1321982.wav,4.999022,500000,MYVO.zip
MYVO,MYVO-2405305.wav,4.998976,500000,MYVO.zip
MYVO,MYVO-28978789.wav,4.998976,500000,MYVO.zip
MYVO,MYVO-26697137.wav,6.5792,320000,MYVO.zip
MYVO,MYVO-30658325.wav,4.998976,500000,MYVO.zip
MYVO,MYVO-28391542.wav,4.998976,500000,MYVO.zip
MYVO,MYVO-29758595.wav,4.717333333333333,192000,MYVO.zip
MYVO,MYVO-55478895.wav,4.998976,500000,MYVO.zip
MYVO,MYVO-3022817.wav,4.999022,500000,MYVO.zip
MYVO,MYVO-3048328.wav,4.999022,500000,MYVO.zip
MYVO,MYVO-28365838.wav,4.998976,500000,MYVO.zip
MYVO,MYVO-2874448.wav,6.016,320000,MYVO.zip
MYVO,MYVO-2069424.wav,4.998976,500000,MYVO.zip
MYVO,MYVO-2854335.wav,4.999022,500000,MYVO.zip
MYVO,MYVO-28349106.wav,6.0,384000,MYVO.zip
MYVO,MYVO-28355387.wav,5.328,384000,MYVO.zip
MYVO,MYVO-53842947.wav,4.998976,500000,MYVO.zip
MYVO,MYVO-54426969.wav,5.269333333333333,384000,MYVO.zip
MYVO,MYVO-29866379.wav,5.0,192000,MYVO.zip
MYVO,MYVO-33490318.wav,4.998976,500000,MYVO.zip
MYVO,MYVO-64878887.wav,5.0,500000,MYVO.zip
MYVO,MYVO-53786509.wav,4.999022,500000,MYVO.zip
MYVO,MYVO-3047384.wav,2.999022,500000,MYVO.zip
MYVO,MYVO-222069.wav,5.822,256000,MYVO.zip
MYVO,MYVO-55322540.wav,5.196,384000,MYVO.zip
MYVO,MYVO-192063.wav,4.998976,500000,MYVO.zip
MYVO,MYVO-29364422.wav,4.998976,500000,MYVO.zip
MYVO,MYVO-29835801.wav,4.050666666666666,192000,MYVO.zip
MYVO,MYVO-29163390.wav,4.998976,500000,MYVO.zip
MYVO,MYVO-29756506.wav,3.417333333333333,192000,MYVO.zip
MYVO,MYVO-2813021.wav,4.999022,500000,MYVO.zip
MYVO,MYVO-28331954.wav,4.998976,500000,MYVO.zip
MYVO,MYVO-29142809.wav,4.998976,500000,MYVO.zip
MYVO,MYVO-33493166.wav,4.998976,500000,MYVO.zip
MYVO,MYVO-1350315.wav,4.99837,300000,MYVO.zip
MYVO,MYVO-26700466.wav,6.016,320000,MYVO.zip
MYVO,MYVO-29761658.wav,5.004,192000,MYVO.zip
MYVO,MYVO-28994421.wav,4.998666666666667,192000,MYVO.zip
MYVO,MYVO-28410009.wav,4.998976,500000,MYVO.zip
MYVO,MYVO-29743108.wav,5.0,192000,MYVO.zip
MYVO,MYVO-3024117.wav,4.999022,500000,MYVO.zip
MYVO,MYVO-29756737.wav,4.549333333333333,192000,MYVO.zip
MYVO,MYVO-73525608.wav,3.917333333333333,192000,MYVO.zip
MYVO,MYVO-31633335.wav,4.99992,500000,MYVO.zip
MYVO,MYVO-33613888.wav,4.998976,500000,MYVO.zip
MYVO,MYVO-30504774.wav,6.0,384000,MYVO.zip
MYVO,MYVO-53856345.wav,4.998976,500000,MYVO.zip
MYVO,MYVO-3042474.wav,4.999022,500000,MYVO.zip
MYVO,MYVO-2871735.wav,4.999022,500000,MYVO.zip
MYVO,MYVO-29765715.wav,5.0,192000,MYVO.zip
MYVO,MYVO-73533590.wav,5.004,192000,MYVO.zip
MYVO,MYVO-54310307.wav,6.0,384000,MYVO.zip
MYVO,MYVO-53843463.wav,4.998976,500000,MYVO.zip
MYVO,MYVO-3013597.wav,4.999022,500000,MYVO.zip
MYVO,MYVO-29013514.wav,4.998976,500000,MYVO.zip
MYVO,MYVO-2848300.wav,4.999022,500000,MYVO.zip
MYVO,MYVO-3054997.wav,2.999022,500000,MYVO.zip
MYVO,MYVO-3051844.wav,2.999022,500000,MYVO.zip
MYVO,MYVO-2068013.wav,4.998976,500000,MYVO.zip
MYVO,MYVO-3059072.wav,4.999022,500000,MYVO.zip
MYVO,MYVO-3039219.wav,4.999022,500000,MYVO.zip
MYVO,MYVO-64956528.wav,5.0,500000,MYVO.zip
MYVO,MYVO-33844672.wav,6.0,384000,MYVO.zip
MYVO,MYVO-29751949.wav,5.004,192000,MYVO.zip
MYVO,MYVO-29216323.wav,4.998976,500000,MYVO.zip
MYVO,MYVO-214122.wav,4.998976,500000,MYVO.zip
MYVO,MYVO-28979055.wav,4.998976,500000,MYVO.zip
MYVO,MYVO-28337364.wav,6.296,384000,MYVO.zip
MYVO,MYVO-29013511.wav,4.998976,500000,MYVO.zip
MYVO,MYVO-1372306.wav,4.999022,500000,MYVO.zip
MYVO,MYVO-29761735.wav,5.004,192000,MYVO.zip
MYVO,MYVO-53786199.wav,4.998976,500000,MYVO.zip
MYVO,MYVO-53843143.wav,4.998976,500000,MYVO.zip
MYVO,MYVO-30657160.wav,4.998976,500000,MYVO.zip
MYVO,MYVO-28410014.wav,4.998976,500000,MYVO.zip
MYVO,MYVO-55347493.wav,6.0,384000,MYVO.zip
MYVO,MYVO-73533289.wav,5.004,192000,MYVO.zip
MYVO,MYVO-30495278.wav,4.608,384000,MYVO.zip
MYVO,MYVO-30500724.wav,4.833333333333333,384000,MYVO.zip
MYVO,MYVO-28352657.wav,4.681333333333333,384000,MYVO.zip
MYVO,MYVO-28407707.wav,4.998976,500000,MYVO.zip
MYVO,MYVO-29835946.wav,4.998666666666667,192000,MYVO.zip
MYVO,MYVO-29011977.wav,4.998976,500000,MYVO.zip
MYVO,MYVO-33533786.wav,4.998976,500000,MYVO.zip
MYVO,MYVO-3062809.wav,4.999022,500000,MYVO.zip
MYVO,MYVO-28272239.wav,3.917333333333333,384000,MYVO.zip
MYVO,MYVO-29760858.wav,3.176,192000,MYVO.zip
MYVO,MYVO-3017307.wav,4.999022,500000,MYVO.zip
MYVO,MYVO-1939953.wav,4.999022,500000,MYVO.zip
MYVO,MYVO-73523673.wav,4.653333333333333,192000,MYVO.zip
MYVO,MYVO-73533909.wav,3.9053333333333335,192000,MYVO.zip
MYVO,MYVO-2807557.wav,4.999022,500000,MYVO.zip
MYVO,MYVO-30495259.wav,5.86,384000,MYVO.zip
MYVO,MYVO-1939955.wav,4.999022,500000,MYVO.zip
MYVO,MYVO-3011122.wav,4.999022,500000,MYVO.zip
MYVO,MYVO-1942013.wav,2.998976,500000,MYVO.zip
MYVO,MYVO-33490069.wav,4.998976,500000,MYVO.zip
MYVO,MYVO-29766098.wav,5.0,192000,MYVO.zip
MYVO,MYVO-3053436.wav,4.999022,500000,MYVO.zip
MYVO,MYVO-33449511.wav,4.07,256000,MYVO.zip
MYVO,MYVO-53843682.wav,4.998976,500000,MYVO.zip
MYVO,MYVO-30507601.wav,3.884,384000,MYVO.zip
MYVO,MYVO-29875637.wav,4.092,192000,MYVO.zip
MYVO,MYVO-26696157.wav,6.656,320000,MYVO.zip
MYVO,MYVO-2628567.wav,4.998976,500000,MYVO.zip
MYVO,MYVO-73529393.wav,5.004,192000,MYVO.zip
MYVO,MYVO-28978802.wav,4.998976,500000,MYVO.zip
MYVO,MYVO-28543872.wav,6.0,384000,MYVO.zip
MYVO,MYVO-1360944.wav,4.999022,500000,MYVO.zip
MYVO,MYVO-54313503.wav,6.0,384000,MYVO.zip
MYVO,MYVO-29323635.wav,5.0,192000,MYVO.zip
MYVO,MYVO-54418223.wav,2.782,256000,MYVO.zip
MYVO,MYVO-2037130.wav,6.414,256000,MYVO.zip
MYVO,MYVO-55475854.wav,2.998976,500000,MYVO.zip
MYVO,MYVO-73527842.wav,5.004,192000,MYVO.zip
MYVO,MYVO-29163656.wav,4.998976,500000,MYVO.zip
MYVO,MYVO-29759135.wav,5.004,192000,MYVO.zip
MYVO,MYVO-3010111.wav,4.999022,500000,MYVO.zip
MYVO,MYVO-32863343.wav,4.224,256000,MYVO.zip
MYVO,MYVO-29163382.wav,4.998976,500000,MYVO.zip
MYVO,MYVO-73533957.wav,5.004,192000,MYVO.zip
MYVO,MYVO-73516053.wav,5.004,192000,MYVO.zip
MYVO,MYVO-26714432.wav,6.0,384000,MYVO.zip
MYVO,MYVO-3049989.wav,2.999022,500000,MYVO.zip
MYVO,MYVO-1551679.wav,4.67,256000,MYVO.zip
MYVO,MYVO-29164294.wav,4.998976,500000,MYVO.zip
MYVO,MYVO-73516633.wav,5.004,192000,MYVO.zip
MYVO,MYVO-55471804.wav,4.998976,500000,MYVO.zip
MYVO,MYVO-1356856.wav,4.999022,500000,MYVO.zip
MYVO,MYVO-29736735.wav,4.168,192000,MYVO.zip
MYVO,MYVO-28537347.wav,6.0,384000,MYVO.zip
MYVO,MYVO-30489676.wav,5.716,384000,MYVO.zip
MYVO,MYVO-28390090.wav,4.998976,500000,MYVO.zip
MYVO,MYVO-29785707.wav,5.004,192000,MYVO.zip
MYVO,MYVO-29740154.wav,4.418666666666667,192000,MYVO.zip
MYVO,MYVO-3036359.wav,4.999022,500000,MYVO.zip
MYVO,MYVO-28336565.wav,6.0,384000,MYVO.zip
MYVO,MYVO-30495260.wav,6.0,384000,MYVO.zip
MYVO,MYVO-29768428.wav,4.998666666666667,192000,MYVO.zip
MYVO,MYVO-33487466.wav,4.998976,500000,MYVO.zip
MYVO,MYVO-3011677.wav,4.999022,500000,MYVO.zip
MYVO,MYVO-28545596.wav,6.0,384000,MYVO.zip
MYVO,MYVO-28340708.wav,4.998976,500000,MYVO.zip
MYVO,MYVO-29744977.wav,5.0,192000,MYVO.zip
MYVO,MYVO-55476134.wav,4.998976,500000,MYVO.zip
MYVO,MYVO-1361646.wav,4.999022,500000,MYVO.zip
MYVO,MYVO-2153600.wav,6.0,384000,MYVO.zip
MYVO,MYVO-55347402.wav,5.3053333333333335,384000,MYVO.zip
MYVO,MYVO-28375756.wav,6.0,384000,MYVO.zip
MYVO,MYVO-3058605.wav,4.999022,500000,MYVO.zip
MYVO,MYVO-3058059.wav,4.999022,500000,MYVO.zip
MYVO,MYVO-29163657.wav,4.998976,500000,MYVO.zip
MYVO,MYVO-3008290.wav,4.999022,500000,MYVO.zip
MYVO,MYVO-3059263.wav,2.999022,500000,MYVO.zip
MYVO,MYVO-3058779.wav,4.999022,500000,MYVO.zip
MYVO,MYVO-29013512.wav,4.998976,500000,MYVO.zip
MYVO,MYVO-28617821.wav,4.738666666666667,384000,MYVO.zip
MYVO,MYVO-1321339.wav,4.999022,500000,MYVO.zip
MYVO,MYVO-3048835.wav,4.999022,500000,MYVO.zip
MYVO,MYVO-3014104.wav,4.999022,500000,MYVO.zip
MYVO,MYVO-2404733.wav,4.998976,500000,MYVO.zip
MYVO,MYVO-191443.wav,4.998976,500000,MYVO.zip
MYVO,MYVO-29727930.wav,3.7546666666666666,192000,MYVO.zip
MYVO,MYVO-3020444.wav,4.999022,500000,MYVO.zip
MYVO,MYVO-29371600.wav,4.998976,500000,MYVO.zip
MYVO,MYVO-29744258.wav,2.3466666666666667,192000,MYVO.zip
MYVO,MYVO-1358286.wav,4.999022,500000,MYVO.zip
MYVO,MYVO-1515509.wav,4.99837,300000,MYVO.zip
MYVO,MYVO-3057635.wav,4.999022,500000,MYVO.zip
MYVO,MYVO-28587188.wav,6.0,384000,MYVO.zip
MYVO,MYVO-29163661.wav,4.998976,500000,MYVO.zip
MYVO,MYVO-3061983.wav,2.999022,500000,MYVO.zip
MYVO,MYVO-33845023.wav,4.758666666666667,384000,MYVO.zip
MYVO,MYVO-3044544.wav,4.999022,500000,MYVO.zip
MYVO,MYVO-3047598.wav,4.999022,500000,MYVO.zip
MYVO,MYVO-29765407.wav,4.748,192000,MYVO.zip
MYVO,MYVO-29876135.wav,3.2893333333333334,192000,MYVO.zip
MYVO,MYVO-29083991.wav,4.998976,500000,MYVO.zip
MYVO,MYVO-3049470.wav,2.999022,500000,MYVO.zip
MYVO,MYVO-3010471.wav,4.999022,500000,MYVO.zip
MYVO,MYVO-57092749.wav,4.998976,500000,MYVO.zip
MYVO,MYVO-29762978.wav,4.968,192000,MYVO.zip
MYVO,MYVO-28391339.wav,4.998976,500000,MYVO.zip
MYVO,MYVO-30506813.wav,4.8,384000,MYVO.zip
MYVO,MYVO-28317358.wav,5.0,192000,MYVO.zip
MYVO,MYVO-3050299.wav,2.999022,500000,MYVO.zip
MYVO,MYVO-28337445.wav,5.476,384000,MYVO.zip
MYVO,MYVO-30502839.wav,6.0,384000,MYVO.zip
MYVO,MYVO-215188.wav,4.998976,500000,MYVO.zip
MYVO,MYVO-28978674.wav,4.998976,500000,MYVO.zip
MYVO,MYVO-31611006.wav,4.99992,500000,MYVO.zip
MYVO,MYVO-31618747.wav,4.99992,500000,MYVO.zip
MYVO,MYVO-29371592.wav,4.998976,500000,MYVO.zip
MYVO,MYVO-60291181.wav,5.8293333333333335,384000,MYVO.zip
MYVO,MYVO-3054289.wav,4.999022,500000,MYVO.zip
MYVO,MYVO-55386833.wav,4.998976,500000,MYVO.zip
MYVO,MYVO-33441513.wav,3.676,256000,MYVO.zip
MYVO,MYVO-55384714.wav,4.998976,500000,MYVO.zip
MYVO,MYVO-3013009.wav,4.999022,500000,MYVO.zip
MYVO,MYVO-28411562.wav,5.0,192000,MYVO.zip
MYVO,MYVO-1360578.wav,4.999022,500000,MYVO.zip
MYVO,MYVO-28414119.wav,4.998976,500000,MYVO.zip
MYVO,MYVO-29736981.wav,2.632,192000,MYVO.zip
MYVO,MYVO-28557871.wav,6.0,384000,MYVO.zip
MYVO,MYVO-28978782.wav,4.998976,500000,MYVO.zip
MYVO,MYVO-28418360.wav,4.998976,500000,MYVO.zip
MYVO,MYVO-28408660.wav,4.998976,500000,MYVO.zip
MYVO,MYVO-1319255.wav,4.99837,300000,MYVO.zip
MYVO,MYVO-30502838.wav,6.0,384000,MYVO.zip
MYVO,MYVO-29086021.wav,4.998976,500000,MYVO.zip
MYVO,MYVO-73519929.wav,5.004,192000,MYVO.zip
MYVO,MYVO-31630705.wav,4.99992,500000,MYVO.zip
MYVO,MYVO-29280114.wav,4.998976,500000,MYVO.zip
MYVO,MYVO-29011269.wav,4.998976,500000,MYVO.zip
MYVO,MYVO-28984210.wav,4.998976,500000,MYVO.zip
MYVO,MYVO-28591897.wav,3.392,256000,MYVO.zip
MYVO,MYVO-1321476.wav,4.99837,300000,MYVO.zip
MYVO,MYVO-3033344.wav,4.999022,500000,MYVO.zip
MYVO,MYVO-54316621.wav,6.0,384000,MYVO.zip
MYVO,MYVO-28984205.wav,4.998976,500000,MYVO.zip
MYVO,MYVO-53842601.wav,4.999022,500000,MYVO.zip
MYVO,MYVO-28418547.wav,6.0,384000,MYVO.zip
MYVO,MYVO-31852147.wav,4.99992,500000,MYVO.zip
MYVO,MYVO-28991162.wav,4.998666666666667,192000,MYVO.zip
MYVO,MYVO-29364440.wav,4.998976,500000,MYVO.zip
MYVO,MYVO-29835876.wav,4.998666666666667,192000,MYVO.zip
MYVO,MYVO-1939952.wav,4.999022,500000,MYVO.zip
MYVO,MYVO-2808197.wav,4.999022,500000,MYVO.zip
MYVO,MYVO-3012379.wav,4.999022,500000,MYVO.zip
MYVO,MYVO-210906.wav,4.998976,500000,MYVO.zip
MYVO,MYVO-28342728.wav,6.0,384000,MYVO.zip
MYVO,MYVO-2001413.wav,6.0,384000,MYVO.zip
MYVO,MYVO-1556664.wav,4.42,256000,MYVO.zip
MYVO,MYVO-3045918.wav,4.999022,500000,MYVO.zip
MYVO,MYVO-3012966.wav,4.999022,500000,MYVO.zip
MYVO,MYVO-3012743.wav,4.999022,500000,MYVO.zip
MYVO,MYVO-2862141.wav,4.999022,500000,MYVO.zip
MYVO,MYVO-3013305.wav,4.999022,500000,MYVO.zip
MYVO,MYVO-55322442.wav,5.922666666666666,384000,MYVO.zip
MYVO,MYVO-30507911.wav,4.282666666666667,384000,MYVO.zip
MYVO,MYVO-28361809.wav,5.954666666666666,384000,MYVO.zip
MYVO,MYVO-57092933.wav,4.998976,500000,MYVO.zip
MYVO,MYVO-53854813.wav,4.998976,500000,MYVO.zip
MYVO,MYVO-53871091.wav,4.998976,500000,MYVO.zip
MYVO,MYVO-29163379.wav,4.998976,500000,MYVO.zip
MYVO,MYVO-29006972.wav,3.668,256000,MYVO.zip
MYVO,MYVO-3011033.wav,4.999022,500000,MYVO.zip
MYVO,MYVO-30597762.wav,2.998976,500000,MYVO.zip
MYVO,MYVO-28617439.wav,6.0,384000,MYVO.zip
MYVO,MYVO-3012835.wav,4.999022,500000,MYVO.zip
MYVO,MYVO-29728674.wav,5.004,192000,MYVO.zip
MYVO,MYVO-29149135.wav,4.998976,500000,MYVO.zip
MYVO,MYVO-3012373.wav,4.999022,500000,MYVO.zip
MYVO,MYVO-1558675.wav,5.802,256000,MYVO.zip
MYVO,MYVO-35539945.wav,6.0,256000,MYVO.zip
MYVO,MYVO-28407479.wav,4.998976,500000,MYVO.zip
MYVO,MYVO-29371588.wav,4.998976,500000,MYVO.zip
MYVO,MYVO-1396752.wav,4.99837,300000,MYVO.zip
MYVO,MYVO-3020064.wav,4.999022,500000,MYVO.zip
MYVO,MYVO-3054165.wav,2.999022,500000,MYVO.zip
MYVO,MYVO-28391601.wav,4.998976,500000,MYVO.zip
MYVO,MYVO-28369359.wav,4.998976,500000,MYVO.zip
MYVO,MYVO-26700467.wav,5.9904,320000,MYVO.zip
MYVO,MYVO-3939819.wav,6.0,384000,MYVO.zip
MYVO,MYVO-3024849.wav,4.999022,500000,MYVO.zip
MYVO,MYVO-55470864.wav,4.998976,500000,MYVO.zip
MYVO,MYVO-2066024.wav,4.998976,500000,MYVO.zip
MYVO,MYVO-28346452.wav,4.998976,500000,MYVO.zip
MYVO,MYVO-53842878.wav,4.998976,500000,MYVO.zip
MYVO,MYVO-29786692.wav,5.0,192000,MYVO.zip
MYVO,MYVO-3012471.wav,4.999022,500000,MYVO.zip
MYVO,MYVO-3049731.wav,4.999022,500000,MYVO.zip
MYVO,MYVO-56650935.wav,6.0,384000,MYVO.zip
MYVO,MYVO-28411249.wav,6.0,384000,MYVO.zip
MYVO,MYVO-28391807.wav,4.998976,500000,MYVO.zip
MYVO,MYVO-31621962.wav,4.99992,500000,MYVO.zip
MYVO,MYVO-28621990.wav,5.988,384000,MYVO.zip
MYVO,MYVO-28977716.wav,4.998976,500000,MYVO.zip
MYVO,MYVO-28979025.wav,4.998976,500000,MYVO.zip
MYVO,MYVO-33845024.wav,5.738666666666667,384000,MYVO.zip
MYVO,MYVO-53854469.wav,4.998976,500000,MYVO.zip
MYVO,MYVO-29784556.wav,5.0,192000,MYVO.zip
MYVO,MYVO-1939981.wav,4.999022,500000,MYVO.zip
MYVO,MYVO-3011598.wav,4.999022,500000,MYVO.zip
MYVO,MYVO-2833586.wav,4.999022,500000,MYVO.zip
MYVO,MYVO-30497799.wav,6.0,384000,MYVO.zip
MYVO,MYVO-28848411.wav,4.51,256000,MYVO.zip
MYVO,MYVO-54312631.wav,5.94,384000,MYVO.zip
MYVO,MYVO-54426968.wav,6.0,384000,MYVO.zip
MYVO,MYVO-28295999.wav,4.998666666666667,192000,MYVO.zip
MYVO,MYVO-28417034.wav,4.12,192000,MYVO.zip
MYVO,MYVO-28374572.wav,3.978666666666667,192000,MYVO.zip
MYVO,MYVO-28301332.wav,5.0,192000,MYVO.zip
MYVO,MYVO-29761746.wav,5.004,192000,MYVO.zip
MYVO,MYVO-28548554.wav,4.889333333333333,384000,MYVO.zip
MYVO,MYVO-29364104.wav,4.998976,500000,MYVO.zip
MYVO,MYVO-29875723.wav,4.233333333333333,192000,MYVO.zip
MYVO,MYVO-28989314.wav,3.201333333333334,192000,MYVO.zip
MYVO,MYVO-1351276.wav,4.99837,300000,MYVO.zip
MYVO,MYVO-29371593.wav,4.998976,500000,MYVO.zip
MYVO,MYVO-1557653.wav,7.2,256000,MYVO.zip
MYVO,MYVO-29142885.wav,4.998976,500000,MYVO.zip
MYVO,MYVO-2069418.wav,4.998976,500000,MYVO.zip
MYVO,MYVO-53854040.wav,4.998976,500000,MYVO.zip
MYVO,MYVO-30507823.wav,4.776,384000,MYVO.zip
MYVO,MYVO-30598633.wav,2.998976,500000,MYVO.zip
MYVO,MYVO-33487012.wav,4.998976,500000,MYVO.zip
MYVO,MYVO-2067981.wav,4.998976,500000,MYVO.zip
MYVO,MYVO-1502588.wav,4.999022,500000,MYVO.zip
MYVO,MYVO-2404746.wav,4.998976,500000,MYVO.zip
MYVO,MYVO-3055150.wav,4.999022,500000,MYVO.zip
MYYU,MYYU-29163667.wav,4.998976,500000,MYYU.zip
MYYU,MYYU-64953354.wav,6.0,384000,MYYU.zip
MYYU,MYYU-60296006.wav,5.0,500000,MYYU.zip
MYYU,MYYU-3040939.wav,4.999022,500000,MYYU.zip
MYYU,MYYU-73582829.wav,5.0,256000,MYYU.zip
MYYU,MYYU-64869552.wav,5.0,500000,MYYU.zip
MYYU,MYYU-2838319.wav,4.999022,500000,MYYU.zip
MYYU,MYYU-31614463.wav,4.99992,500000,MYYU.zip
MYYU,MYYU-31609803.wav,4.99992,500000,MYYU.zip
MYYU,MYYU-3061708.wav,4.999022,500000,MYYU.zip
MYYU,MYYU-31638485.wav,4.99992,500000,MYYU.zip
MYYU,MYYU-2857315.wav,4.999022,500000,MYYU.zip
MYYU,MYYU-1401969.wav,6.0,384000,MYYU.zip
MYYU,MYYU-2837108.wav,4.999022,500000,MYYU.zip
MYYU,MYYU-3030499.wav,4.999022,500000,MYYU.zip
MYYU,MYYU-3034810.wav,4.999022,500000,MYYU.zip
MYYU,MYYU-64954438.wav,6.0,384000,MYYU.zip
MYYU,MYYU-54323394.wav,6.0,384000,MYYU.zip
MYYU,MYYU-3934754.wav,6.0,384000,MYYU.zip
MYYU,MYYU-54423491.wav,6.0,384000,MYYU.zip
MYYU,MYYU-73540254.wav,5.0,256000,MYYU.zip
MYYU,MYYU-32908496.wav,6.885,256000,MYYU.zip
MYYU,MYYU-29632908.wav,6.0,384000,MYYU.zip
MYYU,MYYU-53859744.wav,4.998976,500000,MYYU.zip
MYYU,MYYU-31863049.wav,4.99992,500000,MYYU.zip
MYYU,MYYU-64891160.wav,5.0,500000,MYYU.zip
MYYU,MYYU-64889962.wav,5.0,500000,MYYU.zip
MYYU,MYYU-29799094.wav,5.004,192000,MYYU.zip
MYYU,MYYU-1988030.wav,5.498666666666667,384000,MYYU.zip
MYYU,MYYU-73605407.wav,5.0,256000,MYYU.zip
MYYU,MYYU-31870491.wav,4.99992,500000,MYYU.zip
MYYU,MYYU-3053615.wav,4.999022,500000,MYYU.zip
MYYU,MYYU-55351660.wav,6.0,384000,MYYU.zip
MYYU,MYYU-3040741.wav,4.999022,500000,MYYU.zip
MYYU,MYYU-64869551.wav,5.0,500000,MYYU.zip
MYYU,MYYU-73551020.wav,6.888,256000,MYYU.zip
MYYU,MYYU-54322867.wav,6.0,384000,MYYU.zip
MYYU,MYYU-63091618.wav,6.0,384000,MYYU.zip
MYYU,MYYU-63090432.wav,5.641333333333334,384000,MYYU.zip
MYYU,MYYU-2045077.wav,4.999022,500000,MYYU.zip
MYYU,MYYU-31619597.wav,4.99992,500000,MYYU.zip
MYYU,MYYU-2001979.wav,6.0,384000,MYYU.zip
MYYU,MYYU-64889283.wav,5.0,500000,MYYU.zip
MYYU,MYYU-60295957.wav,5.0,500000,MYYU.zip
MYYU,MYYU-29695008.wav,3.794666666666666,192000,MYYU.zip
MYYU,MYYU-55348460.wav,6.0,384000,MYYU.zip
MYYU,MYYU-55323527.wav,5.978666666666666,384000,MYYU.zip
MYYU,MYYU-53867987.wav,4.998976,500000,MYYU.zip
MYYU,MYYU-60296051.wav,5.0,500000,MYYU.zip
MYYU,MYYU-2538339.wav,6.0,384000,MYYU.zip
MYYU,MYYU-2044945.wav,4.999022,500000,MYYU.zip
MYYU,MYYU-54149553.wav,4.998976,500000,MYYU.zip
MYYU,MYYU-3031927.wav,4.999022,500000,MYYU.zip
MYYU,MYYU-3045853.wav,4.999022,500000,MYYU.zip
MYYU,MYYU-28337006.wav,4.717,256000,MYYU.zip
MYYU,MYYU-1938864.wav,4.999022,500000,MYYU.zip
MYYU,MYYU-2852852.wav,4.999022,500000,MYYU.zip
MYYU,MYYU-73551424.wav,6.288,256000,MYYU.zip
MYYU,MYYU-55349487.wav,6.0,384000,MYYU.zip
MYYU,MYYU-55011122.wav,2.346,256000,MYYU.zip
MYYU,MYYU-54416834.wav,3.212,256000,MYYU.zip
MYYU,MYYU-53863283.wav,4.998976,500000,MYYU.zip
MYYU,MYYU-28318771.wav,5.0,192000,MYYU.zip
MYYU,MYYU-3030180.wav,4.999022,500000,MYYU.zip
MYYU,MYYU-28598445.wav,6.0,384000,MYYU.zip
MYYU,MYYU-60489064.wav,5.0,500000,MYYU.zip
MYYU,MYYU-28317276.wav,5.0,192000,MYYU.zip
MYYU,MYYU-2830098.wav,4.999022,500000,MYYU.zip
MYYU,MYYU-54429098.wav,6.0,384000,MYYU.zip
MYYU,MYYU-64875583.wav,5.0,500000,MYYU.zip
MYYU,MYYU-28710608.wav,4.918666666666667,192000,MYYU.zip
MYYU,MYYU-28709529.wav,5.004,192000,MYYU.zip
MYYU,MYYU-29803007.wav,5.004,192000,MYYU.zip
MYYU,MYYU-2044936.wav,2.999022,500000,MYYU.zip
MYYU,MYYU-3036047.wav,4.999022,500000,MYYU.zip
MYYU,MYYU-2619110.wav,4.999022,500000,MYYU.zip
MYYU,MYYU-53864706.wav,4.998976,500000,MYYU.zip
MYYU,MYYU-31648399.wav,4.99992,500000,MYYU.zip
MYYU,MYYU-64895847.wav,5.0,500000,MYYU.zip
MYYU,MYYU-31677489.wav,4.99992,500000,MYYU.zip
MYYU,MYYU-64894287.wav,5.0,500000,MYYU.zip
MYYU,MYYU-64955091.wav,6.0,384000,MYYU.zip
MYYU,MYYU-29169818.wav,7.016,256000,MYYU.zip
MYYU,MYYU-60296000.wav,3.0,500000,MYYU.zip
MYYU,MYYU-28319521.wav,4.669333333333333,192000,MYYU.zip
MYYU,MYYU-29840529.wav,4.8133333333333335,192000,MYYU.zip
MYYU,MYYU-74444118.wav,6.0,384000,MYYU.zip
MYYU,MYYU-3009893.wav,4.999022,500000,MYYU.zip
MYYU,MYYU-28410217.wav,6.0,384000,MYYU.zip
MYYU,MYYU-53863845.wav,4.998976,500000,MYYU.zip
MYYU,MYYU-28319030.wav,4.528,192000,MYYU.zip
MYYU,MYYU-1370589.wav,4.999022,500000,MYYU.zip
MYYU,MYYU-31865268.wav,4.99992,500000,MYYU.zip
MYYU,MYYU-64886750.wav,5.0,500000,MYYU.zip
MYYU,MYYU-63090264.wav,6.0,384000,MYYU.zip
MYYU,MYYU-73543964.wav,5.0,256000,MYYU.zip
MYYU,MYYU-54321847.wav,6.0,384000,MYYU.zip
MYYU,MYYU-28980238.wav,5.004,192000,MYYU.zip
MYYU,MYYU-54322202.wav,6.0,384000,MYYU.zip
MYYU,MYYU-29774931.wav,5.004,192000,MYYU.zip
MYYU,MYYU-64953874.wav,6.0,384000,MYYU.zip
MYYU,MYYU-28863105.wav,7.234,256000,MYYU.zip
MYYU,MYYU-2860254.wav,4.999022,500000,MYYU.zip
MYYU,MYYU-60287492.wav,6.0,384000,MYYU.zip
MYYU,MYYU-60295881.wav,5.0,500000,MYYU.zip
MYYU,MYYU-2001231.wav,4.665333333333334,384000,MYYU.zip
MYYU,MYYU-53869229.wav,4.998976,500000,MYYU.zip
MYYU,MYYU-2861450.wav,4.999022,500000,MYYU.zip
MYYU,MYYU-54419455.wav,4.175,256000,MYYU.zip
MYYU,MYYU-64951842.wav,6.0,384000,MYYU.zip
MYYU,MYYU-60287777.wav,4.137333333333333,384000,MYYU.zip
MYYU,MYYU-31868087.wav,4.99992,500000,MYYU.zip
MYYU,MYYU-64869275.wav,5.0,500000,MYYU.zip
MYYU,MYYU-3019780.wav,4.999022,500000,MYYU.zip
MYYU,MYYU-2839620.wav,4.999022,500000,MYYU.zip
MYYU,MYYU-60296009.wav,5.0,500000,MYYU.zip
MYYU,MYYU-3028724.wav,4.999022,500000,MYYU.zip
MYYU,MYYU-64862076.wav,5.0,500000,MYYU.zip
MYYU,MYYU-53872156.wav,4.998976,500000,MYYU.zip
MYYU,MYYU-31611081.wav,4.99992,500000,MYYU.zip
MYYU,MYYU-31636846.wav,4.99992,500000,MYYU.zip
MYYU,MYYU-28285694.wav,5.0,192000,MYYU.zip
MYYU,MYYU-3934761.wav,5.1946666666666665,384000,MYYU.zip
MYYU,MYYU-54322527.wav,6.0,384000,MYYU.zip
MYYU,MYYU-53866521.wav,4.998976,500000,MYYU.zip
MYYU,MYYU-31863485.wav,4.99992,500000,MYYU.zip
MYYU,MYYU-60296017.wav,3.0,500000,MYYU.zip
MYYU,MYYU-29774388.wav,5.004,192000,MYYU.zip
MYYU,MYYU-54299723.wav,6.0,384000,MYYU.zip
MYYU,MYYU-35539970.wav,6.0,256000,MYYU.zip
MYYU,MYYU-31622242.wav,4.99992,500000,MYYU.zip
MYYU,MYYU-31645244.wav,4.99992,500000,MYYU.zip
MYYU,MYYU-31628912.wav,4.99992,500000,MYYU.zip
MYYU,MYYU-31634447.wav,4.99992,500000,MYYU.zip
MYYU,MYYU-64869276.wav,5.0,500000,MYYU.zip
MYYU,MYYU-73539943.wav,5.0,256000,MYYU.zip
MYYU,MYYU-28318101.wav,5.0,192000,MYYU.zip
MYYU,MYYU-28598539.wav,6.0,384000,MYYU.zip
MYYU,MYYU-3035830.wav,4.999022,500000,MYYU.zip
MYYU,MYYU-30506058.wav,6.0,384000,MYYU.zip
MYYU,MYYU-28341043.wav,6.0,384000,MYYU.zip
MYYU,MYYU-60353463.wav,4.538666666666667,384000,MYYU.zip
MYYU,MYYU-64874478.wav,5.0,500000,MYYU.zip
MYYU,MYYU-30506840.wav,6.0,384000,MYYU.zip
MYYU,MYYU-3029235.wav,4.999022,500000,MYYU.zip
MYYU,MYYU-63086287.wav,6.0,384000,MYYU.zip
MYYU,MYYU-64957354.wav,5.0,500000,MYYU.zip
MYYU,MYYU-1320149.wav,4.999022,500000,MYYU.zip
MYYU,MYYU-31608387.wav,4.99992,500000,MYYU.zip
MYYU,MYYU-29774653.wav,5.004,192000,MYYU.zip
MYYU,MYYU-3020641.wav,4.999022,500000,MYYU.zip
MYYU,MYYU-28355828.wav,6.0,384000,MYYU.zip
MYYU,MYYU-30488970.wav,6.0,384000,MYYU.zip
MYYU,MYYU-64878905.wav,5.0,500000,MYYU.zip
MYYU,MYYU-28341566.wav,5.796,384000,MYYU.zip
MYYU,MYYU-31625411.wav,4.99992,500000,MYYU.zip
MYYU,MYYU-28440963.wav,4.998666666666667,192000,MYYU.zip
MYYU,MYYU-60295922.wav,3.0,500000,MYYU.zip
MYYU,MYYU-54321517.wav,4.729333333333333,384000,MYYU.zip
MYYU,MYYU-3024319.wav,4.999022,500000,MYYU.zip
MYYU,MYYU-2831677.wav,4.999022,500000,MYYU.zip
MYYU,MYYU-64892576.wav,5.0,500000,MYYU.zip
MYYU,MYYU-28332538.wav,4.373333333333333,192000,MYYU.zip
MYYU,MYYU-29815102.wav,5.0,192000,MYYU.zip
MYYU,MYYU-2809498.wav,4.999022,500000,MYYU.zip
MYYU,MYYU-64866784.wav,5.0,300000,MYYU.zip
MYYU,MYYU-2044940.wav,4.999022,500000,MYYU.zip
MYYU,MYYU-26711901.wav,6.0,384000,MYYU.zip
MYYU,MYYU-53863378.wav,4.998976,500000,MYYU.zip
MYYU,MYYU-60295850.wav,5.0,500000,MYYU.zip
MYYU,MYYU-31640094.wav,4.99992,500000,MYYU.zip
MYYU,MYYU-31656078.wav,4.99992,500000,MYYU.zip
MYYU,MYYU-28440956.wav,4.228,192000,MYYU.zip
MYYU,MYYU-60295779.wav,5.0,500000,MYYU.zip
MYYU,MYYU-2808548.wav,4.999022,500000,MYYU.zip
MYYU,MYYU-29808224.wav,5.004,192000,MYYU.zip
MYYU,MYYU-55347671.wav,6.0,384000,MYYU.zip
MYYU,MYYU-2821963.wav,4.999022,500000,MYYU.zip
MYYU,MYYU-1348699.wav,4.999022,500000,MYYU.zip
MYYU,MYYU-2807283.wav,4.999022,500000,MYYU.zip
MYYU,MYYU-194954.wav,4.482,256000,MYYU.zip
MYYU,MYYU-31856045.wav,4.99992,500000,MYYU.zip
MYYU,MYYU-63090638.wav,6.0,384000,MYYU.zip
MYYU,MYYU-29774370.wav,5.004,192000,MYYU.zip
MYYU,MYYU-28863051.wav,6.988,256000,MYYU.zip
MYYU,MYYU-3028148.wav,4.999022,500000,MYYU.zip
MYYU,MYYU-3051691.wav,2.999022,500000,MYYU.zip
MYYU,MYYU-54416352.wav,7.563,256000,MYYU.zip
MYYU,MYYU-2870825.wav,2.999022,500000,MYYU.zip
MYYU,MYYU-28993826.wav,4.042666666666666,192000,MYYU.zip
MYYU,MYYU-28318164.wav,5.0,192000,MYYU.zip
MYYU,MYYU-31636452.wav,4.99992,500000,MYYU.zip
MYYU,MYYU-2001998.wav,6.0,384000,MYYU.zip
MYYU,MYYU-3037493.wav,4.999022,500000,MYYU.zip
MYYU,MYYU-28355935.wav,4.161333333333333,384000,MYYU.zip
MYYU,MYYU-2831028.wav,4.999022,500000,MYYU.zip
MYYU,MYYU-3032174.wav,4.999022,500000,MYYU.zip
MYYU,MYYU-28981860.wav,5.004,192000,MYYU.zip
MYYU,MYYU-1315953.wav,4.999022,500000,MYYU.zip
MYYU,MYYU-3043691.wav,4.999022,500000,MYYU.zip
MYYU,MYYU-60352048.wav,5.198666666666667,384000,MYYU.zip
MYYU,MYYU-29875634.wav,4.541333333333333,192000,MYYU.zip
MYYU,MYYU-29774935.wav,5.004,192000,MYYU.zip
MYYU,MYYU-31709340.wav,4.99992,500000,MYYU.zip
MYYU,MYYU-3031708.wav,4.999022,500000,MYYU.zip
MYYU,MYYU-64867756.wav,5.0,500000,MYYU.zip
MYYU,MYYU-53785950.wav,4.998976,500000,MYYU.zip
MYYU,MYYU-28994137.wav,2.709333333333334,192000,MYYU.zip
MYYU,MYYU-28544163.wav,3.19,384000,MYYU.zip
MYYU,MYYU-63090330.wav,4.649333333333334,384000,MYYU.zip
MYYU,MYYU-2619719.wav,4.999022,500000,MYYU.zip
MYYU,MYYU-29632207.wav,5.777333333333333,384000,MYYU.zip
MYYU,MYYU-29809445.wav,5.0,192000,MYYU.zip
MYYU,MYYU-31706887.wav,4.99992,500000,MYYU.zip
MYYU,MYYU-31641379.wav,4.99992,500000,MYYU.zip
MYYU,MYYU-54410717.wav,5.724,384000,MYYU.zip
MYYU,MYYU-1999572.wav,6.0,384000,MYYU.zip
MYYU,MYYU-3046046.wav,4.999022,500000,MYYU.zip
MYYU,MYYU-28467973.wav,5.0,192000,MYYU.zip
MYYU,MYYU-30491291.wav,6.0,384000,MYYU.zip
MYYU,MYYU-2852854.wav,4.999022,500000,MYYU.zip
MYYU,MYYU-64872192.wav,5.0,500000,MYYU.zip
MYYU,MYYU-73601944.wav,4.34,256000,MYYU.zip
MYYU,MYYU-32909541.wav,5.329,256000,MYYU.zip
MYYU,MYYU-3027430.wav,4.999022,500000,MYYU.zip
MYYU,MYYU-54150179.wav,4.998976,500000,MYYU.zip
MYYU,MYYU-3042357.wav,4.999022,500000,MYYU.zip
MYYU,MYYU-54322201.wav,6.0,384000,MYYU.zip
MYYU,MYYU-64883510.wav,3.0,500000,MYYU.zip
MYYU,MYYU-54321170.wav,6.0,384000,MYYU.zip
MYYU,MYYU-29774413.wav,5.004,192000,MYYU.zip
MYYU,MYYU-54416749.wav,7.775,256000,MYYU.zip
MYYU,MYYU-28847638.wav,2.448,192000,MYYU.zip
MYYU,MYYU-28993598.wav,4.888,192000,MYYU.zip
MYYU,MYYU-3027686.wav,4.999022,500000,MYYU.zip
MYYU,MYYU-28318992.wav,5.0,192000,MYYU.zip
MYYU,MYYU-31861500.wav,4.99992,500000,MYYU.zip
MYYU,MYYU-2807012.wav,4.999022,500000,MYYU.zip
MYYU,MYYU-64889964.wav,5.0,500000,MYYU.zip
MYYU,MYYU-2827397.wav,4.999022,500000,MYYU.zip
MYYU,MYYU-2850814.wav,4.999022,500000,MYYU.zip
MYYU,MYYU-54419126.wav,4.704,256000,MYYU.zip
MYYU,MYYU-31609786.wav,4.99992,500000,MYYU.zip
MYYU,MYYU-28317658.wav,5.0,192000,MYYU.zip
MYYU,MYYU-58057012.wav,6.0,384000,MYYU.zip
MYYU,MYYU-28842768.wav,2.316,192000,MYYU.zip
MYYU,MYYU-54423490.wav,6.0,384000,MYYU.zip
MYYU,MYYU-2817366.wav,4.999022,500000,MYYU.zip
MYYU,MYYU-60295917.wav,3.0,500000,MYYU.zip
MYYU,MYYU-3037070.wav,4.999022,500000,MYYU.zip
MYYU,MYYU-64957342.wav,5.0,500000,MYYU.zip
MYYU,MYYU-3035547.wav,4.999022,500000,MYYU.zip
MYYU,MYYU-64875742.wav,5.0,500000,MYYU.zip
MYYU,MYYU-30501107.wav,3.6533333333333338,384000,MYYU.zip
MYYU,MYYU-54410730.wav,5.046666666666667,384000,MYYU.zip
MYYU,MYYU-2001977.wav,6.0,384000,MYYU.zip
MYYU,MYYU-54422932.wav,6.0,384000,MYYU.zip
MYYU,MYYU-31652787.wav,4.99992,500000,MYYU.zip
MYYU,MYYU-1938867.wav,4.999022,500000,MYYU.zip
MYYU,MYYU-3030506.wav,4.999022,500000,MYYU.zip
MYYU,MYYU-53862433.wav,4.998976,500000,MYYU.zip
MYYU,MYYU-54299721.wav,6.0,384000,MYYU.zip
MYYU,MYYU-29170021.wav,4.856,256000,MYYU.zip
MYYU,MYYU-31622774.wav,4.99992,500000,MYYU.zip
MYYU,MYYU-60289381.wav,6.0,384000,MYYU.zip
MYYU,MYYU-64953992.wav,6.0,384000,MYYU.zip
MYYU,MYYU-29823379.wav,4.7785520833333335,192000,MYYU.zip
MYYU,MYYU-30496187.wav,5.825333333333333,384000,MYYU.zip
MYYU,MYYU-64955206.wav,6.0,384000,MYYU.zip
MYYU,MYYU-2045079.wav,4.999022,500000,MYYU.zip
MYYU,MYYU-31848203.wav,4.99992,500000,MYYU.zip
MYYU,MYYU-2002431.wav,6.0,384000,MYYU.zip
MYYU,MYYU-3015359.wav,4.999022,500000,MYYU.zip
MYYU,MYYU-29646047.wav,5.0,192000,MYYU.zip
MYYU,MYYU-60351112.wav,6.0,384000,MYYU.zip
MYYU,MYYU-28336243.wav,6.0,384000,MYYU.zip
MYYU,MYYU-54299722.wav,6.0,384000,MYYU.zip
MYYU,MYYU-64895407.wav,5.0,500000,MYYU.zip
MYYU,MYYU-28863213.wav,4.892,256000,MYYU.zip
MYYU,MYYU-2857656.wav,4.999022,500000,MYYU.zip
MYYU,MYYU-28544265.wav,5.350666666666666,384000,MYYU.zip
MYYU,MYYU-32907298.wav,8.089,256000,MYYU.zip
MYYU,MYYU-33844676.wav,6.0,384000,MYYU.zip
MYYU,MYYU-30499030.wav,6.0,384000,MYYU.zip
MYYU,MYYU-28363577.wav,4.312,384000,MYYU.zip
MYYU,MYYU-2044937.wav,4.999022,500000,MYYU.zip
MYYU,MYYU-55347590.wav,6.0,384000,MYYU.zip
MYYU,MYYU-54410749.wav,6.0,384000,MYYU.zip
MYYU,MYYU-60352247.wav,6.0,384000,MYYU.zip
MYYU,MYYU-64951845.wav,6.0,384000,MYYU.zip
MYYU,MYYU-28356003.wav,6.0,384000,MYYU.zip
MYYU,MYYU-2044944.wav,4.999022,500000,MYYU.zip
MYYU,MYYU-3040759.wav,4.999022,500000,MYYU.zip
MYYU,MYYU-3009194.wav,4.999022,500000,MYYU.zip
MYYU,MYYU-29169214.wav,4.288,256000,MYYU.zip
MYYU,MYYU-2821096.wav,4.999022,500000,MYYU.zip
MYYU,MYYU-28993203.wav,4.976,192000,MYYU.zip
MYYU,MYYU-28319518.wav,5.0,192000,MYYU.zip
MYYU,MYYU-31643028.wav,4.99992,500000,MYYU.zip
MYYU,MYYU-31863276.wav,4.99992,500000,MYYU.zip
MYYU,MYYU-3042909.wav,4.999022,500000,MYYU.zip
MYYU,MYYU-1302718.wav,6.73,256000,MYYU.zip
MYYU,MYYU-2002424.wav,6.0,384000,MYYU.zip
MYYU,MYYU-3019409.wav,4.999022,500000,MYYU.zip
MYYU,MYYU-26713418.wav,6.0,384000,MYYU.zip
MYYU,MYYU-29805021.wav,5.004,192000,MYYU.zip
MYYU,MYYU-3038278.wav,4.999022,500000,MYYU.zip
MYYU,MYYU-54429103.wav,4.604666666666667,384000,MYYU.zip
MYYU,MYYU-60295978.wav,5.0,500000,MYYU.zip
MYYU,MYYU-3042934.wav,4.999022,500000,MYYU.zip
MYYU,MYYU-29169429.wav,5.034,256000,MYYU.zip
MYYU,MYYU-60351120.wav,4.233333333333333,384000,MYYU.zip
MYYU,MYYU-28331490.wav,6.0,384000,MYYU.zip
MYYU,MYYU-63091195.wav,6.0,384000,MYYU.zip
MYYU,MYYU-60295911.wav,3.0,500000,MYYU.zip
MYYU,MYYU-53855390.wav,4.999022,500000,MYYU.zip
MYYU,MYYU-3025259.wav,4.999022,500000,MYYU.zip
MYYU,MYYU-64889281.wav,5.0,500000,MYYU.zip
MYYU,MYYU-2044935.wav,4.999022,500000,MYYU.zip
MYYU,MYYU-53868011.wav,4.998976,500000,MYYU.zip
MYYU,MYYU-53859718.wav,4.998976,500000,MYYU.zip
MYYU,MYYU-74445601.wav,6.0,384000,MYYU.zip
MYYU,MYYU-28441894.wav,4.453333333333333,192000,MYYU.zip
MYYU,MYYU-54311399.wav,5.117333333333334,384000,MYYU.zip
MYYU,MYYU-31865261.wav,4.99992,500000,MYYU.zip
MYYU,MYYU-55323017.wav,6.0,384000,MYYU.zip
MYYU,MYYU-29628195.wav,5.0,192000,MYYU.zip
MYYU,MYYU-32910337.wav,3.338,256000,MYYU.zip
MYYU,MYYU-29774932.wav,5.004,192000,MYYU.zip
MYYU,MYYU-31863987.wav,4.99992,500000,MYYU.zip
MYYU,MYYU-3024792.wav,4.999022,500000,MYYU.zip
MYYU,MYYU-31642411.wav,4.99992,500000,MYYU.zip
MYYU,MYYU-64956885.wav,5.0,500000,MYYU.zip
MYYU,MYYU-3060499.wav,4.999022,500000,MYYU.zip
MYYU,MYYU-30501104.wav,6.0,384000,MYYU.zip
MYYU,MYYU-31634196.wav,4.99992,500000,MYYU.zip
MYYU,MYYU-2044943.wav,4.999022,500000,MYYU.zip
MYYU,MYYU-31630171.wav,4.99992,500000,MYYU.zip
MYYU,MYYU-29876146.wav,5.004,192000,MYYU.zip
MYYU,MYYU-1939956.wav,4.999022,500000,MYYU.zip
MYYU,MYYU-31869068.wav,2.99992,500000,MYYU.zip
MYYU,MYYU-1986822.wav,6.0,384000,MYYU.zip
MYYU,MYYU-53843586.wav,4.998976,500000,MYYU.zip
MYYU,MYYU-64880908.wav,5.0,500000,MYYU.zip
MYYU,MYYU-31637107.wav,4.99992,500000,MYYU.zip
MYYU,MYYU-29774016.wav,4.658666666666667,192000,MYYU.zip
MYYU,MYYU-28295902.wav,4.998666666666667,192000,MYYU.zip
MYYU,MYYU-64955651.wav,6.0,384000,MYYU.zip
MYYU,MYYU-33484967.wav,2.734,256000,MYYU.zip
MYYU,MYYU-28532602.wav,5.798666666666667,384000,MYYU.zip
MYYU,MYYU-3033401.wav,4.999022,500000,MYYU.zip
MYYU,MYYU-29821857.wav,4.648,192000,MYYU.zip
MYYU,MYYU-63090201.wav,6.0,384000,MYYU.zip
MYYU,MYYU-31855909.wav,4.99992,500000,MYYU.zip
MYYU,MYYU-64876975.wav,5.0,500000,MYYU.zip
MYYU,MYYU-54311089.wav,6.0,384000,MYYU.zip
MYYU,MYYU-1402611.wav,4.558666666666666,384000,MYYU.zip
MYYU,MYYU-32907911.wav,6.748,256000,MYYU.zip
MYYU,MYYU-29646042.wav,5.0,192000,MYYU.zip
MYYU,MYYU-1435809.wav,5.536,256000,MYYU.zip
MYYU,MYYU-32910685.wav,5.092,256000,MYYU.zip
MYYU,MYYU-1938904.wav,4.999022,500000,MYYU.zip
MYYU,MYYU-53855114.wav,4.999022,500000,MYYU.zip
MYYU,MYYU-2808379.wav,4.999022,500000,MYYU.zip
MYYU,MYYU-63088561.wav,5.532,384000,MYYU.zip
MYYU,MYYU-54308279.wav,4.481333333333334,384000,MYYU.zip
MYYU,MYYU-1986885.wav,6.0,384000,MYYU.zip
MYYU,MYYU-1401565.wav,4.99837,300000,MYYU.zip
MYYU,MYYU-28318350.wav,5.0,192000,MYYU.zip
MYYU,MYYU-29824046.wav,5.004,192000,MYYU.zip
MYYU,MYYU-28707557.wav,4.754666666666667,192000,MYYU.zip
MYYU,MYYU-29632907.wav,6.0,384000,MYYU.zip
MYYU,MYYU-64875658.wav,5.0,500000,MYYU.zip
MYYU,MYYU-2002430.wav,6.0,384000,MYYU.zip
MYYU,MYYU-31606047.wav,4.99992,500000,MYYU.zip
MYYU,MYYU-2851134.wav,4.999022,500000,MYYU.zip
MYYU,MYYU-29632208.wav,6.0,384000,MYYU.zip
MYYU,MYYU-28318951.wav,5.0,192000,MYYU.zip
MYYU,MYYU-64886749.wav,5.0,500000,MYYU.zip
MYYU,MYYU-2830457.wav,4.999022,500000,MYYU.zip
MYYU,MYYU-2840271.wav,4.999022,500000,MYYU.zip
MYYU,MYYU-188476.wav,2.666,256000,MYYU.zip
MYYU,MYYU-28295858.wav,4.998666666666667,192000,MYYU.zip
MYYU,MYYU-60287028.wav,6.0,384000,MYYU.zip
MYYU,MYYU-2868070.wav,4.999022,500000,MYYU.zip
MYYU,MYYU-64875907.wav,5.0,500000,MYYU.zip
MYYU,MYYU-3063248.wav,4.999022,500000,MYYU.zip
MYYU,MYYU-53864184.wav,4.998976,500000,MYYU.zip
MYYU,MYYU-94102.wav,6.894,256000,MYYU.zip
MYYU,MYYU-2823950.wav,4.999022,500000,MYYU.zip
MYYU,MYYU-3046712.wav,4.999022,500000,MYYU.zip
MYYU,MYYU-64883506.wav,3.0,500000,MYYU.zip
MYYU,MYYU-28318368.wav,5.0,192000,MYYU.zip
MYYU,MYYU-28996651.wav,6.028,256000,MYYU.zip
MYYU,MYYU-2834521.wav,4.999022,500000,MYYU.zip
MYYU,MYYU-64894289.wav,5.0,500000,MYYU.zip
MYYU,MYYU-54428106.wav,4.589333333333333,384000,MYYU.zip
MYYU,MYYU-2153870.wav,5.238666666666667,384000,MYYU.zip
MYYU,MYYU-33532695.wav,4.998976,500000,MYYU.zip
MYYU,MYYU-63090006.wav,5.604,384000,MYYU.zip
MYYU,MYYU-64862074.wav,5.0,500000,MYYU.zip
MYYU,MYYU-64865819.wav,5.0,500000,MYYU.zip
MYYU,MYYU-58056712.wav,6.0,384000,MYYU.zip
MYYU,MYYU-31618549.wav,4.99992,500000,MYYU.zip
MYYU,MYYU-1348653.wav,4.999022,500000,MYYU.zip
MYYU,MYYU-64954439.wav,6.0,384000,MYYU.zip
MYYU,MYYU-3009565.wav,4.999022,500000,MYYU.zip
MYYU,MYYU-55323261.wav,6.0,384000,MYYU.zip
MYYU,MYYU-31617492.wav,4.99992,500000,MYYU.zip
MYYU,MYYU-1999630.wav,6.0,384000,MYYU.zip
MYYU,MYYU-31858013.wav,4.99992,500000,MYYU.zip
MYYU,MYYU-53870481.wav,4.998976,500000,MYYU.zip
MYYU,MYYU-53855509.wav,4.999022,500000,MYYU.zip
MYYU,MYYU-29163664.wav,4.998976,500000,MYYU.zip
MYYU,MYYU-32908501.wav,4.624,256000,MYYU.zip
MYYU,MYYU-28710576.wav,4.998666666666667,192000,MYYU.zip
MYYU,MYYU-54416286.wav,7.248,256000,MYYU.zip
MYYU,MYYU-54419301.wav,7.006,256000,MYYU.zip
MYYU,MYYU-28287455.wav,4.0958854166666665,192000,MYYU.zip
MYYU,MYYU-31655942.wav,4.99992,500000,MYYU.zip
MYYU,MYYU-64950836.wav,6.0,384000,MYYU.zip
MYYU,MYYU-32911109.wav,4.794,256000,MYYU.zip
MYYU,MYYU-64892573.wav,5.0,500000,MYYU.zip
MYYU,MYYU-63090266.wav,6.0,384000,MYYU.zip
MYYU,MYYU-1939957.wav,4.999022,500000,MYYU.zip
MYYU,MYYU-35537883.wav,6.0,256000,MYYU.zip
MYYU,MYYU-28319675.wav,5.0,192000,MYYU.zip
MYYU,MYYU-53865381.wav,4.998976,500000,MYYU.zip
MYYU,MYYU-29632206.wav,6.0,384000,MYYU.zip
MYYU,MYYU-3039810.wav,4.999022,500000,MYYU.zip
MYYU,MYYU-3058973.wav,4.999022,500000,MYYU.zip
MYYU,MYYU-54322363.wav,5.6146666666666665,384000,MYYU.zip
MYYU,MYYU-33846469.wav,6.0,384000,MYYU.zip
MYYU,MYYU-53877173.wav,4.998976,500000,MYYU.zip
MYYU,MYYU-3047645.wav,2.999022,500000,MYYU.zip
MYYU,MYYU-2832827.wav,4.999022,500000,MYYU.zip
MYYU,MYYU-54416347.wav,6.532,256000,MYYU.zip
MYYU,MYYU-3020102.wav,4.999022,500000,MYYU.zip
MYYU,MYYU-2044947.wav,4.999022,500000,MYYU.zip
MYYU,MYYU-31632995.wav,4.99992,500000,MYYU.zip
MYYU,MYYU-53842220.wav,4.999022,500000,MYYU.zip
MYYU,MYYU-29014547.wav,6.176,256000,MYYU.zip
MYYU,MYYU-29774398.wav,5.004,192000,MYYU.zip
MYYU,MYYU-64952483.wav,6.0,384000,MYYU.zip
MYYU,MYYU-3017658.wav,4.999022,500000,MYYU.zip
MYYU,MYYU-54428594.wav,6.0,384000,MYYU.zip
MYYU,MYYU-2822589.wav,4.999022,500000,MYYU.zip
MYYU,MYYU-29163663.wav,4.998976,500000,MYYU.zip
MYYU,MYYU-30499026.wav,6.0,384000,MYYU.zip
MYYU,MYYU-64953352.wav,6.0,384000,MYYU.zip
MYYU,MYYU-60351421.wav,4.433333333333334,384000,MYYU.zip
MYYU,MYYU-54429097.wav,6.0,384000,MYYU.zip
MYYU,MYYU-31637032.wav,4.99992,500000,MYYU.zip
MYYU,MYYU-2841676.wav,4.999022,500000,MYYU.zip
MYYU,MYYU-2841488.wav,4.999022,500000,MYYU.zip
MYYU,MYYU-58056714.wav,6.0,384000,MYYU.zip
MYYU,MYYU-3041746.wav,4.999022,500000,MYYU.zip
MYYU,MYYU-1319037.wav,4.999022,500000,MYYU.zip
MYYU,MYYU-2821687.wav,4.999022,500000,MYYU.zip
MYYU,MYYU-29718653.wav,4.998666666666667,192000,MYYU.zip
MYYU,MYYU-28332188.wav,5.0,192000,MYYU.zip
MYYU,MYYU-53863152.wav,4.998976,500000,MYYU.zip
MYYU,MYYU-60295812.wav,5.0,500000,MYYU.zip
MYYU,MYYU-3014214.wav,4.999022,500000,MYYU.zip
MYYU,MYYU-28290858.wav,4.978666666666666,192000,MYYU.zip
MYYU,MYYU-31638490.wav,4.99992,500000,MYYU.zip
MYYU,MYYU-3063289.wav,4.999022,500000,MYYU.zip
MYYU,MYYU-3017893.wav,4.999022,500000,MYYU.zip
MYYU,MYYU-31859285.wav,4.99992,500000,MYYU.zip
MYYU,MYYU-63090502.wav,6.0,384000,MYYU.zip
MYYU,MYYU-32906205.wav,4.836,256000,MYYU.zip
MYYU,MYYU-64873733.wav,5.0,500000,MYYU.zip
MYYU,MYYU-54410696.wav,6.0,384000,MYYU.zip
MYYU,MYYU-2001230.wav,6.0,384000,MYYU.zip
MYYU,MYYU-31664219.wav,4.99992,500000,MYYU.zip
MYYU,MYYU-33484755.wav,6.386,256000,MYYU.zip
MYYU,MYYU-54416769.wav,4.264,256000,MYYU.zip
MYYU,MYYU-1999613.wav,5.881333333333333,384000,MYYU.zip
MYYU,MYYU-2810982.wav,4.999022,500000,MYYU.zip
MYYU,MYYU-54144695.wav,4.998976,500000,MYYU.zip
MYYU,MYYU-32908497.wav,3.547,256000,MYYU.zip
MYYU,MYYU-64956946.wav,5.0,500000,MYYU.zip
MYYU,MYYU-3036195.wav,4.999022,500000,MYYU.zip
MYYU,MYYU-28979809.wav,3.8786666666666663,192000,MYYU.zip
MYYU,MYYU-54418330.wav,5.811,256000,MYYU.zip
MYYU,MYYU-1402509.wav,6.0,384000,MYYU.zip
MYYU,MYYU-29875679.wav,5.004,192000,MYYU.zip
MYYU,MYYU-53873177.wav,4.998976,500000,MYYU.zip
MYYU,MYYU-60353182.wav,6.0,384000,MYYU.zip
MYYU,MYYU-64956071.wav,6.0,384000,MYYU.zip
MYYU,MYYU-2853998.wav,4.999022,500000,MYYU.zip
MYYU,MYYU-63091520.wav,5.513333333333334,384000,MYYU.zip
MYYU,MYYU-64861970.wav,5.0,500000,MYYU.zip
MYYU,MYYU-28539565.wav,4.135,256000,MYYU.zip
MYYU,MYYU-28993669.wav,5.0,192000,MYYU.zip
MYYU,MYYU-31854234.wav,4.99992,500000,MYYU.zip
MYYU,MYYU-2849647.wav,4.999022,500000,MYYU.zip
MYYU,MYYU-2870914.wav,4.999022,500000,MYYU.zip
MYYU,MYYU-64872185.wav,5.0,500000,MYYU.zip
MYYU,MYYU-55471579.wav,4.998976,500000,MYYU.zip
MYYU,MYYU-28994041.wav,3.938666666666667,192000,MYYU.zip
MYYU,MYYU-2870826.wav,2.999022,500000,MYYU.zip
MYYU,MYYU-53871335.wav,4.998976,500000,MYYU.zip
MYYU,MYYU-28410554.wav,5.974666666666667,384000,MYYU.zip
MYYU,MYYU-53785586.wav,4.998976,500000,MYYU.zip
MYYU,MYYU-28342823.wav,5.342666666666666,384000,MYYU.zip
MYYU,MYYU-33484703.wav,4.028,256000,MYYU.zip
MYYU,MYYU-3947291.wav,5.293333333333333,384000,MYYU.zip
MYYU,MYYU-60296018.wav,5.0,500000,MYYU.zip
MYYU,MYYU-29632322.wav,4.570666666666667,192000,MYYU.zip
MYYU,MYYU-73608148.wav,5.0,256000,MYYU.zip
MYYU,MYYU-28341562.wav,6.0,384000,MYYU.zip
MYYU,MYYU-31710170.wav,4.99992,500000,MYYU.zip
MYYU,MYYU-28368360.wav,6.0,384000,MYYU.zip
MYYU,MYYU-29810908.wav,5.0,192000,MYYU.zip
MYYU,MYYU-60295925.wav,5.0,500000,MYYU.zip
MYYU,MYYU-29338979.wav,5.0,192000,MYYU.zip
MYYU,MYYU-64895700.wav,3.0,500000,MYYU.zip
MYYU,MYYU-29163662.wav,4.998976,500000,MYYU.zip
MYYU,MYYU-64873035.wav,5.0,500000,MYYU.zip
MYYU,MYYU-3049619.wav,2.999022,500000,MYYU.zip
MYYU,MYYU-54429872.wav,5.9093333333333335,384000,MYYU.zip
MYYU,MYYU-2045078.wav,4.999022,500000,MYYU.zip
MYYU,MYYU-3011221.wav,4.999022,500000,MYYU.zip
MYYU,MYYU-1999844.wav,4.342666666666666,384000,MYYU.zip
MYYU,MYYU-64873037.wav,5.0,500000,MYYU.zip
MYYU,MYYU-28993869.wav,4.8133333333333335,192000,MYYU.zip
MYYU,MYYU-29824476.wav,5.0,192000,MYYU.zip
MYYU,MYYU-31624035.wav,4.99992,500000,MYYU.zip
MYYU,MYYU-28336611.wav,5.713333333333333,384000,MYYU.zip
MYYU,MYYU-64895857.wav,5.0,500000,MYYU.zip
MYYU,MYYU-1987020.wav,6.0,384000,MYYU.zip
MYYU,MYYU-28409285.wav,4.94,384000,MYYU.zip
MYYU,MYYU-63089311.wav,6.0,384000,MYYU.zip
MYYU,MYYU-64953875.wav,6.0,384000,MYYU.zip
MYYU,MYYU-64892274.wav,5.0,500000,MYYU.zip
MYYU,MYYU-29825050.wav,5.0,192000,MYYU.zip
MYYU,MYYU-28538802.wav,6.0,384000,MYYU.zip
MYYU,MYYU-2843635.wav,2.999022,500000,MYYU.zip
MYYU,MYYU-28524756.wav,4.298666666666667,192000,MYYU.zip
MYYU,MYYU-3041478.wav,4.999022,500000,MYYU.zip
MYYU,MYYU-73540120.wav,5.0,256000,MYYU.zip
MYYU,MYYU-64875659.wav,5.0,500000,MYYU.zip
MYYU,MYYU-28319015.wav,5.0,192000,MYYU.zip
MYYU,MYYU-64897914.wav,5.0,500000,MYYU.zip
MYYU,MYYU-29170375.wav,4.898,256000,MYYU.zip
MYYU,MYYU-53859729.wav,4.998976,500000,MYYU.zip
MYYU,MYYU-3010535.wav,4.999022,500000,MYYU.zip
MYYU,MYYU-54322279.wav,5.244,384000,MYYU.zip
MYYU,MYYU-31638955.wav,4.99992,500000,MYYU.zip
MYYU,MYYU-60351829.wav,6.0,384000,MYYU.zip
MYYU,MYYU-28353062.wav,5.0,192000,MYYU.zip
MYYU,MYYU-28863064.wav,6.462,256000,MYYU.zip
MYYU,MYYU-54299720.wav,6.0,384000,MYYU.zip
MYYU,MYYU-3032706.wav,4.999022,500000,MYYU.zip
MYYU,MYYU-2822894.wav,4.999022,500000,MYYU.zip
MYYU,MYYU-28544337.wav,6.0,384000,MYYU.zip
MYYU,MYYU-28863358.wav,5.074,256000,MYYU.zip
MYYU,MYYU-64867757.wav,5.0,500000,MYYU.zip
MYYU,MYYU-29813410.wav,5.0,192000,MYYU.zip
MYYU,MYYU-54410694.wav,6.0,384000,MYYU.zip
MYYU,MYYU-55351858.wav,6.0,384000,MYYU.zip
MYYU,MYYU-31654441.wav,4.99992,500000,MYYU.zip
MYYU,MYYU-64873839.wav,5.0,500000,MYYU.zip
MYYU,MYYU-29822034.wav,5.0,192000,MYYU.zip
MYYU,MYYU-3033689.wav,4.999022,500000,MYYU.zip
MYYU,MYYU-3043084.wav,4.999022,500000,MYYU.zip
MYYU,MYYU-3014321.wav,4.999022,500000,MYYU.zip
MYYU,MYYU-55348666.wav,6.0,384000,MYYU.zip
MYYU,MYYU-3942465.wav,5.357333333333333,384000,MYYU.zip
MYYU,MYYU-2858258.wav,4.999022,500000,MYYU.zip
MYYU,MYYU-28341466.wav,6.0,384000,MYYU.zip
MYYU,MYYU-28979751.wav,3.673333333333334,192000,MYYU.zip
MYYU,MYYU-2825718.wav,4.999022,500000,MYYU.zip
MYYU,MYYU-2864003.wav,4.999022,500000,MYYU.zip
MYYU,MYYU-3027665.wav,4.999022,500000,MYYU.zip
MYYU,MYYU-64888634.wav,5.0,500000,MYYU.zip
MYYU,MYYU-32880897.wav,4.857333333333333,384000,MYYU.zip
MYYU,MYYU-26713416.wav,6.0,384000,MYYU.zip
MYYU,MYYU-54308174.wav,4.672,384000,MYYU.zip
MYYU,MYYU-64864445.wav,5.0,500000,MYYU.zip
MYYU,MYYU-64889963.wav,5.0,500000,MYYU.zip
MYYU,MYYU-53873989.wav,4.998976,500000,MYYU.zip
MYYU,MYYU-3053117.wav,4.999022,500000,MYYU.zip
MYYU,MYYU-31848870.wav,4.99992,500000,MYYU.zip
MYYU,MYYU-29813072.wav,5.0,192000,MYYU.zip
MYYU,MYYU-53845139.wav,4.998976,500000,MYYU.zip
MYYU,MYYU-28378963.wav,5.121333333333333,384000,MYYU.zip
MYYU,MYYU-2153338.wav,6.0,384000,MYYU.zip
MYYU,MYYU-28331535.wav,6.0,384000,MYYU.zip
MYYU,MYYU-28331262.wav,5.0,192000,MYYU.zip
MYYU,MYYU-28317673.wav,4.888,192000,MYYU.zip
MYYU,MYYU-28993260.wav,4.1066666666666665,192000,MYYU.zip
MYYU,MYYU-29774930.wav,3.3973333333333335,192000,MYYU.zip
MYYU,MYYU-64897933.wav,5.0,500000,MYYU.zip
MYYU,MYYU-3042735.wav,4.999022,500000,MYYU.zip
MYYU,MYYU-54416326.wav,7.898,256000,MYYU.zip
MYYU,MYYU-1379234.wav,4.99837,300000,MYYU.zip
MYYU,MYYU-60489065.wav,5.0,500000,MYYU.zip
MYYU,MYYU-3934771.wav,6.0,384000,MYYU.zip
MYYU,MYYU-1938865.wav,4.999022,500000,MYYU.zip
MYYU,MYYU-28533335.wav,5.949333333333334,384000,MYYU.zip
MYYU,MYYU-28842720.wav,5.004,192000,MYYU.zip
MYYU,MYYU-60351420.wav,4.593333333333334,384000,MYYU.zip
MYYU,MYYU-31857299.wav,4.99992,500000,MYYU.zip
MYYU,MYYU-30499035.wav,5.068,384000,MYYU.zip
MYYU,MYYU-53859647.wav,4.998976,500000,MYYU.zip
MYYU,MYYU-28411280.wav,6.0,384000,MYYU.zip
MYYU,MYYU-28330585.wav,5.584,384000,MYYU.zip
MYYU,MYYU-28318108.wav,5.0,192000,MYYU.zip
MYYU,MYYU-1938868.wav,4.999022,500000,MYYU.zip
MYYU,MYYU-73641973.wav,4.866,256000,MYYU.zip
MYYU,MYYU-54422938.wav,6.0,384000,MYYU.zip
MYYU,MYYU-53842842.wav,4.998976,500000,MYYU.zip
MYYU,MYYU-29873435.wav,4.536,192000,MYYU.zip
MYYU,MYYU-29642678.wav,3.52,192000,MYYU.zip
MYYU,MYYU-31865467.wav,4.99992,500000,MYYU.zip
MYYU,MYYU-60352166.wav,3.6653333333333338,384000,MYYU.zip
MYYU,MYYU-73603159.wav,5.0,256000,MYYU.zip
MYYU,MYYU-55349084.wav,5.6146666666666665,384000,MYYU.zip
MYYU,MYYU-28335756.wav,5.0,192000,MYYU.zip
MYYU,MYYU-2827791.wav,4.999022,500000,MYYU.zip
MYYU,MYYU-3026816.wav,4.999022,500000,MYYU.zip
MYYU,MYYU-63091000.wav,6.0,384000,MYYU.zip
MYYU,MYYU-28994017.wav,5.004,192000,MYYU.zip
MYYU,MYYU-54410691.wav,6.0,384000,MYYU.zip
MYYU,MYYU-32907297.wav,4.885,256000,MYYU.zip
MYYU,MYYU-54144905.wav,4.998976,500000,MYYU.zip
MYYU,MYYU-3012582.wav,4.999022,500000,MYYU.zip
MYYU,MYYU-29774652.wav,5.004,192000,MYYU.zip
MYYU,MYYU-64869550.wav,5.0,500000,MYYU.zip
MYYU,MYYU-3008483.wav,4.999022,500000,MYYU.zip
MYYU,MYYU-64869277.wav,5.0,500000,MYYU.zip
MYYU,MYYU-2537320.wav,6.0,384000,MYYU.zip
MYYU,MYYU-2809436.wav,4.999022,500000,MYYU.zip
MYYU,MYYU-54149795.wav,4.998976,500000,MYYU.zip
MYYU,MYYU-64875660.wav,5.0,500000,MYYU.zip
MYYU,MYYU-28483847.wav,5.0,192000,MYYU.zip
MYYU,MYYU-55348055.wav,6.0,384000,MYYU.zip
MYYU,MYYU-54307544.wav,4.1066666666666665,384000,MYYU.zip
MYYU,MYYU-56652056.wav,5.545333333333334,384000,MYYU.zip
MYYU,MYYU-28318017.wav,5.0,192000,MYYU.zip
MYYU,MYYU-2044939.wav,4.999022,500000,MYYU.zip
MYYU,MYYU-31607696.wav,4.99992,500000,MYYU.zip
MYYU,MYYU-60351116.wav,4.58,384000,MYYU.zip
MYYU,MYYU-54320385.wav,6.0,384000,MYYU.zip
MYYU,MYYU-3014423.wav,4.999022,500000,MYYU.zip
MYYU,MYYU-54417535.wav,7.265,256000,MYYU.zip
MYYU,MYYU-31655952.wav,4.99992,500000,MYYU.zip
MYYU,MYYU-28332950.wav,5.855333333333333,384000,MYYU.zip
MYYU,MYYU-28979784.wav,5.004,192000,MYYU.zip
MYYU,MYYU-28319289.wav,4.848,192000,MYYU.zip
MYYU,MYYU-28863411.wav,6.026,256000,MYYU.zip
MYYU,MYYU-53871000.wav,4.998976,500000,MYYU.zip
MYYU,MYYU-64883507.wav,3.0,500000,MYYU.zip
MYYU,MYYU-63085877.wav,6.0,384000,MYYU.zip
MYYU,MYYU-35539969.wav,5.756,256000,MYYU.zip
MYYU,MYYU-32909544.wav,4.224,256000,MYYU.zip
MYYU,MYYU-63086750.wav,6.0,384000,MYYU.zip
MYYU,MYYU-2619353.wav,4.999022,500000,MYYU.zip
MYYU,MYYU-54322895.wav,6.0,384000,MYYU.zip
MYYU,MYYU-31637905.wav,4.99992,500000,MYYU.zip
MYYU,MYYU-54418328.wav,6.057,256000,MYYU.zip
MYYU,MYYU-53877282.wav,4.998976,500000,MYYU.zip
MYYU,MYYU-2869485.wav,4.999022,500000,MYYU.zip
MYYU,MYYU-32903524.wav,4.118,256000,MYYU.zip
MYYU,MYYU-32907304.wav,4.166,256000,MYYU.zip
MYYU,MYYU-64875740.wav,5.0,500000,MYYU.zip
MYYU,MYYU-64864446.wav,5.0,500000,MYYU.zip
MYYU,MYYU-1987037.wav,6.0,384000,MYYU.zip
MYYU,MYYU-3030066.wav,4.999022,500000,MYYU.zip
MYYU,MYYU-31679270.wav,4.99992,500000,MYYU.zip
MYYU,MYYU-30491702.wav,5.382666666666666,384000,MYYU.zip
MYYU,MYYU-3035770.wav,4.999022,500000,MYYU.zip
MYYU,MYYU-54299724.wav,5.724,384000,MYYU.zip
MYYU,MYYU-73543749.wav,5.0,256000,MYYU.zip
MYYU,MYYU-31625889.wav,4.99992,500000,MYYU.zip
MYYU,MYYU-54416900.wav,5.487,256000,MYYU.zip
MYYU,MYYU-31707427.wav,4.99992,500000,MYYU.zip
MYYU,MYYU-31615516.wav,4.99992,500000,MYYU.zip
MYYU,MYYU-2871736.wav,4.999022,500000,MYYU.zip
MYYU,MYYU-3043524.wav,4.999022,500000,MYYU.zip
MYYU,MYYU-3041594.wav,4.999022,500000,MYYU.zip
MYYU,MYYU-2154792.wav,6.0,384000,MYYU.zip
MYYU,MYYU-3008289.wav,4.999022,500000,MYYU.zip
MYYU,MYYU-32906817.wav,6.058,256000,MYYU.zip
MYYU,MYYU-31602896.wav,4.99992,500000,MYYU.zip
MYYU,MYYU-28362696.wav,4.676,384000,MYYU.zip
MYYU,MYYU-53871173.wav,4.998976,500000,MYYU.zip
MYYU,MYYU-29821055.wav,5.0,192000,MYYU.zip
MYYU,MYYU-29812751.wav,5.0,192000,MYYU.zip
MYYU,MYYU-3030676.wav,4.999022,500000,MYYU.zip
MYYU,MYYU-64877422.wav,5.0,500000,MYYU.zip
MYYU,MYYU-2837906.wav,4.999022,500000,MYYU.zip
MYYU,MYYU-28993590.wav,4.978666666666666,192000,MYYU.zip
MYYU,MYYU-29169488.wav,7.12,256000,MYYU.zip
MYYU,MYYU-29170073.wav,7.066,256000,MYYU.zip
MYYU,MYYU-53280304.wav,4.998976,500000,MYYU.zip
MYYU,MYYU-31851746.wav,4.99992,500000,MYYU.zip
MYYU,MYYU-3012621.wav,4.999022,500000,MYYU.zip
MYYU,MYYU-3045015.wav,4.999022,500000,MYYU.zip
MYYU,MYYU-73605342.wav,5.0,256000,MYYU.zip
MYYU,MYYU-28992551.wav,5.004,192000,MYYU.zip
MYYU,MYYU-31606045.wav,4.99992,500000,MYYU.zip
MYYU,MYYU-54321555.wav,6.0,384000,MYYU.zip
MYYU,MYYU-54149715.wav,4.998976,500000,MYYU.zip
MYYU,MYYU-3021108.wav,4.999022,500000,MYYU.zip
MYYU,MYYU-3055879.wav,4.999022,500000,MYYU.zip
MYYU,MYYU-3022172.wav,4.999022,500000,MYYU.zip
MYYU,MYYU-60295773.wav,5.0,500000,MYYU.zip
MYYU,MYYU-54308533.wav,3.396,384000,MYYU.zip
MYYU,MYYU-53280402.wav,4.998976,500000,MYYU.zip
MYYU,MYYU-60295972.wav,5.0,500000,MYYU.zip
MYYU,MYYU-31656895.wav,4.99992,500000,MYYU.zip
MYYU,MYYU-64876974.wav,5.0,500000,MYYU.zip
MYYU,MYYU-54307468.wav,4.770666666666667,384000,MYYU.zip
MYYU,MYYU-2835050.wav,4.999022,500000,MYYU.zip
MYYU,MYYU-64876236.wav,5.0,500000,MYYU.zip
MYYU,MYYU-31638499.wav,4.99992,500000,MYYU.zip
MYYU,MYYU-3026310.wav,4.999022,500000,MYYU.zip
MYYU,MYYU-64950837.wav,6.0,384000,MYYU.zip
MYYU,MYYU-64873734.wav,5.0,500000,MYYU.zip
MYYU,MYYU-1999644.wav,5.968,384000,MYYU.zip
MYYU,MYYU-28472821.wav,5.0,192000,MYYU.zip
MYYU,MYYU-31616093.wav,4.99992,500000,MYYU.zip
MYYU,MYYU-3052853.wav,4.999022,500000,MYYU.zip
MYYU,MYYU-31868670.wav,4.99992,500000,MYYU.zip
MYYU,MYYU-2044946.wav,4.999022,500000,MYYU.zip
MYYU,MYYU-64878906.wav,5.0,500000,MYYU.zip
MYYU,MYYU-31624437.wav,4.99992,500000,MYYU.zip
MYYU,MYYU-53865777.wav,4.998976,500000,MYYU.zip
MYYU,MYYU-73540253.wav,5.0,256000,MYYU.zip
MYYU,MYYU-29149479.wav,6.774,256000,MYYU.zip
MYYU,MYYU-53855179.wav,4.999022,500000,MYYU.zip
MYYU,MYYU-28993454.wav,3.2386666666666666,192000,MYYU.zip
MYYU,MYYU-1366453.wav,4.999022,500000,MYYU.zip
MYYU,MYYU-3060243.wav,4.999022,500000,MYYU.zip
MYYU,MYYU-29774424.wav,5.004,192000,MYYU.zip
MYYU,MYYU-3044539.wav,4.999022,500000,MYYU.zip
MYYU,MYYU-53879008.wav,4.998976,500000,MYYU.zip
MYYU,MYYU-53861840.wav,4.998976,500000,MYYU.zip
MYYU,MYYU-29169793.wav,6.998,256000,MYYU.zip
MYYU,MYYU-3030838.wav,4.999022,500000,MYYU.zip
MYYU,MYYU-64878904.wav,5.0,500000,MYYU.zip
MYYU,MYYU-2536406.wav,5.068,384000,MYYU.zip
MYYU,MYYU-60295975.wav,5.0,500000,MYYU.zip
MYYU,MYYU-1447183.wav,5.854,256000,MYYU.zip
MYYU,MYYU-3052577.wav,4.999022,500000,MYYU.zip
MYYU,MYYU-1517304.wav,4.99837,300000,MYYU.zip
MYYU,MYYU-64868409.wav,5.0,300000,MYYU.zip
MYYU,MYYU-28557676.wav,3.158,256000,MYYU.zip
MYYU,MYYU-1552381.wav,6.682,256000,MYYU.zip
MYYU,MYYU-64891162.wav,5.0,500000,MYYU.zip
MYYU,MYYU-64861386.wav,5.0,500000,MYYU.zip
MYYU,MYYU-3034959.wav,4.999022,500000,MYYU.zip
MYYU,MYYU-2833221.wav,4.999022,500000,MYYU.zip
MYYU,MYYU-3026935.wav,4.999022,500000,MYYU.zip
MYYU,MYYU-3025597.wav,4.999022,500000,MYYU.zip
MYYU,MYYU-31620008.wav,4.99992,500000,MYYU.zip
MYYU,MYYU-54423916.wav,6.0,384000,MYYU.zip
MYYU,MYYU-30430392.wav,4.94,384000,MYYU.zip
MYYU,MYYU-63090877.wav,6.0,384000,MYYU.zip
MYYU,MYYU-29808962.wav,5.004,192000,MYYU.zip
MYYU,MYYU-29631136.wav,6.0,384000,MYYU.zip
MYYU,MYYU-64873036.wav,5.0,500000,MYYU.zip
MYYU,MYYU-1987033.wav,6.0,384000,MYYU.zip
MYYU,MYYU-60295943.wav,5.0,500000,MYYU.zip
MYYU,MYYU-3024845.wav,4.999022,500000,MYYU.zip
MYYU,MYYU-31618214.wav,4.99992,500000,MYYU.zip
MYYU,MYYU-29809495.wav,5.0,192000,MYYU.zip
MYYU,MYYU-31854235.wav,4.99992,500000,MYYU.zip
MYYU,MYYU-2355932.wav,4.999022,500000,MYYU.zip
MYYU,MYYU-74443559.wav,6.0,384000,MYYU.zip
MYYU,MYYU-64864441.wav,5.0,500000,MYYU.zip
MYYU,MYYU-64867922.wav,5.0,300000,MYYU.zip
MYYU,MYYU-2850902.wav,4.999022,500000,MYYU.zip
MYYU,MYYU-54320307.wav,5.548,384000,MYYU.zip
MYYU,MYYU-28624108.wav,6.0,384000,MYYU.zip
MYYU,MYYU-28994091.wav,4.065333333333333,192000,MYYU.zip
MYYU,MYYU-28468175.wav,5.0,192000,MYYU.zip
MYYU,MYYU-53870969.wav,4.998976,500000,MYYU.zip
MYYU,MYYU-64889280.wav,5.0,500000,MYYU.zip
MYYU,MYYU-54299725.wav,6.0,384000,MYYU.zip
MYYU,MYYU-2001786.wav,6.0,384000,MYYU.zip
MYYU,MYYU-28981739.wav,3.484,192000,MYYU.zip
MYYU,MYYU-29820312.wav,5.004,192000,MYYU.zip
MYYU,MYYU-53279835.wav,4.998976,500000,MYYU.zip
MYYU,MYYU-54417349.wav,5.737,256000,MYYU.zip
MYYU,MYYU-1316513.wav,4.99837,300000,MYYU.zip
MYYU,MYYU-54321761.wav,6.0,384000,MYYU.zip
MYYU,MYYU-2806484.wav,4.999022,500000,MYYU.zip
MYYU,MYYU-53783878.wav,4.998976,500000,MYYU.zip
MYYU,MYYU-53870729.wav,4.998976,500000,MYYU.zip
MYYU,MYYU-33847002.wav,4.096,384000,MYYU.zip
MYYU,MYYU-64873717.wav,5.0,500000,MYYU.zip
MYYU,MYYU-29163666.wav,4.998976,500000,MYYU.zip
MYYU,MYYU-28593449.wav,6.0,384000,MYYU.zip
MYYU,MYYU-64886748.wav,5.0,500000,MYYU.zip
MYYU,MYYU-64874935.wav,5.0,500000,MYYU.zip
MYYU,MYYU-64888633.wav,5.0,500000,MYYU.zip
MYYU,MYYU-60296118.wav,5.0,500000,MYYU.zip
MYYU,MYYU-64877435.wav,5.0,500000,MYYU.zip
MYYU,MYYU-31609185.wav,4.99992,500000,MYYU.zip
MYYU,MYYU-2842421.wav,4.999022,500000,MYYU.zip
MYYU,MYYU-64876237.wav,5.0,500000,MYYU.zip
MYYU,MYYU-2828712.wav,4.999022,500000,MYYU.zip
MYYU,MYYU-54322372.wav,5.969333333333333,384000,MYYU.zip
MYYU,MYYU-26713625.wav,6.0,384000,MYYU.zip
MYYU,MYYU-60351417.wav,4.993333333333333,384000,MYYU.zip
MYYU,MYYU-28863180.wav,3.43,256000,MYYU.zip
MYYU,MYYU-3031146.wav,4.999022,500000,MYYU.zip
MYYU,MYYU-1521133.wav,4.99837,300000,MYYU.zip
MYYU,MYYU-29810001.wav,5.0,192000,MYYU.zip
MYYU,MYYU-31856876.wav,4.99992,500000,MYYU.zip
MYYU,MYYU-1985961.wav,6.0,384000,MYYU.zip
MYYU,MYYU-31630954.wav,4.99992,500000,MYYU.zip
MYYU,MYYU-1402508.wav,6.0,384000,MYYU.zip
MYYU,MYYU-29170315.wav,7.446,256000,MYYU.zip
MYYU,MYYU-29631489.wav,6.0,384000,MYYU.zip
MYYU,MYYU-54410729.wav,5.16,384000,MYYU.zip
MYYU,MYYU-53879132.wav,4.998976,500000,MYYU.zip
MYYU,MYYU-29632911.wav,6.0,384000,MYYU.zip
MYYU,MYYU-2002428.wav,6.0,384000,MYYU.zip
MYYU,MYYU-2002957.wav,6.0,384000,MYYU.zip
MYYU,MYYU-1364225.wav,4.999022,500000,MYYU.zip
MYYU,MYYU-2151817.wav,4.372,384000,MYYU.zip
MYYU,MYYU-54299727.wav,5.217333333333333,384000,MYYU.zip
MYYU,MYYU-2535903.wav,5.690666666666667,384000,MYYU.zip
MYYU,MYYU-31613859.wav,4.99992,500000,MYYU.zip
MYYU,MYYU-28993411.wav,5.004,192000,MYYU.zip
MYYU,MYYU-194548.wav,7.598,256000,MYYU.zip
MYYU,MYYU-3022059.wav,4.999022,500000,MYYU.zip
MYYU,MYYU-54422934.wav,6.0,384000,MYYU.zip
MYYU,MYYU-64873842.wav,5.0,500000,MYYU.zip
MYYU,MYYU-28341572.wav,5.3133333333333335,384000,MYYU.zip
MYYU,MYYU-2806399.wav,4.999022,500000,MYYU.zip
MYYU,MYYU-60296116.wav,5.0,500000,MYYU.zip
MYYU,MYYU-29774912.wav,5.004,192000,MYYU.zip
MYYU,MYYU-29809451.wav,5.0,192000,MYYU.zip
MYYU,MYYU-3057106.wav,4.999022,500000,MYYU.zip
MYYU,MYYU-1516359.wav,4.99837,300000,MYYU.zip
MYYU,MYYU-28622941.wav,6.0,384000,MYYU.zip
MYYU,MYYU-55351326.wav,6.0,384000,MYYU.zip
MYYU,MYYU-29821048.wav,5.0,192000,MYYU.zip
MYYU,MYYU-64892577.wav,5.0,500000,MYYU.zip
MYYU,MYYU-64953356.wav,4.717333333333333,384000,MYYU.zip
MYYU,MYYU-28319329.wav,5.0,192000,MYYU.zip
MYYU,MYYU-54410692.wav,6.0,384000,MYYU.zip
MYYU,MYYU-54322383.wav,6.0,384000,MYYU.zip
MYYU,MYYU-2868142.wav,4.999022,500000,MYYU.zip
MYYU,MYYU-54310949.wav,6.0,384000,MYYU.zip
MYYU,MYYU-64867758.wav,5.0,500000,MYYU.zip
MYYU,MYYU-31678941.wav,4.99992,500000,MYYU.zip
MYYU,MYYU-35909107.wav,4.217333333333333,384000,MYYU.zip
MYYU,MYYU-1938902.wav,4.999022,500000,MYYU.zip
MYYU,MYYU-73551380.wav,6.282,256000,MYYU.zip
MYYU,MYYU-28317724.wav,5.0,192000,MYYU.zip
MYYU,MYYU-53877331.wav,4.998976,500000,MYYU.zip
MYYU,MYYU-2827188.wav,4.999022,500000,MYYU.zip
MYYU,MYYU-28593717.wav,6.0,384000,MYYU.zip
MYYU,MYYU-28994032.wav,3.3826666666666667,192000,MYYU.zip
MYYU,MYYU-54423493.wav,6.0,384000,MYYU.zip
MYYU,MYYU-28591658.wav,6.0,384000,MYYU.zip
MYYU,MYYU-73642138.wav,4.999,256000,MYYU.zip
MYYU,MYYU-31706354.wav,4.99992,500000,MYYU.zip
MYYU,MYYU-31622640.wav,4.99992,500000,MYYU.zip
MYYU,MYYU-29873836.wav,5.004,192000,MYYU.zip
MYYU,MYYU-60295967.wav,5.0,500000,MYYU.zip
MYYU,MYYU-54321951.wav,6.0,384000,MYYU.zip
MYYU,MYYU-26713417.wav,6.0,384000,MYYU.zip
MYYU,MYYU-54410735.wav,6.0,384000,MYYU.zip
MYYU,MYYU-2823343.wav,4.999022,500000,MYYU.zip
MYYU,MYYU-55322715.wav,6.0,384000,MYYU.zip
MYYU,MYYU-30503776.wav,5.572,384000,MYYU.zip
MYYU,MYYU-28622627.wav,4.449333333333334,384000,MYYU.zip
MYYU,MYYU-54410731.wav,6.0,384000,MYYU.zip
MYYU,MYYU-1987026.wav,4.421333333333333,384000,MYYU.zip
MYYU,MYYU-63085875.wav,6.0,384000,MYYU.zip
MYYU,MYYU-29821543.wav,5.0,192000,MYYU.zip
MYYU,MYYU-31622248.wav,4.99992,500000,MYYU.zip
MYYU,MYYU-28588879.wav,6.0,384000,MYYU.zip
MYYU,MYYU-29006915.wav,5.054,256000,MYYU.zip
MYYU,MYYU-3041849.wav,4.999022,500000,MYYU.zip
MYYU,MYYU-64952484.wav,6.0,384000,MYYU.zip
MYYU,MYYU-64895856.wav,5.0,500000,MYYU.zip
MYYU,MYYU-32910335.wav,7.278,256000,MYYU.zip
MYYU,MYYU-1319219.wav,4.999022,500000,MYYU.zip
MYYU,MYYU-64897902.wav,5.0,500000,MYYU.zip
MYYU,MYYU-3036361.wav,4.999022,500000,MYYU.zip
MYYU,MYYU-31707496.wav,4.99992,500000,MYYU.zip
MYYU,MYYU-63090265.wav,6.0,384000,MYYU.zip
MYYU,MYYU-33844957.wav,6.0,384000,MYYU.zip
MYYU,MYYU-31645238.wav,4.99992,500000,MYYU.zip
MYYU,MYYU-53871107.wav,4.998976,500000,MYYU.zip
MYYU,MYYU-1324200.wav,4.999022,500000,MYYU.zip
MYYU,MYYU-1938866.wav,4.999022,500000,MYYU.zip
MYYU,MYYU-31602224.wav,4.99992,500000,MYYU.zip
MYYU,MYYU-3009040.wav,4.999022,500000,MYYU.zip
MYYU,MYYU-55347585.wav,5.425333333333334,384000,MYYU.zip
MYYU,MYYU-54149746.wav,4.998976,500000,MYYU.zip
MYYU,MYYU-29006850.wav,6.662,256000,MYYU.zip
MYYU,MYYU-29823923.wav,3.533333333333333,192000,MYYU.zip
MYYU,MYYU-54308769.wav,4.325333333333333,384000,MYYU.zip
MYYU,MYYU-28863297.wav,6.466,256000,MYYU.zip
MYYU,MYYU-54322893.wav,6.0,384000,MYYU.zip
NOISE,NOISE-60446751.wav,2.009,256000,NOISE.zip
NOISE,NOISE-226.wav,2.015232,500000,NOISE.zip
NOISE,NOISE-266.wav,1.998848,500000,NOISE.zip
NOISE,NOISE-60448717.wav,4.638,256000,NOISE.zip
NOISE,NOISE-106.wav,2.015232,500000,NOISE.zip
NOISE,NOISE-131.wav,4.046848,500000,NOISE.zip
NOISE,NOISE-60448091.wav,2.035,256000,NOISE.zip
NOISE,NOISE-60448057.wav,2.013,256000,NOISE.zip
NOISE,NOISE-92.wav,2.015232,500000,NOISE.zip
NOISE,NOISE-302.wav,4.01408,500000,NOISE.zip
NOISE,NOISE-60448283.wav,2.578,256000,NOISE.zip
NOISE,NOISE-60448194.wav,2.018,256000,NOISE.zip
NOISE,NOISE-60448699.wav,2.968,256000,NOISE.zip
NOISE,NOISE-133.wav,8.060928,500000,NOISE.zip
NOISE,NOISE-60448087.wav,2.008,256000,NOISE.zip
NOISE,NOISE-60451043.wav,2.026,256000,NOISE.zip
NOISE,NOISE-60448545.wav,2.296,256000,NOISE.zip
NOISE,NOISE-60448196.wav,2.851,256000,NOISE.zip
NOISE,NOISE-60448073.wav,2.022,256000,NOISE.zip
NOISE,NOISE-180.wav,2.015232,500000,NOISE.zip
NOISE,NOISE-145.wav,2.015232,500000,NOISE.zip
NOISE,NOISE-68.wav,2.015232,500000,NOISE.zip
NOISE,NOISE-60448538.wav,4.01,256000,NOISE.zip
NOISE,NOISE-291.wav,4.5056,500000,NOISE.zip
NOISE,NOISE-60448465.wav,2.216,256000,NOISE.zip
NOISE,NOISE-35.wav,2.015232,500000,NOISE.zip
NOISE,NOISE-240.wav,4.01408,500000,NOISE.zip
NOISE,NOISE-60448477.wav,4.026,256000,NOISE.zip
NOISE,NOISE-60448099.wav,2.026,256000,NOISE.zip
NOISE,NOISE-247.wav,2.015232,500000,NOISE.zip
NOISE,NOISE-60448266.wav,2.366,256000,NOISE.zip
NOISE,NOISE-60448459.wav,5.428,256000,NOISE.zip
NOISE,NOISE-60448092.wav,2.02,256000,NOISE.zip
NOISE,NOISE-60451037.wav,2.018,256000,NOISE.zip
NOISE,NOISE-60448289.wav,2.316,256000,NOISE.zip
NOISE,NOISE-60448082.wav,2.025,256000,NOISE.zip
NOISE,NOISE-60448561.wav,3.324,256000,NOISE.zip
NOISE,NOISE-269.wav,5.48864,500000,NOISE.zip
NOISE,NOISE-214.wav,2.015232,500000,NOISE.zip
NOISE,NOISE-60448601.wav,2.24,256000,NOISE.zip
NOISE,NOISE-60448709.wav,3.26,256000,NOISE.zip
NOISE,NOISE-267.wav,4.01408,500000,NOISE.zip
NOISE,NOISE-60448467.wav,3.85,256000,NOISE.zip
NOISE,NOISE-60448279.wav,2.092,256000,NOISE.zip
NOISE,NOISE-60448460.wav,2.97,256000,NOISE.zip
NOISE,NOISE-60448233.wav,2.119,256000,NOISE.zip
NOISE,NOISE-250.wav,2.015232,500000,NOISE.zip
NOISE,NOISE-60448166.wav,2.013,256000,NOISE.zip
NOISE,NOISE-60448708.wav,2.048,256000,NOISE.zip
NOISE,NOISE-124.wav,2.015232,500000,NOISE.zip
NOISE,NOISE-60448093.wav,2.434,256000,NOISE.zip
NOISE,NOISE-20.wav,2.015232,500000,NOISE.zip
NOISE,NOISE-60448250.wav,3.76,256000,NOISE.zip
NOISE,NOISE-60448714.wav,2.324,256000,NOISE.zip
NOISE,NOISE-60451038.wav,2.014,256000,NOISE.zip
NOISE,NOISE-154.wav,2.015232,500000,NOISE.zip
NOISE,NOISE-60448281.wav,2.184,256000,NOISE.zip
NOISE,NOISE-4.wav,4.030464,500000,NOISE.zip
NOISE,NOISE-285.wav,4.01408,500000,NOISE.zip
NOISE,NOISE-254.wav,2.162688,250000,NOISE.zip
NOISE,NOISE-67.wav,2.015232,500000,NOISE.zip
NOISE,NOISE-60448284.wav,2.188,256000,NOISE.zip
NOISE,NOISE-310.wav,1.998848,500000,NOISE.zip
NOISE,NOISE-60448096.wav,2.955,256000,NOISE.zip
NOISE,NOISE-60448190.wav,2.054,256000,NOISE.zip
NOISE,NOISE-60448539.wav,5.06,256000,NOISE.zip
NOISE,NOISE-109.wav,2.015232,500000,NOISE.zip
NOISE,NOISE-224.wav,2.015232,500000,NOISE.zip
NOISE,NOISE-315.wav,1.998848,500000,NOISE.zip
NOISE,NOISE-60448683.wav,5.084,256000,NOISE.zip
NOISE,NOISE-162.wav,2.015232,500000,NOISE.zip
NOISE,NOISE-241.wav,4.030464,500000,NOISE.zip
NOISE,NOISE-36283248.wav,3.2106666666666666,384000,NOISE.zip
NOISE,NOISE-186.wav,4.01408,500000,NOISE.zip
NOISE,NOISE-176.wav,2.015232,500000,NOISE.zip
NOISE,NOISE-60448768.wav,3.584,256000,NOISE.zip
NOISE,NOISE-60448065.wav,2.021,256000,NOISE.zip
NOISE,NOISE-60451045.wav,2.008,256000,NOISE.zip
NOISE,NOISE-60448085.wav,2.024,256000,NOISE.zip
NOISE,NOISE-60448782.wav,2.198,256000,NOISE.zip
NOISE,NOISE-60448466.wav,6.34,256000,NOISE.zip
NOISE,NOISE-60448234.wav,2.215,256000,NOISE.zip
NOISE,NOISE-228.wav,2.015232,500000,NOISE.zip
NOISE,NOISE-119.wav,2.015232,500000,NOISE.zip
NOISE,NOISE-311.wav,4.01408,500000,NOISE.zip
NOISE,NOISE-60448673.wav,2.91,256000,NOISE.zip
NOISE,NOISE-60447816.wav,2.392,256000,NOISE.zip
NOISE,NOISE-286.wav,7.913472,500000,NOISE.zip
NOISE,NOISE-84.wav,2.015232,500000,NOISE.zip
NOISE,NOISE-275.wav,5.128192,500000,NOISE.zip
NOISE,NOISE-50.wav,2.015232,500000,NOISE.zip
NOISE,NOISE-293.wav,4.01408,500000,NOISE.zip
NOISE,NOISE-317.wav,1.998848,500000,NOISE.zip
NOISE,NOISE-0.wav,2.015232,500000,NOISE.zip
NOISE,NOISE-60448083.wav,2.026,256000,NOISE.zip
NOISE,NOISE-60448719.wav,2.474,256000,NOISE.zip
NOISE,NOISE-62.wav,4.046848,500000,NOISE.zip
NOISE,NOISE-60448061.wav,2.589,256000,NOISE.zip
NOISE,NOISE-207.wav,2.015232,500000,NOISE.zip
NOISE,NOISE-60448453.wav,2.162,256000,NOISE.zip
NOISE,NOISE-60448127.wav,2.032,256000,NOISE.zip
NOISE,NOISE-217.wav,4.030464,500000,NOISE.zip
NOISE,NOISE-60448550.wav,5.078,256000,NOISE.zip
NOISE,NOISE-60448186.wav,2.905,256000,NOISE.zip
NOISE,NOISE-60448694.wav,3.844,256000,NOISE.zip
NOISE,NOISE-24.wav,2.015232,500000,NOISE.zip
NOISE,NOISE-60448191.wav,2.051,256000,NOISE.zip
NOISE,NOISE-70.wav,2.015232,500000,NOISE.zip
NOISE,NOISE-31584404.wav,2.008,256000,NOISE.zip
NOISE,NOISE-282.wav,1.998848,500000,NOISE.zip
NOISE,NOISE-60448160.wav,2.062,256000,NOISE.zip
NOISE,NOISE-11.wav,2.015232,500000,NOISE.zip
NOISE,NOISE-178.wav,2.015232,500000,NOISE.zip
NOISE,NOISE-234.wav,2.015232,500000,NOISE.zip
NOISE,NOISE-60448075.wav,2.028,256000,NOISE.zip
NOISE,NOISE-99.wav,2.015232,500000,NOISE.zip
NOISE,NOISE-60448552.wav,3.792,256000,NOISE.zip
NOISE,NOISE-60448464.wav,2.002,256000,NOISE.zip
NOISE,NOISE-60448593.wav,2.202,256000,NOISE.zip
NOISE,NOISE-75.wav,2.015232,500000,NOISE.zip
NOISE,NOISE-239.wav,2.015232,500000,NOISE.zip
NOISE,NOISE-60448151.wav,2.022,256000,NOISE.zip
NOISE,NOISE-280.wav,1.998848,500000,NOISE.zip
NOISE,NOISE-298.wav,4.01408,500000,NOISE.zip
NOISE,NOISE-246.wav,2.015232,500000,NOISE.zip
NOISE,NOISE-60448596.wav,2.584,256000,NOISE.zip
NOISE,NOISE-60448677.wav,3.014,256000,NOISE.zip
NOISE,NOISE-100.wav,6.029312,500000,NOISE.zip
NOISE,NOISE-60448463.wav,4.972,256000,NOISE.zip
NOISE,NOISE-60448692.wav,4.542,256000,NOISE.zip
NOISE,NOISE-163.wav,2.015232,500000,NOISE.zip
NOISE,NOISE-23.wav,2.015232,500000,NOISE.zip
NOISE,NOISE-60448595.wav,3.08,256000,NOISE.zip
NOISE,NOISE-60448679.wav,2.554,256000,NOISE.zip
NOISE,NOISE-60446745.wav,2.232,256000,NOISE.zip
NOISE,NOISE-135.wav,2.015232,500000,NOISE.zip
NOISE,NOISE-60448098.wav,2.022,256000,NOISE.zip
NOISE,NOISE-95.wav,1.998848,500000,NOISE.zip
NOISE,NOISE-268.wav,1.998848,500000,NOISE.zip
NOISE,NOISE-60448547.wav,3.678,256000,NOISE.zip
NOISE,NOISE-60448458.wav,4.548,256000,NOISE.zip
NOISE,NOISE-60448542.wav,2.53,256000,NOISE.zip
NOISE,NOISE-60448154.wav,3.045,256000,NOISE.zip
NOISE,NOISE-60448474.wav,5.096,256000,NOISE.zip
NOISE,NOISE-189.wav,2.015232,500000,NOISE.zip
NOISE,NOISE-257.wav,1.998848,500000,NOISE.zip
NOISE,NOISE-294.wav,4.01408,500000,NOISE.zip
NOISE,NOISE-60451036.wav,2.02,256000,NOISE.zip
NOISE,NOISE-60448562.wav,3.148,256000,NOISE.zip
NOISE,NOISE-200.wav,4.030464,500000,NOISE.zip
NOISE,NOISE-60448603.wav,2.862,256000,NOISE.zip
NOISE,NOISE-60448133.wav,2.12,256000,NOISE.zip
NOISE,NOISE-227.wav,2.015232,500000,NOISE.zip
NOISE,NOISE-223.wav,8.044544,500000,NOISE.zip
NOISE,NOISE-318.wav,1.998848,500000,NOISE.zip
NOISE,NOISE-25.wav,2.015232,500000,NOISE.zip
NOISE,NOISE-61.wav,2.015232,500000,NOISE.zip
NOISE,NOISE-60448231.wav,2.225,256000,NOISE.zip
NOISE,NOISE-304.wav,1.998848,500000,NOISE.zip
NOISE,NOISE-60448675.wav,5.164,256000,NOISE.zip
NOISE,NOISE-60448684.wav,3.734,256000,NOISE.zip
NOISE,NOISE-60448462.wav,2.664,256000,NOISE.zip
NOISE,NOISE-300.wav,1.998848,500000,NOISE.zip
NOISE,NOISE-192.wav,1.998848,500000,NOISE.zip
NOISE,NOISE-174.wav,2.015232,500000,NOISE.zip
NOISE,NOISE-2638166.wav,2.016,256000,NOISE.zip
NOISE,NOISE-60448721.wav,3.958,256000,NOISE.zip
NOISE,NOISE-27.wav,2.015232,500000,NOISE.zip
NOISE,NOISE-60448188.wav,2.037,256000,NOISE.zip
NOISE,NOISE-60448129.wav,2.019,256000,NOISE.zip
NOISE,NOISE-60448606.wav,2.278,256000,NOISE.zip
NOISE,NOISE-324.wav,1.998848,500000,NOISE.zip
NOISE,NOISE-60447821.wav,2.292,256000,NOISE.zip
NOISE,NOISE-60448681.wav,3.994,256000,NOISE.zip
NOISE,NOISE-292.wav,1.998848,500000,NOISE.zip
NOISE,NOISE-60448095.wav,2.029,256000,NOISE.zip
NOISE,NOISE-22.wav,2.015232,500000,NOISE.zip
NOISE,NOISE-37.wav,2.015232,500000,NOISE.zip
NOISE,NOISE-60448195.wav,2.038,256000,NOISE.zip
NOISE,NOISE-60448722.wav,3.638,256000,NOISE.zip
NOISE,NOISE-60448251.wav,2.892,256000,NOISE.zip
NOISE,NOISE-121.wav,4.01408,500000,NOISE.zip
NOISE,NOISE-58.wav,2.015232,500000,NOISE.zip
NOISE,NOISE-60448678.wav,3.138,256000,NOISE.zip
NOISE,NOISE-74.wav,2.015232,500000,NOISE.zip
NOISE,NOISE-60448071.wav,2.146,256000,NOISE.zip
NOISE,NOISE-60448153.wav,2.023,256000,NOISE.zip
NOISE,NOISE-77.wav,2.015232,500000,NOISE.zip
NOISE,NOISE-56.wav,2.015232,500000,NOISE.zip
NOISE,NOISE-60448130.wav,2.028,256000,NOISE.zip
NOISE,NOISE-309.wav,1.998848,500000,NOISE.zip
NOISE,NOISE-60451032.wav,3.032,256000,NOISE.zip
NOISE,NOISE-97.wav,2.015232,500000,NOISE.zip
NOISE,NOISE-283.wav,2.523136,500000,NOISE.zip
NOISE,NOISE-60448062.wav,2.038,256000,NOISE.zip
NOISE,NOISE-321.wav,1.998848,500000,NOISE.zip
NOISE,NOISE-40.wav,4.030464,500000,NOISE.zip
NOISE,NOISE-60451041.wav,2.028,256000,NOISE.zip
NOISE,NOISE-60448470.wav,3.006,256000,NOISE.zip
NOISE,NOISE-126.wav,2.015232,500000,NOISE.zip
NOISE,NOISE-104.wav,2.015232,500000,NOISE.zip
NOISE,NOISE-206.wav,2.015232,500000,NOISE.zip
NOISE,NOISE-60448104.wav,2.894,256000,NOISE.zip
NOISE,NOISE-244.wav,2.015232,500000,NOISE.zip
NOISE,NOISE-33.wav,6.045696,500000,NOISE.zip
NOISE,NOISE-36.wav,4.046848,500000,NOISE.zip
NOISE,NOISE-265.wav,4.01408,500000,NOISE.zip
NOISE,NOISE-60448226.wav,2.005,256000,NOISE.zip
NOISE,NOISE-169.wav,2.015232,500000,NOISE.zip
NOISE,NOISE-60447818.wav,2.02,256000,NOISE.zip
NOISE,NOISE-260.wav,4.01408,500000,NOISE.zip
NOISE,NOISE-60448058.wav,2.009,256000,NOISE.zip
NOISE,NOISE-60448686.wav,3.658,256000,NOISE.zip
NOISE,NOISE-264.wav,3.981312,500000,NOISE.zip
NOISE,NOISE-60448690.wav,2.622,256000,NOISE.zip
NOISE,NOISE-150.wav,2.015232,500000,NOISE.zip
NOISE,NOISE-60448567.wav,2.194,256000,NOISE.zip
NOISE,NOISE-60448706.wav,5.086,256000,NOISE.zip
NOISE,NOISE-108.wav,2.064384,500000,NOISE.zip
NOISE,NOISE-158.wav,2.015232,500000,NOISE.zip
NOISE,NOISE-136.wav,4.030464,500000,NOISE.zip
NOISE,NOISE-60448569.wav,2.642,256000,NOISE.zip
NOISE,NOISE-7.wav,2.015232,500000,NOISE.zip
NOISE,NOISE-60448607.wav,2.456,256000,NOISE.zip
NOISE,NOISE-195.wav,2.015232,500000,NOISE.zip
NOISE,NOISE-60447814.wav,2.103,256000,NOISE.zip
NOISE,NOISE-66.wav,2.015232,500000,NOISE.zip
NOISE,NOISE-263.wav,1.998848,500000,NOISE.zip
NOISE,NOISE-60448152.wav,2.035,256000,NOISE.zip
NOISE,NOISE-160.wav,2.015232,500000,NOISE.zip
NOISE,NOISE-60451025.wav,2.026,256000,NOISE.zip
NOISE,NOISE-242.wav,2.015232,500000,NOISE.zip
NOISE,NOISE-278.wav,1.998848,500000,NOISE.zip
NOISE,NOISE-60448080.wav,2.101,256000,NOISE.zip
NOISE,NOISE-57.wav,2.015232,500000,NOISE.zip
NOISE,NOISE-113.wav,4.01408,500000,NOISE.zip
NOISE,NOISE-60448064.wav,2.015,256000,NOISE.zip
NOISE,NOISE-82.wav,1.998848,500000,NOISE.zip
NOISE,NOISE-94.wav,2.015232,500000,NOISE.zip
NOISE,NOISE-60448531.wav,2.066,256000,NOISE.zip
NOISE,NOISE-60448227.wav,2.135,256000,NOISE.zip
NOISE,NOISE-60448693.wav,2.702,256000,NOISE.zip
NOISE,NOISE-208.wav,2.015232,500000,NOISE.zip
NOISE,NOISE-60451035.wav,2.034,256000,NOISE.zip
NOISE,NOISE-60448169.wav,2.016,256000,NOISE.zip
NOISE,NOISE-60448146.wav,2.031,256000,NOISE.zip
NOISE,NOISE-159.wav,2.015232,500000,NOISE.zip
NOISE,NOISE-153.wav,2.015232,500000,NOISE.zip
NOISE,NOISE-60448269.wav,2.028,256000,NOISE.zip
NOISE,NOISE-63.wav,4.030464,500000,NOISE.zip
NOISE,NOISE-272.wav,4.01408,500000,NOISE.zip
NOISE,NOISE-60448200.wav,2.894,256000,NOISE.zip
NOISE,NOISE-60448724.wav,2.796,256000,NOISE.zip
NOISE,NOISE-60447383.wav,2.206,256000,NOISE.zip
NOISE,NOISE-60448157.wav,2.018,256000,NOISE.zip
NOISE,NOISE-60448074.wav,2.827,256000,NOISE.zip
NOISE,NOISE-149.wav,4.030464,500000,NOISE.zip
NOISE,NOISE-60448161.wav,2.016,256000,NOISE.zip
NOISE,NOISE-229.wav,2.015232,500000,NOISE.zip
NOISE,NOISE-60448456.wav,2.002,256000,NOISE.zip
NOISE,NOISE-60448780.wav,3.454,256000,NOISE.zip
NOISE,NOISE-60448713.wav,2.168,256000,NOISE.zip
NOISE,NOISE-60448703.wav,2.396,256000,NOISE.zip
NOISE,NOISE-147.wav,2.015232,500000,NOISE.zip
NOISE,NOISE-83.wav,2.015232,500000,NOISE.zip
NOISE,NOISE-236.wav,2.015232,500000,NOISE.zip
NOISE,NOISE-288.wav,4.01408,500000,NOISE.zip
NOISE,NOISE-252.wav,2.031616,250000,NOISE.zip
NOISE,NOISE-123.wav,2.015232,500000,NOISE.zip
NOISE,NOISE-197.wav,2.064384,500000,NOISE.zip
NOISE,NOISE-128.wav,4.079616,500000,NOISE.zip
NOISE,NOISE-60448548.wav,2.002,256000,NOISE.zip
NOISE,NOISE-211.wav,2.015232,500000,NOISE.zip
NOISE,NOISE-60448457.wav,3.572,256000,NOISE.zip
NOISE,NOISE-110.wav,2.015232,500000,NOISE.zip
NOISE,NOISE-198.wav,2.015232,500000,NOISE.zip
NOISE,NOISE-60448167.wav,2.02,256000,NOISE.zip
NOISE,NOISE-289.wav,5.455872,500000,NOISE.zip
NOISE,NOISE-125.wav,2.015232,500000,NOISE.zip
NOISE,NOISE-17.wav,2.015232,500000,NOISE.zip
NOISE,NOISE-60448159.wav,2.016,256000,NOISE.zip
NOISE,NOISE-138.wav,2.015232,500000,NOISE.zip
NOISE,NOISE-60448145.wav,3.553,256000,NOISE.zip
NOISE,NOISE-60448471.wav,2.322,256000,NOISE.zip
NOISE,NOISE-60451046.wav,2.022,256000,NOISE.zip
NOISE,NOISE-219.wav,4.01408,500000,NOISE.zip
NOISE,NOISE-303.wav,4.01408,500000,NOISE.zip
NOISE,NOISE-299.wav,1.998848,500000,NOISE.zip
NOISE,NOISE-60448069.wav,2.023,256000,NOISE.zip
NOISE,NOISE-90.wav,2.015232,500000,NOISE.zip
NOISE,NOISE-60448158.wav,2.005,256000,NOISE.zip
NOISE,NOISE-86.wav,2.015232,500000,NOISE.zip
NOISE,NOISE-36441886.wav,3.13,256000,NOISE.zip
NOISE,NOISE-60448135.wav,2.021,256000,NOISE.zip
NOISE,NOISE-60448164.wav,2.942,256000,NOISE.zip
NOISE,NOISE-60448701.wav,3.806,256000,NOISE.zip
NOISE,NOISE-221.wav,2.015232,500000,NOISE.zip
NOISE,NOISE-134.wav,2.015232,500000,NOISE.zip
NOISE,NOISE-287.wav,4.01408,500000,NOISE.zip
NOISE,NOISE-172.wav,2.015232,500000,NOISE.zip
NOISE,NOISE-60448241.wav,2.147,256000,NOISE.zip
NOISE,NOISE-60448121.wav,2.007,256000,NOISE.zip
NOISE,NOISE-60451031.wav,2.536,256000,NOISE.zip
NOISE,NOISE-60448564.wav,2.724,256000,NOISE.zip
NOISE,NOISE-60448076.wav,2.017,256000,NOISE.zip
NOISE,NOISE-60448088.wav,2.018,256000,NOISE.zip
NOISE,NOISE-127.wav,2.015232,500000,NOISE.zip
NOISE,NOISE-60448224.wav,2.008,256000,NOISE.zip
NOISE,NOISE-193.wav,4.01408,500000,NOISE.zip
NOISE,NOISE-60448557.wav,4.03,256000,NOISE.zip
NOISE,NOISE-222.wav,2.015232,500000,NOISE.zip
NOISE,NOISE-202.wav,2.015232,500000,NOISE.zip
NOISE,NOISE-60448602.wav,2.522,256000,NOISE.zip
NOISE,NOISE-60448774.wav,3.776,256000,NOISE.zip
NOISE,NOISE-60448715.wav,2.954,256000,NOISE.zip
NOISE,NOISE-79.wav,2.015232,500000,NOISE.zip
NOISE,NOISE-171.wav,2.015232,500000,NOISE.zip
NOISE,NOISE-60448541.wav,4.978,256000,NOISE.zip
NOISE,NOISE-60448078.wav,2.027,256000,NOISE.zip
NOISE,NOISE-60447385.wav,2.091,256000,NOISE.zip
NOISE,NOISE-129.wav,2.015232,500000,NOISE.zip
NOISE,NOISE-179.wav,2.015232,500000,NOISE.zip
NOISE,NOISE-19.wav,2.015232,500000,NOISE.zip
NOISE,NOISE-161.wav,2.015232,500000,NOISE.zip
NOISE,NOISE-165.wav,2.015232,500000,NOISE.zip
NOISE,NOISE-60448688.wav,2.004,256000,NOISE.zip
NOISE,NOISE-60448124.wav,2.317,256000,NOISE.zip
NOISE,NOISE-60447813.wav,2.002,256000,NOISE.zip
NOISE,NOISE-60451047.wav,2.02,256000,NOISE.zip
NOISE,NOISE-177.wav,2.015232,500000,NOISE.zip
NOISE,NOISE-60448081.wav,2.081,256000,NOISE.zip
NOISE,NOISE-251.wav,2.031616,250000,NOISE.zip
NOISE,NOISE-60448103.wav,3.421,256000,NOISE.zip
NOISE,NOISE-16.wav,2.015232,500000,NOISE.zip
NOISE,NOISE-60451039.wav,2.02,256000,NOISE.zip
NOISE,NOISE-49.wav,2.015232,500000,NOISE.zip
NOISE,NOISE-60448184.wav,2.069,256000,NOISE.zip
NOISE,NOISE-277.wav,1.998848,500000,NOISE.zip
NOISE,NOISE-60448689.wav,2.002,256000,NOISE.zip
NOISE,NOISE-220.wav,2.015232,500000,NOISE.zip
NOISE,NOISE-60448063.wav,2.016,256000,NOISE.zip
NOISE,NOISE-60.wav,4.030464,500000,NOISE.zip
NOISE,NOISE-60448072.wav,2.007,256000,NOISE.zip
NOISE,NOISE-107.wav,2.015232,500000,NOISE.zip
NOISE,NOISE-60448773.wav,2.266,256000,NOISE.zip
NOISE,NOISE-218.wav,2.015232,500000,NOISE.zip
NOISE,NOISE-256.wav,4.01408,500000,NOISE.zip
NOISE,NOISE-60448134.wav,2.016,256000,NOISE.zip
NOISE,NOISE-60448549.wav,4.024,256000,NOISE.zip
NOISE,NOISE-6.wav,2.015232,500000,NOISE.zip
NOISE,NOISE-60451040.wav,2.016,256000,NOISE.zip
NOISE,NOISE-60448695.wav,5.088,256000,NOISE.zip
NOISE,NOISE-144.wav,2.015232,500000,NOISE.zip
NOISE,NOISE-60448066.wav,2.035,256000,NOISE.zip
NOISE,NOISE-87.wav,1.998848,500000,NOISE.zip
NOISE,NOISE-71.wav,2.015232,500000,NOISE.zip
NOISE,NOISE-203.wav,2.048,500000,NOISE.zip
NOISE,NOISE-91.wav,2.015232,500000,NOISE.zip
NOISE,NOISE-60448102.wav,2.072,256000,NOISE.zip
NOISE,NOISE-60448700.wav,2.002,256000,NOISE.zip
NOISE,NOISE-60451048.wav,2.018,256000,NOISE.zip
NOISE,NOISE-290.wav,5.308416,500000,NOISE.zip
NOISE,NOISE-143.wav,2.015232,500000,NOISE.zip
NOISE,NOISE-60448079.wav,2.087,256000,NOISE.zip
NOISE,NOISE-118.wav,2.015232,500000,NOISE.zip
NOISE,NOISE-60448249.wav,3.062,256000,NOISE.zip
NOISE,NOISE-3.wav,2.015232,500000,NOISE.zip
NOISE,NOISE-18.wav,4.01408,500000,NOISE.zip
NOISE,NOISE-60448566.wav,3.934,256000,NOISE.zip
NOISE,NOISE-60448155.wav,2.057,256000,NOISE.zip
NOISE,NOISE-60448716.wav,3.582,256000,NOISE.zip
NOISE,NOISE-175.wav,1.998848,500000,NOISE.zip
NOISE,NOISE-60448469.wav,2.008,256000,NOISE.zip
NOISE,NOISE-44.wav,4.046848,500000,NOISE.zip
NOISE,NOISE-60448125.wav,2.012,256000,NOISE.zip
NOISE,NOISE-60448292.wav,2.446,256000,NOISE.zip
NOISE,NOISE-60451023.wav,2.014,256000,NOISE.zip
NOISE,NOISE-60448560.wav,4.534,256000,NOISE.zip
NOISE,NOISE-5.wav,2.015232,500000,NOISE.zip
NOISE,NOISE-182.wav,2.015232,500000,NOISE.zip
NOISE,NOISE-60448189.wav,2.008,256000,NOISE.zip
NOISE,NOISE-111.wav,2.015232,500000,NOISE.zip
NOISE,NOISE-307.wav,2.031616,500000,NOISE.zip
NOISE,NOISE-60448094.wav,2.033,256000,NOISE.zip
NOISE,NOISE-209.wav,2.015232,500000,NOISE.zip
NOISE,NOISE-194.wav,2.015232,500000,NOISE.zip
NOISE,NOISE-60448182.wav,4.926,256000,NOISE.zip
NOISE,NOISE-30.wav,2.015232,500000,NOISE.zip
NOISE,NOISE-319.wav,4.01408,500000,NOISE.zip
NOISE,NOISE-306.wav,2.932736,500000,NOISE.zip
NOISE,NOISE-98.wav,2.015232,500000,NOISE.zip
NOISE,NOISE-60448546.wav,3.162,256000,NOISE.zip
NOISE,NOISE-60448570.wav,2.778,256000,NOISE.zip
NOISE,NOISE-238.wav,2.015232,500000,NOISE.zip
NOISE,NOISE-39.wav,4.01408,500000,NOISE.zip
NOISE,NOISE-284.wav,4.01408,500000,NOISE.zip
NOISE,NOISE-281.wav,1.998848,500000,NOISE.zip
NOISE,NOISE-60448707.wav,4.502,256000,NOISE.zip
NOISE,NOISE-29.wav,2.015232,500000,NOISE.zip
NOISE,NOISE-47.wav,2.015232,500000,NOISE.zip
NOISE,NOISE-60448163.wav,2.02,256000,NOISE.zip
NOISE,NOISE-213.wav,2.015232,500000,NOISE.zip
NOISE,NOISE-322.wav,7.159808,500000,NOISE.zip
NOISE,NOISE-10.wav,4.030464,500000,NOISE.zip
NOISE,NOISE-60448089.wav,2.022,256000,NOISE.zip
NOISE,NOISE-255.wav,4.947968,500000,NOISE.zip
NOISE,NOISE-28.wav,2.015232,500000,NOISE.zip
NOISE,NOISE-199.wav,2.015232,500000,NOISE.zip
NOISE,NOISE-60448778.wav,2.286,256000,NOISE.zip
NOISE,NOISE-2.wav,2.015232,500000,NOISE.zip
NOISE,NOISE-72.wav,2.015232,500000,NOISE.zip
NOISE,NOISE-181.wav,4.046848,500000,NOISE.zip
NOISE,NOISE-173.wav,4.030464,500000,NOISE.zip
NOISE,NOISE-60448776.wav,4.374,256000,NOISE.zip
NOISE,NOISE-14.wav,4.030464,500000,NOISE.zip
NOISE,NOISE-60448551.wav,2.366,256000,NOISE.zip
NOISE,NOISE-243.wav,2.015232,500000,NOISE.zip
NOISE,NOISE-185.wav,4.046848,500000,NOISE.zip
NOISE,NOISE-103.wav,2.015232,500000,NOISE.zip
NOISE,NOISE-187.wav,2.015232,500000,NOISE.zip
NOISE,NOISE-60448101.wav,2.275,256000,NOISE.zip
NOISE,NOISE-60448698.wav,3.352,256000,NOISE.zip
NOISE,NOISE-60448544.wav,3.672,256000,NOISE.zip
NOISE,NOISE-60448077.wav,3.077,256000,NOISE.zip
NOISE,NOISE-137.wav,2.015232,500000,NOISE.zip
NOISE,NOISE-60448156.wav,2.448,256000,NOISE.zip
NOISE,NOISE-205.wav,2.015232,500000,NOISE.zip
NOISE,NOISE-210.wav,2.015232,500000,NOISE.zip
NOISE,NOISE-183.wav,2.015232,500000,NOISE.zip
NOISE,NOISE-60448599.wav,2.598,256000,NOISE.zip
NOISE,NOISE-295.wav,1.998848,500000,NOISE.zip
NOISE,NOISE-60448537.wav,2.752,256000,NOISE.zip
NOISE,NOISE-60448682.wav,2.338,256000,NOISE.zip
NOISE,NOISE-80.wav,2.015232,500000,NOISE.zip
NOISE,NOISE-112.wav,2.015232,500000,NOISE.zip
NOISE,NOISE-60448705.wav,4.22,256000,NOISE.zip
NOISE,NOISE-312.wav,1.998848,500000,NOISE.zip
NOISE,NOISE-42.wav,2.015232,500000,NOISE.zip
NOISE,NOISE-64.wav,2.015232,500000,NOISE.zip
NOISE,NOISE-60448696.wav,3.254,256000,NOISE.zip
NOISE,NOISE-151.wav,2.015232,500000,NOISE.zip
NOISE,NOISE-9.wav,4.046848,500000,NOISE.zip
NOISE,NOISE-69.wav,4.030464,500000,NOISE.zip
NOISE,NOISE-52.wav,2.015232,500000,NOISE.zip
NOISE,NOISE-313.wav,1.998848,500000,NOISE.zip
NOISE,NOISE-60448568.wav,3.794,256000,NOISE.zip
NOISE,NOISE-148.wav,2.015232,500000,NOISE.zip
NOISE,NOISE-168.wav,2.015232,500000,NOISE.zip
NOISE,NOISE-259.wav,1.998848,500000,NOISE.zip
NOISE,NOISE-60451033.wav,2.004,256000,NOISE.zip
NOISE,NOISE-237.wav,4.030464,500000,NOISE.zip
NOISE,NOISE-96.wav,2.015232,500000,NOISE.zip
NOISE,NOISE-31.wav,2.015232,500000,NOISE.zip
NOISE,NOISE-60451042.wav,2.016,256000,NOISE.zip
NOISE,NOISE-201.wav,2.015232,500000,NOISE.zip
NOISE,NOISE-130.wav,6.045696,500000,NOISE.zip
NOISE,NOISE-60448149.wav,2.008,256000,NOISE.zip
NOISE,NOISE-60448128.wav,2.315,256000,NOISE.zip
NOISE,NOISE-60448187.wav,2.004,256000,NOISE.zip
NOISE,NOISE-60448222.wav,2.002,256000,NOISE.zip
NOISE,NOISE-142.wav,4.030464,500000,NOISE.zip
NOISE,NOISE-8.wav,6.045696,500000,NOISE.zip
NOISE,NOISE-60448729.wav,2.094,256000,NOISE.zip
NOISE,NOISE-60448132.wav,2.371,256000,NOISE.zip
NOISE,NOISE-164.wav,2.015232,500000,NOISE.zip
NOISE,NOISE-60448720.wav,2.294,256000,NOISE.zip
NOISE,NOISE-60448543.wav,7.016,256000,NOISE.zip
NOISE,NOISE-155.wav,2.015232,500000,NOISE.zip
NOISE,NOISE-233.wav,2.015232,500000,NOISE.zip
NOISE,NOISE-305.wav,4.01408,500000,NOISE.zip
NOISE,NOISE-231.wav,2.015232,500000,NOISE.zip
NOISE,NOISE-60448711.wav,3.91,256000,NOISE.zip
NOISE,NOISE-60448687.wav,2.008,256000,NOISE.zip
NOISE,NOISE-188.wav,2.015232,500000,NOISE.zip
NOISE,NOISE-60448565.wav,2.168,256000,NOISE.zip
NOISE,NOISE-43.wav,2.015232,500000,NOISE.zip
NOISE,NOISE-60448712.wav,4.474,256000,NOISE.zip
NOISE,NOISE-60448555.wav,2.9,256000,NOISE.zip
NOISE,NOISE-12.wav,2.015232,500000,NOISE.zip
NOISE,NOISE-13.wav,1.998848,500000,NOISE.zip
NOISE,NOISE-60448100.wav,2.013,256000,NOISE.zip
NOISE,NOISE-258.wav,3.751936,500000,NOISE.zip
NOISE,NOISE-276.wav,3.997696,500000,NOISE.zip
NOISE,NOISE-157.wav,2.015232,500000,NOISE.zip
NOISE,NOISE-60447244.wav,2.194,256000,NOISE.zip
NOISE,NOISE-59.wav,6.045696,500000,NOISE.zip
NOISE,NOISE-140.wav,2.015232,500000,NOISE.zip
NOISE,NOISE-1.wav,2.015232,500000,NOISE.zip
NOISE,NOISE-60448563.wav,3.894,256000,NOISE.zip
NOISE,NOISE-323.wav,4.01408,500000,NOISE.zip
NOISE,NOISE-81.wav,2.015232,500000,NOISE.zip
NOISE,NOISE-60448178.wav,2.352,256000,NOISE.zip
NOISE,NOISE-48.wav,2.015232,500000,NOISE.zip
NOISE,NOISE-115.wav,2.015232,500000,NOISE.zip
NOISE,NOISE-146.wav,4.046848,500000,NOISE.zip
NOISE,NOISE-60448084.wav,2.016,256000,NOISE.zip
NOISE,NOISE-54.wav,4.046848,500000,NOISE.zip
NOISE,NOISE-190.wav,2.015232,500000,NOISE.zip
NOISE,NOISE-271.wav,4.440064,500000,NOISE.zip
NOISE,NOISE-141.wav,2.015232,500000,NOISE.zip
NOISE,NOISE-60448697.wav,4.446,256000,NOISE.zip
NOISE,NOISE-60448068.wav,2.158,256000,NOISE.zip
NOISE,NOISE-216.wav,2.015232,500000,NOISE.zip
NOISE,NOISE-102.wav,2.015232,500000,NOISE.zip
NOISE,NOISE-60447381.wav,2.224,256000,NOISE.zip
NOISE,NOISE-60448137.wav,2.13,256000,NOISE.zip
NOISE,NOISE-215.wav,2.015232,500000,NOISE.zip
NOISE,NOISE-60448165.wav,2.022,256000,NOISE.zip
NOISE,NOISE-212.wav,2.015232,500000,NOISE.zip
NOISE,NOISE-60448126.wav,2.011,256000,NOISE.zip
NOISE,NOISE-60451027.wav,2.008,256000,NOISE.zip
NOISE,NOISE-53.wav,2.015232,500000,NOISE.zip
NOISE,NOISE-308.wav,4.01408,500000,NOISE.zip
NOISE,NOISE-60451024.wav,2.018,256000,NOISE.zip
NOISE,NOISE-132.wav,2.015232,500000,NOISE.zip
NOISE,NOISE-60448556.wav,3.836,256000,NOISE.zip
NOISE,NOISE-60448480.wav,2.832,256000,NOISE.zip
NOISE,NOISE-60448148.wav,2.017,256000,NOISE.zip
NOISE,NOISE-253.wav,2.031616,250000,NOISE.zip
NOISE,NOISE-60448136.wav,2.025,256000,NOISE.zip
NOISE,NOISE-41.wav,6.045696,500000,NOISE.zip
NOISE,NOISE-166.wav,4.030464,500000,NOISE.zip
NOISE,NOISE-156.wav,2.015232,500000,NOISE.zip
NOISE,NOISE-60448468.wav,3.468,256000,NOISE.zip
NOISE,NOISE-262.wav,1.998848,500000,NOISE.zip
NOISE,NOISE-139.wav,2.015232,500000,NOISE.zip
NOISE,NOISE-60448183.wav,2.962,256000,NOISE.zip
NOISE,NOISE-60448197.wav,2.066,256000,NOISE.zip
NOISE,NOISE-60448147.wav,2.023,256000,NOISE.zip
NOISE,NOISE-325.wav,1.998848,500000,NOISE.zip
NOISE,NOISE-73.wav,2.015232,500000,NOISE.zip
NOISE,NOISE-60448730.wav,2.002,256000,NOISE.zip
NOISE,NOISE-245.wav,6.045696,500000,NOISE.zip
NOISE,NOISE-76.wav,2.015232,500000,NOISE.zip
NOISE,NOISE-60448168.wav,2.02,256000,NOISE.zip
NOISE,NOISE-60448710.wav,3.872,256000,NOISE.zip
NOISE,NOISE-235.wav,2.015232,500000,NOISE.zip
NOISE,NOISE-117.wav,2.015232,500000,NOISE.zip
NOISE,NOISE-60448170.wav,2.033,256000,NOISE.zip
NOISE,NOISE-60448777.wav,2.186,256000,NOISE.zip
NOISE,NOISE-60448718.wav,3.84,256000,NOISE.zip
NOISE,NOISE-78.wav,2.015232,500000,NOISE.zip
NOISE,NOISE-60448180.wav,3.1,256000,NOISE.zip
NOISE,NOISE-249.wav,4.01408,500000,NOISE.zip
NOISE,NOISE-60448553.wav,5.224,256000,NOISE.zip
NOISE,NOISE-261.wav,1.998848,500000,NOISE.zip
NOISE,NOISE-60448559.wav,3.072,256000,NOISE.zip
NOISE,NOISE-320.wav,1.998848,500000,NOISE.zip
NOISE,NOISE-15.wav,4.01408,500000,NOISE.zip
NOISE,NOISE-60448097.wav,2.029,256000,NOISE.zip
NOISE,NOISE-60448086.wav,2.02,256000,NOISE.zip
NOISE,NOISE-60448090.wav,3.631,256000,NOISE.zip
NOISE,NOISE-21.wav,2.015232,500000,NOISE.zip
NYMA,NYMA-28507614.wav,5.0,192000,NYMA.zip
NYMA,NYMA-73541377.wav,3.154,256000,NYMA.zip
NYMA,NYMA-73641829.wav,4.999,256000,NYMA.zip
NYMA,NYMA-29821852.wav,5.0,192000,NYMA.zip
NYMA,NYMA-28530224.wav,5.0,192000,NYMA.zip
NYMA,NYMA-29742931.wav,4.998666666666667,192000,NYMA.zip
NYMA,NYMA-73605862.wav,5.0,256000,NYMA.zip
NYMA,NYMA-73511774.wav,5.0,256000,NYMA.zip
NYMA,NYMA-29774378.wav,5.004,192000,NYMA.zip
NYMA,NYMA-28529682.wav,5.0,192000,NYMA.zip
NYMA,NYMA-73513458.wav,5.0,256000,NYMA.zip
NYMA,NYMA-28527337.wav,5.0,192000,NYMA.zip
NYMA,NYMA-73564786.wav,2.796,256000,NYMA.zip
NYMA,NYMA-33442414.wav,4.954,256000,NYMA.zip
NYMA,NYMA-28529619.wav,5.0,192000,NYMA.zip
NYMA,NYMA-73512865.wav,5.0,256000,NYMA.zip
NYMA,NYMA-73541435.wav,5.0,256000,NYMA.zip
NYMA,NYMA-28441241.wav,5.0,192000,NYMA.zip
NYMA,NYMA-29821871.wav,5.0,192000,NYMA.zip
NYMA,NYMA-73512795.wav,5.0,256000,NYMA.zip
NYMA,NYMA-28520737.wav,3.9066666666666663,192000,NYMA.zip
NYMA,NYMA-73534669.wav,2.013333333333333,192000,NYMA.zip
NYMA,NYMA-29809542.wav,5.0,192000,NYMA.zip
NYMA,NYMA-73527142.wav,5.004,192000,NYMA.zip
NYMA,NYMA-73618567.wav,5.0,256000,NYMA.zip
NYMA,NYMA-29198187.wav,2.786,256000,NYMA.zip
NYMA,NYMA-28525301.wav,5.0,192000,NYMA.zip
NYMA,NYMA-73533687.wav,5.004,192000,NYMA.zip
NYMA,NYMA-29830262.wav,5.0,192000,NYMA.zip
NYMA,NYMA-189673.wav,7.438,256000,NYMA.zip
NYMA,NYMA-29774712.wav,3.8133333333333335,192000,NYMA.zip
NYMA,NYMA-28449635.wav,5.0,192000,NYMA.zip
NYMA,NYMA-185747.wav,7.386,256000,NYMA.zip
NYMA,NYMA-28441252.wav,5.0,192000,NYMA.zip
NYMA,NYMA-187780.wav,7.596,256000,NYMA.zip
NYMA,NYMA-29821853.wav,5.0,192000,NYMA.zip
NYMA,NYMA-28287681.wav,4.761333333333333,192000,NYMA.zip
NYMA,NYMA-28525302.wav,5.0,192000,NYMA.zip
NYMA,NYMA-73642252.wav,3.646,256000,NYMA.zip
NYMA,NYMA-29774392.wav,5.004,192000,NYMA.zip
NYMA,NYMA-73617641.wav,2.558,256000,NYMA.zip
NYMA,NYMA-29825005.wav,5.0,192000,NYMA.zip
NYMA,NYMA-73642018.wav,4.999,256000,NYMA.zip
NYMA,NYMA-28441603.wav,5.0,192000,NYMA.zip
NYMA,NYMA-29811325.wav,4.7785520833333335,192000,NYMA.zip
NYMA,NYMA-28521391.wav,5.0,192000,NYMA.zip
NYMA,NYMA-73512874.wav,5.0,256000,NYMA.zip
NYMA,NYMA-73642072.wav,2.857,256000,NYMA.zip
NYMA,NYMA-28451039.wav,4.442666666666667,192000,NYMA.zip
NYMA,NYMA-73533855.wav,5.004,192000,NYMA.zip
NYMA,NYMA-73579712.wav,5.004,192000,NYMA.zip
NYMA,NYMA-33446860.wav,5.21,256000,NYMA.zip
NYMA,NYMA-73596864.wav,6.392,256000,NYMA.zip
NYMA,NYMA-28453343.wav,5.0,192000,NYMA.zip
NYMA,NYMA-73534046.wav,4.977333333333333,192000,NYMA.zip
NYMA,NYMA-73545870.wav,3.774,256000,NYMA.zip
NYMA,NYMA-73533412.wav,5.004,192000,NYMA.zip
NYMA,NYMA-73641919.wav,4.811,256000,NYMA.zip
NYMA,NYMA-73602171.wav,5.0,256000,NYMA.zip
NYMA,NYMA-28526291.wav,3.925333333333333,192000,NYMA.zip
NYMA,NYMA-60369469.wav,6.18,256000,NYMA.zip
NYMA,NYMA-60369478.wav,7.416,256000,NYMA.zip
NYMA,NYMA-73512505.wav,5.0,256000,NYMA.zip
NYMA,NYMA-28441233.wav,5.0,192000,NYMA.zip
NYMA,NYMA-28452520.wav,5.0,192000,NYMA.zip
NYMA,NYMA-73602339.wav,5.0,256000,NYMA.zip
NYMA,NYMA-73641833.wav,2.523,256000,NYMA.zip
NYMA,NYMA-33443710.wav,6.01,256000,NYMA.zip
NYMA,NYMA-29811161.wav,5.0,192000,NYMA.zip
NYMA,NYMA-28514090.wav,5.0,192000,NYMA.zip
NYMA,NYMA-29757809.wav,5.004,192000,NYMA.zip
NYMA,NYMA-28446839.wav,4.229333333333333,192000,NYMA.zip
NYMA,NYMA-28522950.wav,5.0,192000,NYMA.zip
NYMA,NYMA-29774377.wav,5.004,192000,NYMA.zip
NYMA,NYMA-73544326.wav,4.04,256000,NYMA.zip
NYMA,NYMA-28527995.wav,5.0,192000,NYMA.zip
NYMA,NYMA-28481727.wav,3.525333333333333,192000,NYMA.zip
NYMA,NYMA-73513136.wav,5.0,256000,NYMA.zip
NYMA,NYMA-73517058.wav,5.004,192000,NYMA.zip
NYMA,NYMA-28450786.wav,5.0,192000,NYMA.zip
NYMA,NYMA-33442427.wav,5.716,256000,NYMA.zip
NYMA,NYMA-73641938.wav,4.654,256000,NYMA.zip
NYMA,NYMA-28524040.wav,5.0,192000,NYMA.zip
NYMA,NYMA-73513462.wav,5.0,256000,NYMA.zip
NYMA,NYMA-29825697.wav,5.0,192000,NYMA.zip
NYMA,NYMA-73580615.wav,4.484,192000,NYMA.zip
NYMA,NYMA-73541399.wav,5.0,256000,NYMA.zip
NYMA,NYMA-28514030.wav,5.0,192000,NYMA.zip
NYMA,NYMA-33442102.wav,4.61,256000,NYMA.zip
NYMA,NYMA-28523714.wav,5.0,192000,NYMA.zip
NYMA,NYMA-28441509.wav,3.904,192000,NYMA.zip
NYMA,NYMA-1327064.wav,7.91,256000,NYMA.zip
NYMA,NYMA-29811446.wav,5.0,192000,NYMA.zip
NYMA,NYMA-60369466.wav,7.876,256000,NYMA.zip
NYMA,NYMA-60369474.wav,6.198,256000,NYMA.zip
NYMA,NYMA-33449743.wav,5.83,256000,NYMA.zip
NYMA,NYMA-28331332.wav,5.0,192000,NYMA.zip
NYMA,NYMA-73641937.wav,3.49,256000,NYMA.zip
NYMA,NYMA-73596851.wav,7.918,256000,NYMA.zip
NYMA,NYMA-28522978.wav,5.0,192000,NYMA.zip
NYMA,NYMA-73511933.wav,5.0,256000,NYMA.zip
NYMA,NYMA-73596855.wav,4.014,256000,NYMA.zip
NYMA,NYMA-73527138.wav,5.004,192000,NYMA.zip
NYMA,NYMA-29787302.wav,5.0,192000,NYMA.zip
NYMA,NYMA-28441507.wav,4.184,192000,NYMA.zip
NYMA,NYMA-29757812.wav,5.004,192000,NYMA.zip
NYMA,NYMA-73533338.wav,3.72,192000,NYMA.zip
NYMA,NYMA-73570450.wav,3.4066666666666667,192000,NYMA.zip
NYMA,NYMA-28529718.wav,5.0,192000,NYMA.zip
NYMA,NYMA-73619937.wav,2.35,256000,NYMA.zip
NYMA,NYMA-73513505.wav,5.0,256000,NYMA.zip
NYMA,NYMA-28318989.wav,5.0,192000,NYMA.zip
NYMA,NYMA-73641831.wav,4.999,256000,NYMA.zip
NYMA,NYMA-73533709.wav,4.66,192000,NYMA.zip
NYMA,NYMA-3803210.wav,6.772,256000,NYMA.zip
NYMA,NYMA-28462053.wav,3.76,192000,NYMA.zip
NYMA,NYMA-28528232.wav,5.0,192000,NYMA.zip
NYMA,NYMA-28523672.wav,2.546666666666667,192000,NYMA.zip
NYMA,NYMA-73513152.wav,5.0,256000,NYMA.zip
NYMA,NYMA-73606489.wav,5.0,256000,NYMA.zip
NYMA,NYMA-29742886.wav,4.501333333333333,192000,NYMA.zip
NYMA,NYMA-29822438.wav,5.0,192000,NYMA.zip
NYMA,NYMA-28522977.wav,5.0,192000,NYMA.zip
NYMA,NYMA-28527374.wav,5.0,192000,NYMA.zip
NYMA,NYMA-73619933.wav,5.0,256000,NYMA.zip
NYMA,NYMA-28466404.wav,4.282666666666667,192000,NYMA.zip
NYMA,NYMA-73563676.wav,4.132,256000,NYMA.zip
NYMA,NYMA-28523887.wav,5.0,192000,NYMA.zip
NYMA,NYMA-73580577.wav,5.004,192000,NYMA.zip
NYMA,NYMA-28523883.wav,5.0,192000,NYMA.zip
NYMA,NYMA-73512831.wav,5.0,256000,NYMA.zip
NYMA,NYMA-28528483.wav,5.0,192000,NYMA.zip
NYMA,NYMA-28441182.wav,5.0,192000,NYMA.zip
NYMA,NYMA-73642090.wav,4.03,256000,NYMA.zip
NYMA,NYMA-73512263.wav,5.0,256000,NYMA.zip
NYMA,NYMA-29809875.wav,5.0,192000,NYMA.zip
NYMA,NYMA-73513141.wav,5.0,256000,NYMA.zip
NYMA,NYMA-28480305.wav,5.0,192000,NYMA.zip
NYMA,NYMA-28529065.wav,5.0,192000,NYMA.zip
NYMA,NYMA-29811320.wav,5.0,192000,NYMA.zip
NYMA,NYMA-28520993.wav,5.0,192000,NYMA.zip
NYMA,NYMA-73642017.wav,4.999,256000,NYMA.zip
NYMA,NYMA-73565274.wav,2.437333333333333,192000,NYMA.zip
NYMA,NYMA-73513599.wav,5.0,256000,NYMA.zip
NYMA,NYMA-60369467.wav,6.468,256000,NYMA.zip
NYMA,NYMA-3804406.wav,4.644,256000,NYMA.zip
NYMA,NYMA-29742888.wav,4.998666666666667,192000,NYMA.zip
NYMA,NYMA-73535776.wav,5.004,192000,NYMA.zip
NYMA,NYMA-29785303.wav,5.0,192000,NYMA.zip
NYMA,NYMA-28451048.wav,5.0,192000,NYMA.zip
NYMA,NYMA-28521099.wav,5.0,192000,NYMA.zip
NYMA,NYMA-73511551.wav,5.0,256000,NYMA.zip
NYMA,NYMA-73535456.wav,5.004,192000,NYMA.zip
NYMA,NYMA-73512603.wav,5.0,256000,NYMA.zip
NYMA,NYMA-28529754.wav,5.0,192000,NYMA.zip
NYMA,NYMA-73513083.wav,5.0,256000,NYMA.zip
NYMA,NYMA-29787408.wav,5.0,192000,NYMA.zip
NYMA,NYMA-28441587.wav,5.0,192000,NYMA.zip
NYMA,NYMA-28521594.wav,5.0,192000,NYMA.zip
NYMA,NYMA-28528914.wav,5.0,192000,NYMA.zip
NYMA,NYMA-73512753.wav,5.0,256000,NYMA.zip
NYMA,NYMA-28528473.wav,5.0,192000,NYMA.zip
NYMA,NYMA-28528044.wav,5.0,192000,NYMA.zip
NYMA,NYMA-189674.wav,5.828,256000,NYMA.zip
NYMA,NYMA-29774696.wav,5.004,192000,NYMA.zip
NYMA,NYMA-73612422.wav,5.0,256000,NYMA.zip
NYMA,NYMA-73535876.wav,3.6533333333333338,192000,NYMA.zip
NYMA,NYMA-29822398.wav,5.0,192000,NYMA.zip
NYMA,NYMA-33449240.wav,3.278,256000,NYMA.zip
NYMA,NYMA-73605865.wav,5.0,256000,NYMA.zip
NYMA,NYMA-28529730.wav,5.0,192000,NYMA.zip
NYMA,NYMA-73607492.wav,5.0,256000,NYMA.zip
NYMA,NYMA-28441204.wav,4.650666666666667,192000,NYMA.zip
NYMA,NYMA-73587871.wav,4.999,256000,NYMA.zip
NYMA,NYMA-28524767.wav,4.890666666666666,192000,NYMA.zip
NYMA,NYMA-73583586.wav,4.608,256000,NYMA.zip
NYMA,NYMA-29774381.wav,5.004,192000,NYMA.zip
NYMA,NYMA-29724189.wav,5.004,192000,NYMA.zip
NYMA,NYMA-73535774.wav,5.004,192000,NYMA.zip
NYMA,NYMA-73564788.wav,2.802,256000,NYMA.zip
NYMA,NYMA-28441618.wav,5.0,192000,NYMA.zip
NYMA,NYMA-28449634.wav,5.0,192000,NYMA.zip
NYMA,NYMA-179006.wav,5.184,256000,NYMA.zip
NYMA,NYMA-73563783.wav,4.546,256000,NYMA.zip
NYMA,NYMA-28451008.wav,5.0,192000,NYMA.zip
NYMA,NYMA-29774702.wav,5.004,192000,NYMA.zip
NYMA,NYMA-28521438.wav,5.0,192000,NYMA.zip
NYMA,NYMA-73513259.wav,5.0,256000,NYMA.zip
NYMA,NYMA-73511204.wav,5.0,256000,NYMA.zip
NYMA,NYMA-28279913.wav,3.696,192000,NYMA.zip
NYMA,NYMA-73513388.wav,5.0,256000,NYMA.zip
NYMA,NYMA-29739474.wav,4.512,192000,NYMA.zip
PAHE,PAHE-12632689.wav,4.998976,500000,PAHE.zip
PAHE,PAHE-26712162.wav,6.0,384000,PAHE.zip
PAHE,PAHE-26711435.wav,5.221333333333333,384000,PAHE.zip
PAHE,PAHE-26711433.wav,6.0,384000,PAHE.zip
PAHE,PAHE-29831539.wav,5.0,192000,PAHE.zip
PAHE,PAHE-29822326.wav,5.0,192000,PAHE.zip
PAHE,PAHE-28410627.wav,6.0,384000,PAHE.zip
PAHE,PAHE-29872053.wav,5.004,192000,PAHE.zip
PAHE,PAHE-60295626.wav,5.0,500000,PAHE.zip
PAHE,PAHE-53279145.wav,4.998976,500000,PAHE.zip
PAHE,PAHE-53280585.wav,4.998976,500000,PAHE.zip
PAHE,PAHE-33442802.wav,5.622,256000,PAHE.zip
PAHE,PAHE-60489055.wav,5.0,500000,PAHE.zip
PAHE,PAHE-28352599.wav,6.0,384000,PAHE.zip
PAHE,PAHE-1984390.wav,6.0,384000,PAHE.zip
PAHE,PAHE-29823816.wav,5.004,192000,PAHE.zip
PAHE,PAHE-29824264.wav,5.0,192000,PAHE.zip
PAHE,PAHE-60351829.wav,6.0,384000,PAHE.zip
PAHE,PAHE-29826058.wav,5.0,192000,PAHE.zip
PAHE,PAHE-64875666.wav,5.0,500000,PAHE.zip
PAHE,PAHE-32906857.wav,7.904,256000,PAHE.zip
PAHE,PAHE-29874681.wav,5.004,192000,PAHE.zip
PAHE,PAHE-26712457.wav,6.0,384000,PAHE.zip
PAHE,PAHE-64897900.wav,5.0,500000,PAHE.zip
PAHE,PAHE-29821101.wav,5.0,192000,PAHE.zip
PAHE,PAHE-28348970.wav,6.0,384000,PAHE.zip
PAHE,PAHE-60295466.wav,5.0,500000,PAHE.zip
PAHE,PAHE-26711434.wav,6.0,384000,PAHE.zip
PAHE,PAHE-60295426.wav,5.0,500000,PAHE.zip
PAHE,PAHE-64861158.wav,5.0,500000,PAHE.zip
PAHE,PAHE-28541828.wav,6.0,384000,PAHE.zip
PAHE,PAHE-28395072.wav,5.8933333333333335,384000,PAHE.zip
PAHE,PAHE-28442908.wav,4.998666666666667,192000,PAHE.zip
PAHE,PAHE-28621542.wav,6.0,384000,PAHE.zip
PAHE,PAHE-73640298.wav,5.0,256000,PAHE.zip
PAHE,PAHE-29875655.wav,5.004,192000,PAHE.zip
PAHE,PAHE-32903587.wav,6.06,256000,PAHE.zip
PAHE,PAHE-267509.wav,7.964,256000,PAHE.zip
PAHE,PAHE-29842117.wav,4.001333333333333,192000,PAHE.zip
PAHE,PAHE-64874953.wav,5.0,500000,PAHE.zip
PAHE,PAHE-64891942.wav,5.0,500000,PAHE.zip
PAHE,PAHE-29825003.wav,5.0,192000,PAHE.zip
PAHE,PAHE-73642224.wav,4.999,256000,PAHE.zip
PAHE,PAHE-4112721.wav,4.998976,500000,PAHE.zip
PAHE,PAHE-1511991.wav,4.99837,300000,PAHE.zip
PAHE,PAHE-29876387.wav,5.004,192000,PAHE.zip
PAHE,PAHE-73640422.wav,5.0,256000,PAHE.zip
PAHE,PAHE-1381854.wav,4.99837,300000,PAHE.zip
PAHE,PAHE-31639498.wav,4.99992,500000,PAHE.zip
PAHE,PAHE-60295691.wav,5.0,500000,PAHE.zip
PAHE,PAHE-186627.wav,6.708,256000,PAHE.zip
PAHE,PAHE-26712531.wav,6.0,384000,PAHE.zip
PAHE,PAHE-64875587.wav,5.0,500000,PAHE.zip
PAHE,PAHE-60286637.wav,6.0,384000,PAHE.zip
PAHE,PAHE-60295349.wav,3.0,500000,PAHE.zip
PAHE,PAHE-28543339.wav,6.0,384000,PAHE.zip
PAHE,PAHE-73642105.wav,4.999,256000,PAHE.zip
PAHE,PAHE-33844556.wav,6.0,384000,PAHE.zip
PAHE,PAHE-28350018.wav,6.0,384000,PAHE.zip
PAHE,PAHE-29877997.wav,5.004,192000,PAHE.zip
PAHE,PAHE-28558121.wav,6.0,384000,PAHE.zip
PAHE,PAHE-33845043.wav,6.0,384000,PAHE.zip
PAHE,PAHE-64950875.wav,6.0,384000,PAHE.zip
PAHE,PAHE-28537931.wav,6.0,384000,PAHE.zip
PAHE,PAHE-60489052.wav,5.0,500000,PAHE.zip
PAHE,PAHE-54322902.wav,6.0,384000,PAHE.zip
PAHE,PAHE-2806787.wav,4.999022,500000,PAHE.zip
PAHE,PAHE-28443154.wav,4.998666666666667,192000,PAHE.zip
PAHE,PAHE-29633687.wav,6.0,384000,PAHE.zip
PAHE,PAHE-28586745.wav,6.0,384000,PAHE.zip
PAHE,PAHE-73639580.wav,5.0,256000,PAHE.zip
PAHE,PAHE-60295611.wav,3.0,500000,PAHE.zip
PAHE,PAHE-53279403.wav,4.998976,500000,PAHE.zip
PAHE,PAHE-73642113.wav,4.999,256000,PAHE.zip
PAHE,PAHE-29875667.wav,5.004,192000,PAHE.zip
PAHE,PAHE-28344499.wav,6.0,384000,PAHE.zip
PAHE,PAHE-1984396.wav,6.0,384000,PAHE.zip
PAHE,PAHE-60285703.wav,6.0,384000,PAHE.zip
PAHE,PAHE-73642267.wav,4.999,256000,PAHE.zip
PAHE,PAHE-29873718.wav,5.004,192000,PAHE.zip
PAHE,PAHE-60295644.wav,5.0,500000,PAHE.zip
PAHE,PAHE-55347693.wav,6.0,384000,PAHE.zip
PAHE,PAHE-60352172.wav,6.0,384000,PAHE.zip
PAHE,PAHE-703094.wav,6.0,384000,PAHE.zip
PAHE,PAHE-54322317.wav,6.0,384000,PAHE.zip
PAHE,PAHE-12632182.wav,4.998976,500000,PAHE.zip
PAHE,PAHE-26712952.wav,5.124,384000,PAHE.zip
PAHE,PAHE-64872938.wav,5.0,500000,PAHE.zip
PAHE,PAHE-12632816.wav,4.998976,500000,PAHE.zip
PAHE,PAHE-29829543.wav,5.0,192000,PAHE.zip
PAHE,PAHE-73642264.wav,4.999,256000,PAHE.zip
PAHE,PAHE-29824521.wav,5.0,192000,PAHE.zip
PAHE,PAHE-29824157.wav,5.0,192000,PAHE.zip
PAHE,PAHE-28297240.wav,4.786666666666667,192000,PAHE.zip
PAHE,PAHE-60295612.wav,5.0,500000,PAHE.zip
PAHE,PAHE-29788797.wav,3.7533333333333334,192000,PAHE.zip
PAHE,PAHE-60295638.wav,5.0,500000,PAHE.zip
PAHE,PAHE-26712456.wav,6.0,384000,PAHE.zip
PAHE,PAHE-29824513.wav,5.0,192000,PAHE.zip
PAHE,PAHE-1984388.wav,6.0,384000,PAHE.zip
PAHE,PAHE-54322463.wav,6.0,384000,PAHE.zip
PAHE,PAHE-64875665.wav,5.0,500000,PAHE.zip
PAHE,PAHE-53279515.wav,4.998976,500000,PAHE.zip
PAHE,PAHE-60295593.wav,5.0,500000,PAHE.zip
PAHE,PAHE-73513826.wav,3.896,256000,PAHE.zip
PAHE,PAHE-28442827.wav,4.998666666666667,192000,PAHE.zip
PAHE,PAHE-29874781.wav,5.004,192000,PAHE.zip
PAHE,PAHE-60295669.wav,5.0,500000,PAHE.zip
PAHE,PAHE-29419871.wav,4.8853333333333335,192000,PAHE.zip
PAHE,PAHE-64892077.wav,5.0,500000,PAHE.zip
PAHE,PAHE-29875766.wav,5.004,192000,PAHE.zip
PAHE,PAHE-13757671.wav,4.998976,500000,PAHE.zip
PAHE,PAHE-29823397.wav,5.004,192000,PAHE.zip
PAHE,PAHE-13115679.wav,4.998976,500000,PAHE.zip
PAHE,PAHE-33846199.wav,6.0,384000,PAHE.zip
PAHE,PAHE-60352053.wav,6.0,384000,PAHE.zip
PAHE,PAHE-33845718.wav,6.0,384000,PAHE.zip
PAHE,PAHE-29376216.wav,5.004,192000,PAHE.zip
PAHE,PAHE-64950873.wav,6.0,384000,PAHE.zip
PAHE,PAHE-60295546.wav,5.0,500000,PAHE.zip
PAHE,PAHE-1512692.wav,4.99837,300000,PAHE.zip
PAHE,PAHE-54320158.wav,6.0,384000,PAHE.zip
PAHE,PAHE-31867605.wav,4.99992,500000,PAHE.zip
PAHE,PAHE-60295506.wav,5.0,500000,PAHE.zip
PAHE,PAHE-12632467.wav,4.998976,500000,PAHE.zip
PAHE,PAHE-60352171.wav,6.0,384000,PAHE.zip
PAHE,PAHE-29657381.wav,4.998666666666667,192000,PAHE.zip
PAHE,PAHE-3771502.wav,6.0,384000,PAHE.zip
PAHE,PAHE-1502728.wav,4.99837,300000,PAHE.zip
PAHE,PAHE-29876397.wav,5.004,192000,PAHE.zip
PAHE,PAHE-33846326.wav,6.0,384000,PAHE.zip
PAHE,PAHE-29826073.wav,5.0,192000,PAHE.zip
PAHE,PAHE-64956078.wav,6.0,384000,PAHE.zip
PAHE,PAHE-1986963.wav,6.0,384000,PAHE.zip
PAHE,PAHE-12569094.wav,4.998976,500000,PAHE.zip
PAHE,PAHE-12632892.wav,4.998976,500000,PAHE.zip
PAHE,PAHE-29169916.wav,7.234,256000,PAHE.zip
PAHE,PAHE-28533581.wav,6.0,384000,PAHE.zip
PAHE,PAHE-29286536.wav,5.004,192000,PAHE.zip
PAHE,PAHE-64874267.wav,5.0,500000,PAHE.zip
PAHE,PAHE-53280657.wav,4.998976,500000,PAHE.zip
PAHE,PAHE-28331507.wav,5.429333333333333,384000,PAHE.zip
PAHE,PAHE-2151427.wav,6.0,384000,PAHE.zip
PAHE,PAHE-1513599.wav,4.99837,300000,PAHE.zip
PAHE,PAHE-53844619.wav,4.998976,500000,PAHE.zip
PAHE,PAHE-28994702.wav,5.004,192000,PAHE.zip
PAHE,PAHE-64956079.wav,6.0,384000,PAHE.zip
PAHE,PAHE-60295434.wav,5.0,500000,PAHE.zip
PAHE,PAHE-64891943.wav,5.0,500000,PAHE.zip
PAHE,PAHE-2151281.wav,5.864,384000,PAHE.zip
PAHE,PAHE-29820380.wav,5.004,192000,PAHE.zip
PAHE,PAHE-28992311.wav,3.0813333333333333,192000,PAHE.zip
PAHE,PAHE-64954963.wav,5.46,384000,PAHE.zip
PAHE,PAHE-64955672.wav,6.0,384000,PAHE.zip
PAHE,PAHE-1512327.wav,4.99837,300000,PAHE.zip
PAHE,PAHE-28442214.wav,4.998666666666667,192000,PAHE.zip
PAHE,PAHE-31869362.wav,4.99992,500000,PAHE.zip
PAHE,PAHE-4112922.wav,4.998976,500000,PAHE.zip
PAHE,PAHE-64892079.wav,5.0,500000,PAHE.zip
PAHE,PAHE-73642118.wav,4.999,256000,PAHE.zip
PAHE,PAHE-31606798.wav,4.99992,500000,PAHE.zip
PAHE,PAHE-31870423.wav,4.99992,500000,PAHE.zip
PAHE,PAHE-28417862.wav,6.0,384000,PAHE.zip
PAHE,PAHE-2839307.wav,2.999022,500000,PAHE.zip
PAHE,PAHE-60295263.wav,5.0,500000,PAHE.zip
PAHE,PAHE-53279397.wav,4.998976,500000,PAHE.zip
PAHE,PAHE-64875750.wav,5.0,500000,PAHE.zip
PAHE,PAHE-60287600.wav,6.0,384000,PAHE.zip
PAHE,PAHE-28339495.wav,6.0,384000,PAHE.zip
PAHE,PAHE-53850200.wav,4.998976,500000,PAHE.zip
PAHE,PAHE-33446882.wav,5.408,256000,PAHE.zip
PAHE,PAHE-28353859.wav,6.0,384000,PAHE.zip
PAHE,PAHE-31617163.wav,2.99992,500000,PAHE.zip
PAHE,PAHE-29632919.wav,6.0,384000,PAHE.zip
PAHE,PAHE-12448454.wav,4.998976,500000,PAHE.zip
PAHE,PAHE-28442039.wav,4.998666666666667,192000,PAHE.zip
PAHE,PAHE-28442014.wav,4.998666666666667,192000,PAHE.zip
PAHE,PAHE-29821295.wav,5.0,192000,PAHE.zip
PAHE,PAHE-28539119.wav,6.0,384000,PAHE.zip
PAHE,PAHE-1378419.wav,4.99837,300000,PAHE.zip
PAHE,PAHE-29872916.wav,5.004,192000,PAHE.zip
PAHE,PAHE-54311224.wav,4.618666666666667,384000,PAHE.zip
PAHE,PAHE-64891941.wav,5.0,500000,PAHE.zip
PAHE,PAHE-12632826.wav,4.998976,500000,PAHE.zip
PAHE,PAHE-28442814.wav,4.998666666666667,192000,PAHE.zip
PAHE,PAHE-73640418.wav,5.0,256000,PAHE.zip
PAHE,PAHE-60354494.wav,4.357333333333333,384000,PAHE.zip
PAHE,PAHE-29821338.wav,5.0,192000,PAHE.zip
PAHE,PAHE-73642249.wav,4.999,256000,PAHE.zip
PAHE,PAHE-60369440.wav,4.404,256000,PAHE.zip
PAHE,PAHE-26712230.wav,6.0,384000,PAHE.zip
PAHE,PAHE-1984385.wav,6.0,384000,PAHE.zip
PAHE,PAHE-12551976.wav,4.998976,500000,PAHE.zip
PAHE,PAHE-12582245.wav,4.998976,500000,PAHE.zip
PAHE,PAHE-28558011.wav,6.0,384000,PAHE.zip
PAHE,PAHE-53843973.wav,4.998976,500000,PAHE.zip
PAHE,PAHE-26712163.wav,6.0,384000,PAHE.zip
PAHE,PAHE-29874683.wav,5.004,192000,PAHE.zip
PAHE,PAHE-60287374.wav,6.0,384000,PAHE.zip
PAHE,PAHE-28366143.wav,6.0,384000,PAHE.zip
PAHE,PAHE-64897896.wav,5.0,300000,PAHE.zip
PAHE,PAHE-73511038.wav,5.0,256000,PAHE.zip
PAHE,PAHE-60287818.wav,6.0,384000,PAHE.zip
PAHE,PAHE-28348809.wav,6.0,384000,PAHE.zip
PAHE,PAHE-73642226.wav,4.999,256000,PAHE.zip
PAHE,PAHE-64867925.wav,5.0,300000,PAHE.zip
PAHE,PAHE-29872359.wav,5.004,192000,PAHE.zip
PAHE,PAHE-73642106.wav,4.999,256000,PAHE.zip
PAHE,PAHE-28982848.wav,4.998666666666667,192000,PAHE.zip
PAHE,PAHE-1984395.wav,6.0,384000,PAHE.zip
PAHE,PAHE-29632349.wav,6.0,384000,PAHE.zip
PAHE,PAHE-29419944.wav,3.961333333333333,192000,PAHE.zip
PAHE,PAHE-60295403.wav,5.0,500000,PAHE.zip
PAHE,PAHE-2633430.wav,4.998976,500000,PAHE.zip
PAHE,PAHE-29820999.wav,4.916,192000,PAHE.zip
PAHE,PAHE-28563498.wav,6.0,384000,PAHE.zip
PAHE,PAHE-2629525.wav,4.998976,500000,PAHE.zip
PAHE,PAHE-1359434.wav,4.99837,300000,PAHE.zip
PAHE,PAHE-2855873.wav,2.999022,500000,PAHE.zip
PAHE,PAHE-73512633.wav,5.0,256000,PAHE.zip
PAHE,PAHE-2155442.wav,6.0,384000,PAHE.zip
PAHE,PAHE-55323288.wav,5.218666666666667,384000,PAHE.zip
PAHE,PAHE-29824523.wav,5.0,192000,PAHE.zip
PAHE,PAHE-60353187.wav,6.0,384000,PAHE.zip
PAHE,PAHE-54322419.wav,6.0,384000,PAHE.zip
PAHE,PAHE-12572115.wav,4.998976,500000,PAHE.zip
PAHE,PAHE-29873448.wav,5.004,192000,PAHE.zip
PAHE,PAHE-60354252.wav,6.0,384000,PAHE.zip
PAHE,PAHE-28543580.wav,6.0,384000,PAHE.zip
PAHE,PAHE-29820319.wav,5.004,192000,PAHE.zip
PAHE,PAHE-26712954.wav,6.0,384000,PAHE.zip
PAHE,PAHE-33844562.wav,6.0,384000,PAHE.zip
PAHE,PAHE-64872939.wav,5.0,500000,PAHE.zip
PAHE,PAHE-12632116.wav,4.998976,500000,PAHE.zip
PAHE,PAHE-60295420.wav,3.0,500000,PAHE.zip
PAHE,PAHE-1398687.wav,4.99837,300000,PAHE.zip
PAHE,PAHE-29830028.wav,5.0,192000,PAHE.zip
PAHE,PAHE-29821373.wav,5.0,192000,PAHE.zip
PAHE,PAHE-12632291.wav,4.998976,500000,PAHE.zip
PAHE,PAHE-28983496.wav,4.998666666666667,192000,PAHE.zip
PAHE,PAHE-29823936.wav,5.004,192000,PAHE.zip
PAHE,PAHE-64862219.wav,5.0,500000,PAHE.zip
PAHE,PAHE-28443066.wav,4.998666666666667,192000,PAHE.zip
PAHE,PAHE-29821436.wav,5.0,192000,PAHE.zip
PAHE,PAHE-29822513.wav,5.0,192000,PAHE.zip
PAHE,PAHE-54311225.wav,3.8253333333333335,384000,PAHE.zip
PAHE,PAHE-29872920.wav,5.004,192000,PAHE.zip
PAHE,PAHE-54320276.wav,6.0,384000,PAHE.zip
PAHE,PAHE-64952517.wav,6.0,384000,PAHE.zip
PAHE,PAHE-73639895.wav,5.0,256000,PAHE.zip
PAHE,PAHE-73511229.wav,5.0,256000,PAHE.zip
PAHE,PAHE-28361725.wav,6.0,384000,PAHE.zip
PAHE,PAHE-60295635.wav,5.0,500000,PAHE.zip
PAHE,PAHE-3041470.wav,4.999022,500000,PAHE.zip
PAHE,PAHE-32903588.wav,6.612,256000,PAHE.zip
PAHE,PAHE-64955671.wav,6.0,384000,PAHE.zip
PAHE,PAHE-28544991.wav,6.0,384000,PAHE.zip
PAHE,PAHE-1984495.wav,6.0,384000,PAHE.zip
PAHE,PAHE-29875895.wav,5.004,192000,PAHE.zip
PAHE,PAHE-60352250.wav,6.0,384000,PAHE.zip
PAHE,PAHE-28358064.wav,6.0,384000,PAHE.zip
PAHE,PAHE-73584975.wav,5.0,256000,PAHE.zip
PAHE,PAHE-33845040.wav,6.0,384000,PAHE.zip
PAHE,PAHE-64875748.wav,5.0,500000,PAHE.zip
PAHE,PAHE-28273186.wav,6.0,384000,PAHE.zip
PAHE,PAHE-60291075.wav,6.0,384000,PAHE.zip
PAHE,PAHE-29876369.wav,5.004,192000,PAHE.zip
PAHE,PAHE-29876363.wav,5.004,192000,PAHE.zip
PAHE,PAHE-60369447.wav,7.78,256000,PAHE.zip
PAHE,PAHE-73608285.wav,5.0,256000,PAHE.zip
PAHE,PAHE-28406254.wav,6.0,384000,PAHE.zip
PAHE,PAHE-60351490.wav,4.976,384000,PAHE.zip
PAHE,PAHE-31607486.wav,4.99992,500000,PAHE.zip
PAHE,PAHE-29874769.wav,5.004,192000,PAHE.zip
PAHE,PAHE-28373242.wav,6.0,384000,PAHE.zip
PAHE,PAHE-60295665.wav,3.0,500000,PAHE.zip
PAHE,PAHE-29830021.wav,5.0,192000,PAHE.zip
PAHE,PAHE-29873482.wav,5.004,192000,PAHE.zip
PAHE,PAHE-73639587.wav,5.0,256000,PAHE.zip
PAHE,PAHE-28348442.wav,6.0,384000,PAHE.zip
PAHE,PAHE-29873503.wav,5.004,192000,PAHE.zip
PAHE,PAHE-73514779.wav,3.448,256000,PAHE.zip
PAHE,PAHE-2151406.wav,6.0,384000,PAHE.zip
PAHE,PAHE-28442231.wav,4.998666666666667,192000,PAHE.zip
PAHE,PAHE-28342085.wav,6.0,384000,PAHE.zip
PAHE,PAHE-53786686.wav,4.999022,500000,PAHE.zip
PAHE,PAHE-703092.wav,6.0,384000,PAHE.zip
PAHE,PAHE-54311161.wav,6.0,384000,PAHE.zip
PAHE,PAHE-26713425.wav,6.0,384000,PAHE.zip
PAHE,PAHE-64892227.wav,5.0,500000,PAHE.zip
PAHE,PAHE-28442296.wav,4.998666666666667,192000,PAHE.zip
PAHE,PAHE-60295652.wav,5.0,500000,PAHE.zip
PAHE,PAHE-73511243.wav,5.0,256000,PAHE.zip
PAHE,PAHE-28558545.wav,6.0,384000,PAHE.zip
PAHE,PAHE-64895411.wav,5.0,500000,PAHE.zip
PAHE,PAHE-29632350.wav,6.0,384000,PAHE.zip
PAHE,PAHE-1396795.wav,4.99837,300000,PAHE.zip
PAHE,PAHE-60295378.wav,5.0,500000,PAHE.zip
PAHE,PAHE-60352173.wav,6.0,384000,PAHE.zip
PAHE,PAHE-1398178.wav,4.99837,300000,PAHE.zip
PAHE,PAHE-64892228.wav,5.0,500000,PAHE.zip
PAHE,PAHE-28590465.wav,6.0,384000,PAHE.zip
PAHE,PAHE-29874794.wav,5.004,192000,PAHE.zip
PAHE,PAHE-1984383.wav,6.0,384000,PAHE.zip
PAHE,PAHE-28338050.wav,6.0,384000,PAHE.zip
PAHE,PAHE-28361797.wav,6.0,384000,PAHE.zip
PAHE,PAHE-60287292.wav,6.0,384000,PAHE.zip
PAHE,PAHE-29633871.wav,6.0,384000,PAHE.zip
PAHE,PAHE-60369448.wav,5.746,256000,PAHE.zip
PAHE,PAHE-53280718.wav,4.998976,500000,PAHE.zip
PAHE,PAHE-28443109.wav,4.018666666666666,192000,PAHE.zip
PAHE,PAHE-29875964.wav,5.004,192000,PAHE.zip
PAHE,PAHE-28862990.wav,6.618,256000,PAHE.zip
PAHE,PAHE-60295469.wav,5.0,500000,PAHE.zip
PAHE,PAHE-53280524.wav,4.998976,500000,PAHE.zip
PAHE,PAHE-29874957.wav,3.41321875,192000,PAHE.zip
PAHE,PAHE-64956845.wav,5.0,500000,PAHE.zip
PAHE,PAHE-12631616.wav,4.998976,500000,PAHE.zip
PAHE,PAHE-73511237.wav,5.0,256000,PAHE.zip
PAHE,PAHE-32908519.wav,6.752,256000,PAHE.zip
PAHE,PAHE-73608272.wav,5.0,256000,PAHE.zip
PAHE,PAHE-60295730.wav,5.0,500000,PAHE.zip
PAHE,PAHE-29831494.wav,5.0,192000,PAHE.zip
PAHE,PAHE-29414184.wav,5.0,192000,PAHE.zip
PAHE,PAHE-60286259.wav,6.0,384000,PAHE.zip
PAHE,PAHE-64862084.wav,5.0,500000,PAHE.zip
PAHE,PAHE-29874975.wav,5.004,192000,PAHE.zip
PAHE,PAHE-73641055.wav,5.0,256000,PAHE.zip
PAHE,PAHE-186959.wav,5.41,256000,PAHE.zip
PAHE,PAHE-64872838.wav,3.0,500000,PAHE.zip
PAHE,PAHE-28443110.wav,4.412,192000,PAHE.zip
PAHE,PAHE-33442491.wav,7.776,256000,PAHE.zip
PAHE,PAHE-60295628.wav,5.0,500000,PAHE.zip
PAHE,PAHE-29873665.wav,5.004,192000,PAHE.zip
PAHE,PAHE-31665691.wav,4.99992,500000,PAHE.zip
PAHE,PAHE-29875764.wav,5.004,192000,PAHE.zip
PAHE,PAHE-54311163.wav,5.610666666666667,384000,PAHE.zip
PAHE,PAHE-12631950.wav,4.998976,500000,PAHE.zip
PAHE,PAHE-60295729.wav,5.0,500000,PAHE.zip
PAHE,PAHE-53844916.wav,4.998976,500000,PAHE.zip
PAHE,PAHE-3038514.wav,4.999022,500000,PAHE.zip
PAHE,PAHE-28441886.wav,4.268,192000,PAHE.zip
PAHE,PAHE-29875671.wav,5.004,192000,PAHE.zip
PAHE,PAHE-31620201.wav,4.99992,500000,PAHE.zip
PAHE,PAHE-29801669.wav,5.004,192000,PAHE.zip
PAHE,PAHE-64892078.wav,5.0,500000,PAHE.zip
PAHE,PAHE-64875588.wav,5.0,500000,PAHE.zip
PAHE,PAHE-4120132.wav,4.998976,500000,PAHE.zip
PAHE,PAHE-28558561.wav,6.0,384000,PAHE.zip
PAHE,PAHE-28349299.wav,6.0,384000,PAHE.zip
PAHE,PAHE-28406265.wav,6.0,384000,PAHE.zip
PAHE,PAHE-73613873.wav,5.004,192000,PAHE.zip
PAHE,PAHE-60290994.wav,6.0,384000,PAHE.zip
PAHE,PAHE-60352251.wav,6.0,384000,PAHE.zip
PAHE,PAHE-54322955.wav,6.0,384000,PAHE.zip
PAHE,PAHE-64870607.wav,5.0,500000,PAHE.zip
PAHE,PAHE-13599633.wav,4.998976,500000,PAHE.zip
PAHE,PAHE-31676741.wav,4.99992,500000,PAHE.zip
PAHE,PAHE-29826045.wav,5.0,192000,PAHE.zip
PAHE,PAHE-64955209.wav,6.0,384000,PAHE.zip
PAHE,PAHE-73513488.wav,3.118,256000,PAHE.zip
PAHE,PAHE-73642243.wav,4.999,256000,PAHE.zip
PAHE,PAHE-269116.wav,4.814,256000,PAHE.zip
PAHE,PAHE-29830050.wav,5.0,192000,PAHE.zip
PAHE,PAHE-33441457.wav,7.974,256000,PAHE.zip
PAHE,PAHE-60369428.wav,5.952,256000,PAHE.zip
PAHE,PAHE-28983495.wav,3.2653333333333334,192000,PAHE.zip
PAHE,PAHE-29877848.wav,5.004,192000,PAHE.zip
PAHE,PAHE-60295653.wav,5.0,500000,PAHE.zip
PAHE,PAHE-1984394.wav,6.0,384000,PAHE.zip
PAHE,PAHE-73639894.wav,5.0,256000,PAHE.zip
PAHE,PAHE-28442280.wav,4.998666666666667,192000,PAHE.zip
PAHE,PAHE-3051970.wav,4.999022,500000,PAHE.zip
PAHE,PAHE-53279183.wav,4.998976,500000,PAHE.zip
PAHE,PAHE-60295488.wav,5.0,500000,PAHE.zip
PAHE,PAHE-60352371.wav,6.0,384000,PAHE.zip
PAHE,PAHE-29829541.wav,5.0,192000,PAHE.zip
PAHE,PAHE-29822186.wav,5.0,192000,PAHE.zip
PAHE,PAHE-64874266.wav,5.0,500000,PAHE.zip
PAHE,PAHE-28410973.wav,6.0,384000,PAHE.zip
PAHE,PAHE-26712232.wav,6.0,384000,PAHE.zip
PAHE,PAHE-28601335.wav,6.0,384000,PAHE.zip
PAHE,PAHE-29788798.wav,3.8773333333333335,192000,PAHE.zip
PAHE,PAHE-32910352.wav,6.928,256000,PAHE.zip
PAHE,PAHE-64954962.wav,5.865333333333333,384000,PAHE.zip
PAHE,PAHE-73613673.wav,2.953333333333333,192000,PAHE.zip
PAHE,PAHE-26713631.wav,6.0,384000,PAHE.zip
PAHE,PAHE-29820997.wav,5.004,192000,PAHE.zip
PAHE,PAHE-29395583.wav,5.0,192000,PAHE.zip
PAHE,PAHE-29824051.wav,5.004,192000,PAHE.zip
PAHE,PAHE-29824982.wav,5.0,192000,PAHE.zip
PAHE,PAHE-13317602.wav,4.998976,500000,PAHE.zip
PAHE,PAHE-29829997.wav,5.0,192000,PAHE.zip
PAHE,PAHE-13599540.wav,4.998976,500000,PAHE.zip
PAHE,PAHE-64952516.wav,6.0,384000,PAHE.zip
PAHE,PAHE-60295286.wav,3.0,500000,PAHE.zip
PAHE,PAHE-28543222.wav,6.0,384000,PAHE.zip
PAHE,PAHE-28442028.wav,4.998666666666667,192000,PAHE.zip
PAHE,PAHE-29873222.wav,5.004,192000,PAHE.zip
PAHE,PAHE-28441865.wav,4.998666666666667,192000,PAHE.zip
PAHE,PAHE-73642078.wav,4.999,256000,PAHE.zip
PAHE,PAHE-29873508.wav,5.004,192000,PAHE.zip
PAHE,PAHE-29826038.wav,5.0,192000,PAHE.zip
PAHE,PAHE-60353282.wav,6.0,384000,PAHE.zip
PAHE,PAHE-32907326.wav,5.795,256000,PAHE.zip
PAHE,PAHE-28405028.wav,6.0,384000,PAHE.zip
PAHE,PAHE-60295682.wav,5.0,500000,PAHE.zip
PAHE,PAHE-29822192.wav,5.0,192000,PAHE.zip
PAHE,PAHE-60289668.wav,6.0,384000,PAHE.zip
PAHE,PAHE-1319532.wav,4.999022,500000,PAHE.zip
PAHE,PAHE-32911555.wav,7.394,256000,PAHE.zip
PAHE,PAHE-2242132.wav,5.952,384000,PAHE.zip
PAHE,PAHE-73512646.wav,5.0,256000,PAHE.zip
PAHE,PAHE-28406262.wav,6.0,384000,PAHE.zip
PAHE,PAHE-60353185.wav,6.0,384000,PAHE.zip
PAHE,PAHE-189726.wav,7.816,256000,PAHE.zip
PAHE,PAHE-26712529.wav,6.0,384000,PAHE.zip
PAHE,PAHE-73639618.wav,5.0,256000,PAHE.zip
PAHE,PAHE-28992976.wav,5.004,192000,PAHE.zip
PAHE,PAHE-29874575.wav,5.004,192000,PAHE.zip
PAHE,PAHE-28590502.wav,6.0,384000,PAHE.zip
PAHE,PAHE-54320154.wav,6.0,384000,PAHE.zip
PAHE,PAHE-64957218.wav,5.0,500000,PAHE.zip
PAHE,PAHE-28442218.wav,4.998666666666667,192000,PAHE.zip
PAHE,PAHE-29419876.wav,5.0,192000,PAHE.zip
PAHE,PAHE-28341981.wav,6.0,384000,PAHE.zip
PAHE,PAHE-28541312.wav,6.0,384000,PAHE.zip
PAHE,PAHE-28348880.wav,6.0,384000,PAHE.zip
PAHE,PAHE-28533685.wav,6.0,384000,PAHE.zip
PAHE,PAHE-60295723.wav,5.0,500000,PAHE.zip
PAHE,PAHE-73640080.wav,5.0,256000,PAHE.zip
PAHE,PAHE-4118199.wav,4.998976,500000,PAHE.zip
PAHE,PAHE-29873175.wav,5.004,192000,PAHE.zip
PAHE,PAHE-73640102.wav,5.0,256000,PAHE.zip
PAHE,PAHE-54321665.wav,6.0,384000,PAHE.zip
PAHE,PAHE-29788606.wav,5.004,192000,PAHE.zip
PAHE,PAHE-28365664.wav,6.0,384000,PAHE.zip
PAHE,PAHE-2629687.wav,4.998976,500000,PAHE.zip
PAHE,PAHE-29876393.wav,5.004,192000,PAHE.zip
PAHE,PAHE-29872812.wav,5.004,192000,PAHE.zip
PAHE,PAHE-60350901.wav,4.532,384000,PAHE.zip
PAHE,PAHE-29840818.wav,5.004,192000,PAHE.zip
PAHE,PAHE-33846329.wav,6.0,384000,PAHE.zip
PAHE,PAHE-29633685.wav,6.0,384000,PAHE.zip
PAHE,PAHE-29824013.wav,4.925333333333334,192000,PAHE.zip
PAHE,PAHE-29820396.wav,5.004,192000,PAHE.zip
PAHE,PAHE-60352369.wav,5.872,384000,PAHE.zip
PAHE,PAHE-31623034.wav,4.99992,500000,PAHE.zip
PAHE,PAHE-64870609.wav,5.0,500000,PAHE.zip
PAHE,PAHE-29830044.wav,5.0,192000,PAHE.zip
PAHE,PAHE-29871951.wav,5.004,192000,PAHE.zip
PAHE,PAHE-28396553.wav,6.0,384000,PAHE.zip
PAHE,PAHE-64955207.wav,6.0,384000,PAHE.zip
PAHE,PAHE-29875931.wav,3.588,192000,PAHE.zip
PAHE,PAHE-33846330.wav,6.0,384000,PAHE.zip
PAHE,PAHE-29875968.wav,5.004,192000,PAHE.zip
PAHE,PAHE-28364847.wav,6.0,384000,PAHE.zip
PAHE,PAHE-64892218.wav,5.0,500000,PAHE.zip
PAHE,PAHE-53279477.wav,4.998976,500000,PAHE.zip
PAHE,PAHE-28442913.wav,4.998666666666667,192000,PAHE.zip
PAHE,PAHE-12631699.wav,4.998976,500000,PAHE.zip
PAHE,PAHE-28543359.wav,6.0,384000,PAHE.zip
PAHE,PAHE-29877894.wav,3.3226666666666667,192000,PAHE.zip
PAHE,PAHE-64953397.wav,6.0,384000,PAHE.zip
PAHE,PAHE-28366174.wav,6.0,384000,PAHE.zip
PAHE,PAHE-26712231.wav,6.0,384000,PAHE.zip
PAHE,PAHE-29825016.wav,5.0,192000,PAHE.zip
PAHE,PAHE-60295673.wav,5.0,500000,PAHE.zip
PAHE,PAHE-28348493.wav,6.0,384000,PAHE.zip
PAHE,PAHE-73642261.wav,4.999,256000,PAHE.zip
PAHE,PAHE-60352370.wav,6.0,384000,PAHE.zip
PAHE,PAHE-73511046.wav,5.0,256000,PAHE.zip
PAHE,PAHE-29876379.wav,5.004,192000,PAHE.zip
PAHE,PAHE-73642256.wav,4.999,256000,PAHE.zip
PAHE,PAHE-13489133.wav,4.998976,500000,PAHE.zip
PAHE,PAHE-12632719.wav,4.998976,500000,PAHE.zip
PAHE,PAHE-1986007.wav,5.388,384000,PAHE.zip
PAHE,PAHE-29168201.wav,7.458,256000,PAHE.zip
PAHE,PAHE-29821273.wav,5.0,192000,PAHE.zip
PAHE,PAHE-29875653.wav,5.004,192000,PAHE.zip
PAHE,PAHE-2232833.wav,6.0,384000,PAHE.zip
PAHE,PAHE-64951891.wav,6.0,384000,PAHE.zip
PAHE,PAHE-28540019.wav,5.314666666666667,384000,PAHE.zip
PAHE,PAHE-60369430.wav,5.68,256000,PAHE.zip
PAHE,PAHE-29875770.wav,5.004,192000,PAHE.zip
PAHE,PAHE-29657391.wav,4.534666666666666,192000,PAHE.zip
PAHE,PAHE-53280250.wav,4.998976,500000,PAHE.zip
PAHE,PAHE-29821285.wav,5.0,192000,PAHE.zip
PAHE,PAHE-31603041.wav,2.99992,500000,PAHE.zip
PAHE,PAHE-73642295.wav,4.999,256000,PAHE.zip
PAHE,PAHE-29840998.wav,5.004,192000,PAHE.zip
PAHE,PAHE-28442025.wav,4.998666666666667,192000,PAHE.zip
PAHE,PAHE-64955345.wav,6.0,384000,PAHE.zip
PAHE,PAHE-54322326.wav,6.0,384000,PAHE.zip
PAHE,PAHE-2631261.wav,4.998976,500000,PAHE.zip
PAHE,PAHE-28543581.wav,6.0,384000,PAHE.zip
PAHE,PAHE-31636633.wav,2.99992,500000,PAHE.zip
PAHE,PAHE-28334991.wav,6.0,384000,PAHE.zip
PAHE,PAHE-28992968.wav,5.004,192000,PAHE.zip
PAHE,PAHE-29874034.wav,5.004,192000,PAHE.zip
PAHE,PAHE-33648715.wav,6.0,384000,PAHE.zip
PAHE,PAHE-64892229.wav,5.0,500000,PAHE.zip
PAHE,PAHE-29876364.wav,4.9,192000,PAHE.zip
PAHE,PAHE-28542113.wav,5.518666666666666,384000,PAHE.zip
PAHE,PAHE-3821617.wav,7.276,256000,PAHE.zip
PAHE,PAHE-33844705.wav,6.0,384000,PAHE.zip
PAHE,PAHE-28342966.wav,6.0,384000,PAHE.zip
PAHE,PAHE-29831545.wav,5.0,192000,PAHE.zip
PAHE,PAHE-60295386.wav,5.0,500000,PAHE.zip
PAHE,PAHE-31607961.wav,4.99992,500000,PAHE.zip
PAHE,PAHE-53843838.wav,4.998976,500000,PAHE.zip
PAHE,PAHE-73639861.wav,5.0,256000,PAHE.zip
PAHE,PAHE-269131.wav,3.148,256000,PAHE.zip
PAHE,PAHE-54322956.wav,6.0,384000,PAHE.zip
PAHE,PAHE-28442230.wav,4.998666666666667,192000,PAHE.zip
PAHE,PAHE-29875656.wav,5.004,192000,PAHE.zip
PAHE,PAHE-55322776.wav,6.0,384000,PAHE.zip
PAHE,PAHE-73613672.wav,5.004,192000,PAHE.zip
PAHE,PAHE-26713630.wav,6.0,384000,PAHE.zip
PAHE,PAHE-28443030.wav,4.998666666666667,192000,PAHE.zip
PAHE,PAHE-54320316.wav,6.0,384000,PAHE.zip
PAHE,PAHE-3030524.wav,4.999022,500000,PAHE.zip
PAHE,PAHE-28598270.wav,6.0,384000,PAHE.zip
PAHE,PAHE-13393852.wav,4.998976,500000,PAHE.zip
PAHE,PAHE-33844778.wav,6.0,384000,PAHE.zip
PAHE,PAHE-29872822.wav,5.004,192000,PAHE.zip
PAHE,PAHE-28538276.wav,6.0,384000,PAHE.zip
PAHE,PAHE-64875667.wav,5.0,500000,PAHE.zip
PAHE,PAHE-26712530.wav,6.0,384000,PAHE.zip
PAHE,PAHE-3051967.wav,4.999022,500000,PAHE.zip
PAHE,PAHE-13109954.wav,4.998976,500000,PAHE.zip
PAHE,PAHE-64862220.wav,5.0,500000,PAHE.zip
PAHE,PAHE-28369542.wav,6.0,384000,PAHE.zip
PAHE,PAHE-31665233.wav,2.99992,500000,PAHE.zip
PAHE,PAHE-28983451.wav,4.998666666666667,192000,PAHE.zip
PAHE,PAHE-55322414.wav,6.0,384000,PAHE.zip
PAHE,PAHE-64873737.wav,5.0,500000,PAHE.zip
PAHE,PAHE-31869781.wav,4.99992,500000,PAHE.zip
PAHE,PAHE-73642225.wav,4.999,256000,PAHE.zip
PAHE,PAHE-29874574.wav,5.004,192000,PAHE.zip
PAHE,PAHE-73608261.wav,5.0,256000,PAHE.zip
PAHE,PAHE-64868758.wav,5.0,500000,PAHE.zip
PAHE,PAHE-29825076.wav,5.0,192000,PAHE.zip
PAHE,PAHE-29841839.wav,5.004,192000,PAHE.zip
PAHE,PAHE-28345696.wav,6.0,384000,PAHE.zip
PAHE,PAHE-64955208.wav,6.0,384000,PAHE.zip
PAHE,PAHE-60295265.wav,5.0,500000,PAHE.zip
PAHE,PAHE-73608264.wav,5.0,256000,PAHE.zip
PAHE,PAHE-73639573.wav,5.0,256000,PAHE.zip
PAHE,PAHE-53843597.wav,4.998976,500000,PAHE.zip
PAHE,PAHE-33844450.wav,6.0,384000,PAHE.zip
PAHE,PAHE-53843706.wav,4.998976,500000,PAHE.zip
PAHE,PAHE-14717.wav,6.0,384000,PAHE.zip
PAHE,PAHE-1984387.wav,6.0,384000,PAHE.zip
PAHE,PAHE-64953398.wav,6.0,384000,PAHE.zip
PAHE,PAHE-54321669.wav,6.0,384000,PAHE.zip
PAHE,PAHE-1985959.wav,6.0,384000,PAHE.zip
PAHE,PAHE-29824151.wav,5.0,192000,PAHE.zip
PAHE,PAHE-64897905.wav,5.0,500000,PAHE.zip
PAHE,PAHE-29874728.wav,5.004,192000,PAHE.zip
PAHE,PAHE-55322635.wav,6.0,384000,PAHE.zip
PAHE,PAHE-32899988.wav,3.636,256000,PAHE.zip
PAHE,PAHE-60353820.wav,6.0,384000,PAHE.zip
PAHE,PAHE-29823997.wav,5.004,192000,PAHE.zip
PAHE,PAHE-32906251.wav,7.024,256000,PAHE.zip
PAHE,PAHE-73642074.wav,4.999,256000,PAHE.zip
PAHE,PAHE-28621807.wav,6.0,384000,PAHE.zip
PAHE,PAHE-53279455.wav,4.998976,500000,PAHE.zip
PAHE,PAHE-29873216.wav,5.004,192000,PAHE.zip
PAHE,PAHE-12632362.wav,4.998976,500000,PAHE.zip
PAHE,PAHE-3032795.wav,4.999022,500000,PAHE.zip
PAHE,PAHE-2227626.wav,6.0,384000,PAHE.zip
PAHE,PAHE-29822346.wav,5.0,192000,PAHE.zip
PAHE,PAHE-13484364.wav,4.998976,500000,PAHE.zip
PAHE,PAHE-28350049.wav,6.0,384000,PAHE.zip
PAHE,PAHE-29657390.wav,4.998666666666667,192000,PAHE.zip
PAHE,PAHE-60353617.wav,6.0,384000,PAHE.zip
PAHE,PAHE-26713629.wav,6.0,384000,PAHE.zip
PAHE,PAHE-60352253.wav,6.0,384000,PAHE.zip
PAHE,PAHE-28536503.wav,6.0,384000,PAHE.zip
PAHE,PAHE-64874952.wav,5.0,500000,PAHE.zip
PAHE,PAHE-28354938.wav,6.0,384000,PAHE.zip
PAHE,PAHE-29876046.wav,5.004,192000,PAHE.zip
PAHE,PAHE-60295572.wav,5.0,500000,PAHE.zip
PAHE,PAHE-29822368.wav,5.0,192000,PAHE.zip
PAHE,PAHE-33845504.wav,6.0,384000,PAHE.zip
PAHE,PAHE-28392826.wav,6.0,384000,PAHE.zip
PAHE,PAHE-703093.wav,6.0,384000,PAHE.zip
PAHE,PAHE-29874193.wav,5.004,192000,PAHE.zip
PAHE,PAHE-28352595.wav,6.0,384000,PAHE.zip
PAHE,PAHE-60295664.wav,5.0,500000,PAHE.zip
PAHE,PAHE-60489053.wav,5.0,500000,PAHE.zip
PAHE,PAHE-64955346.wav,6.0,384000,PAHE.zip
PAHE,PAHE-73642232.wav,4.643,256000,PAHE.zip
PAHE,PAHE-28351074.wav,6.0,384000,PAHE.zip
PAHE,PAHE-53279645.wav,4.998976,500000,PAHE.zip
PAHE,PAHE-28558560.wav,6.0,384000,PAHE.zip
PAHE,PAHE-60295438.wav,5.0,500000,PAHE.zip
PAHE,PAHE-54310818.wav,5.237333333333333,384000,PAHE.zip
PAHE,PAHE-31616291.wav,2.99992,500000,PAHE.zip
PAHE,PAHE-5649.wav,6.0,384000,PAHE.zip
PAHE,PAHE-13600389.wav,4.998976,500000,PAHE.zip
PAHE,PAHE-29872811.wav,5.004,192000,PAHE.zip
PAHE,PAHE-1984525.wav,6.0,384000,PAHE.zip
PAHE,PAHE-29874206.wav,5.004,192000,PAHE.zip
PAHE,PAHE-54322325.wav,6.0,384000,PAHE.zip
PAHE,PAHE-1985972.wav,6.0,384000,PAHE.zip
PAHE,PAHE-1984488.wav,6.0,384000,PAHE.zip
PAHE,PAHE-13315716.wav,4.998976,500000,PAHE.zip
PAHE,PAHE-60295642.wav,5.0,500000,PAHE.zip
PAHE,PAHE-185901.wav,7.25,256000,PAHE.zip
PAHE,PAHE-29821336.wav,5.0,192000,PAHE.zip
PAHE,PAHE-29821286.wav,5.0,192000,PAHE.zip
PAHE,PAHE-73640104.wav,5.0,256000,PAHE.zip
PAHE,PAHE-64862086.wav,5.0,500000,PAHE.zip
PAHE,PAHE-28367083.wav,6.0,384000,PAHE.zip
PAHE,PAHE-28595817.wav,6.0,384000,PAHE.zip
PAHE,PAHE-29633686.wav,4.492,384000,PAHE.zip
PAHE,PAHE-60352054.wav,6.0,384000,PAHE.zip
PAHE,PAHE-28581357.wav,6.0,384000,PAHE.zip
PAHE,PAHE-64895410.wav,5.0,500000,PAHE.zip
PAHE,PAHE-29822366.wav,5.0,192000,PAHE.zip
PAHE,PAHE-1333991.wav,3.816,256000,PAHE.zip
PAHE,PAHE-60289400.wav,6.0,384000,PAHE.zip
PAHE,PAHE-26711219.wav,6.0,384000,PAHE.zip
PAHE,PAHE-64955673.wav,6.0,384000,PAHE.zip
PAHE,PAHE-3052282.wav,2.999022,500000,PAHE.zip
PAHE,PAHE-64872837.wav,3.0,500000,PAHE.zip
PAHE,PAHE-60295457.wav,3.0,500000,PAHE.zip
PAHE,PAHE-60295412.wav,3.0,500000,PAHE.zip
PAHE,PAHE-28443039.wav,4.998666666666667,192000,PAHE.zip
PAHE,PAHE-60353184.wav,6.0,384000,PAHE.zip
PAHE,PAHE-60295361.wav,3.0,500000,PAHE.zip
PAHE,PAHE-28300839.wav,5.0,192000,PAHE.zip
PAHE,PAHE-33846242.wav,6.0,384000,PAHE.zip
PAHE,PAHE-31640569.wav,2.99992,500000,PAHE.zip
PAHE,PAHE-73639886.wav,5.0,256000,PAHE.zip
PAHE,PAHE-60354067.wav,6.0,384000,PAHE.zip
PAHE,PAHE-26712161.wav,6.0,384000,PAHE.zip
PAHE,PAHE-1360649.wav,4.99837,300000,PAHE.zip
PAHE,PAHE-64956080.wav,6.0,384000,PAHE.zip
PAHE,PAHE-28342193.wav,6.0,384000,PAHE.zip
PAHE,PAHE-29821502.wav,5.0,192000,PAHE.zip
PAHE,PAHE-28443102.wav,4.998666666666667,192000,PAHE.zip
PAHE,PAHE-28442041.wav,4.998666666666667,192000,PAHE.zip
PAHE,PAHE-32906250.wav,5.472,256000,PAHE.zip
PAHE,PAHE-29672549.wav,4.998666666666667,192000,PAHE.zip
PAHE,PAHE-73513473.wav,5.0,256000,PAHE.zip
PAHE,PAHE-1985974.wav,6.0,384000,PAHE.zip
PAHE,PAHE-64862085.wav,5.0,500000,PAHE.zip
PAHE,PAHE-28992975.wav,3.2826666666666666,192000,PAHE.zip
PAHE,PAHE-1509336.wav,4.99837,300000,PAHE.zip
PAHE,PAHE-29632920.wav,5.38,384000,PAHE.zip
PAHE,PAHE-28369931.wav,6.0,384000,PAHE.zip
PAHE,PAHE-29841060.wav,5.004,192000,PAHE.zip
PAHE,PAHE-54310820.wav,3.8733333333333335,384000,PAHE.zip
PAHE,PAHE-2866544.wav,2.999022,500000,PAHE.zip
PAHE,PAHE-28443058.wav,4.998666666666667,192000,PAHE.zip
PAHE,PAHE-28367085.wav,6.0,384000,PAHE.zip
PAHE,PAHE-33845538.wav,5.988,384000,PAHE.zip
PAHE,PAHE-28344870.wav,6.0,384000,PAHE.zip
PAHE,PAHE-28336197.wav,6.0,384000,PAHE.zip
PAHE,PAHE-29395580.wav,5.0,192000,PAHE.zip
PAHE,PAHE-28270460.wav,6.0,384000,PAHE.zip
PAHE,PAHE-29824960.wav,5.0,192000,PAHE.zip
PAHE,PAHE-12631551.wav,4.998976,500000,PAHE.zip
PAHE,PAHE-28443101.wav,4.998666666666667,192000,PAHE.zip
PAHE,PAHE-54311242.wav,4.8613333333333335,384000,PAHE.zip
PAHE,PAHE-28276549.wav,5.004,192000,PAHE.zip
PAHE,PAHE-73642049.wav,4.999,256000,PAHE.zip
PAHE,PAHE-54320153.wav,6.0,384000,PAHE.zip
PAHE,PAHE-73511238.wav,5.0,256000,PAHE.zip
PAHE,PAHE-32910694.wav,6.292,256000,PAHE.zip
PAHE,PAHE-14715.wav,6.0,384000,PAHE.zip
PAHE,PAHE-29874103.wav,5.004,192000,PAHE.zip
PAHE,PAHE-64957525.wav,5.0,500000,PAHE.zip
PAHE,PAHE-64955344.wav,6.0,384000,PAHE.zip
PAHE,PAHE-2807969.wav,4.999022,500000,PAHE.zip
PAHE,PAHE-64950874.wav,6.0,384000,PAHE.zip
PAHE,PAHE-60295713.wav,5.0,500000,PAHE.zip
PAHE,PAHE-1510775.wav,4.99837,300000,PAHE.zip
PAHE,PAHE-64897888.wav,5.0,500000,PAHE.zip
PAHE,PAHE-29873247.wav,4.0958854166666665,192000,PAHE.zip
PAHE,PAHE-53279185.wav,4.998976,500000,PAHE.zip
PAHE,PAHE-64951892.wav,6.0,384000,PAHE.zip
PAHE,PAHE-64874488.wav,5.0,500000,PAHE.zip
PAHE,PAHE-189201.wav,6.012,256000,PAHE.zip
PAHE,PAHE-28350632.wav,6.0,384000,PAHE.zip
PAHE,PAHE-60295534.wav,5.0,500000,PAHE.zip
PAHE,PAHE-29875639.wav,5.004,192000,PAHE.zip
PAHE,PAHE-29822331.wav,5.0,192000,PAHE.zip
PAHE,PAHE-2853801.wav,2.999022,500000,PAHE.zip
PAHE,PAHE-28601333.wav,6.0,384000,PAHE.zip
PAHE,PAHE-29449091.wav,2.2586666666666666,192000,PAHE.zip
PAHE,PAHE-4113539.wav,4.998976,500000,PAHE.zip
PAHE,PAHE-1986964.wav,6.0,384000,PAHE.zip
PAHE,PAHE-29876045.wav,5.004,192000,PAHE.zip
PAHE,PAHE-28353902.wav,6.0,384000,PAHE.zip
PAHE,PAHE-64873736.wav,5.0,500000,PAHE.zip
PAHE,PAHE-29841152.wav,4.142666666666667,192000,PAHE.zip
PAHE,PAHE-1325475.wav,6.278,256000,PAHE.zip
PAHE,PAHE-12486158.wav,4.998976,500000,PAHE.zip
PAHE,PAHE-29788721.wav,2.62,192000,PAHE.zip
PAHE,PAHE-32908517.wav,6.317,256000,PAHE.zip
PAHE,PAHE-73642284.wav,4.999,256000,PAHE.zip
PAHE,PAHE-29831544.wav,5.0,192000,PAHE.zip
PAHE,PAHE-60295464.wav,5.0,500000,PAHE.zip
PAHE,PAHE-60295550.wav,5.0,500000,PAHE.zip
PAHE,PAHE-73640082.wav,5.0,256000,PAHE.zip
PAHE,PAHE-33641041.wav,6.0,384000,PAHE.zip
PAHE,PAHE-60295680.wav,5.0,500000,PAHE.zip
PAHE,PAHE-32910695.wav,6.676,256000,PAHE.zip
PAHE,PAHE-28273004.wav,5.9013333333333335,384000,PAHE.zip
PAHE,PAHE-1508785.wav,4.99837,300000,PAHE.zip
PAHE,PAHE-64874265.wav,5.0,500000,PAHE.zip
PAHE,PAHE-28443107.wav,4.998666666666667,192000,PAHE.zip
PAHE,PAHE-64872940.wav,5.0,500000,PAHE.zip
PAHE,PAHE-32903586.wav,7.644,256000,PAHE.zip
PAHE,PAHE-54322416.wav,6.0,384000,PAHE.zip
PAHE,PAHE-269257.wav,5.164,256000,PAHE.zip
PAHE,PAHE-73511037.wav,5.0,256000,PAHE.zip
PAHE,PAHE-33446920.wav,6.988,256000,PAHE.zip
PAHE,PAHE-29874299.wav,5.004,192000,PAHE.zip
PAHE,PAHE-73642059.wav,4.251,256000,PAHE.zip
PAHE,PAHE-29632351.wav,6.0,384000,PAHE.zip
PAHE,PAHE-73642235.wav,4.999,256000,PAHE.zip
PAHE,PAHE-29873472.wav,5.004,192000,PAHE.zip
PAHE,PAHE-28366620.wav,6.0,384000,PAHE.zip
PAHE,PAHE-28354146.wav,6.0,384000,PAHE.zip
PAHE,PAHE-29872978.wav,4.7785520833333335,192000,PAHE.zip
PAHE,PAHE-28539359.wav,6.0,384000,PAHE.zip
PAHE,PAHE-64897885.wav,5.0,500000,PAHE.zip
PAHE,PAHE-29825599.wav,5.0,192000,PAHE.zip
PAHE,PAHE-29877955.wav,5.004,192000,PAHE.zip
PAHE,PAHE-26712460.wav,6.0,384000,PAHE.zip
PAHE,PAHE-53280518.wav,4.998976,500000,PAHE.zip
PAHE,PAHE-54323073.wav,6.0,384000,PAHE.zip
PAHE,PAHE-29841546.wav,5.004,192000,PAHE.zip
PAHE,PAHE-55323104.wav,6.0,384000,PAHE.zip
PAHE,PAHE-29831533.wav,5.0,192000,PAHE.zip
PAHE,PAHE-64956763.wav,5.0,500000,PAHE.zip
PAHE,PAHE-12632744.wav,4.998976,500000,PAHE.zip
PAHE,PAHE-1985973.wav,6.0,384000,PAHE.zip
PAHE,PAHE-60295577.wav,5.0,500000,PAHE.zip
PAHE,PAHE-3059796.wav,2.999022,500000,PAHE.zip
PAHE,PAHE-64895409.wav,5.0,500000,PAHE.zip
PAHE,PAHE-3776393.wav,6.0,384000,PAHE.zip
PAHE,PAHE-60295596.wav,5.0,500000,PAHE.zip
PAHE,PAHE-60369454.wav,7.388,256000,PAHE.zip
PAHE,PAHE-28982850.wav,4.953333333333333,192000,PAHE.zip
PAHE,PAHE-64957520.wav,5.0,500000,PAHE.zip
PAHE,PAHE-26713428.wav,6.0,384000,PAHE.zip
PAHE,PAHE-33846243.wav,6.0,384000,PAHE.zip
PAHE,PAHE-28410628.wav,6.0,384000,PAHE.zip
PAHE,PAHE-1987039.wav,6.0,384000,PAHE.zip
PAHE,PAHE-33844695.wav,6.0,384000,PAHE.zip
PAHE,PAHE-64875749.wav,5.0,500000,PAHE.zip
PAHE,PAHE-1987028.wav,5.730666666666667,384000,PAHE.zip
PAHE,PAHE-12572129.wav,4.998976,500000,PAHE.zip
PAHE,PAHE-29874770.wav,5.004,192000,PAHE.zip
PAHE,PAHE-2138450.wav,6.0,384000,PAHE.zip
PAHE,PAHE-73608249.wav,5.0,256000,PAHE.zip
PAHE,PAHE-28419308.wav,6.0,384000,PAHE.zip
PAHE,PAHE-28348434.wav,6.0,384000,PAHE.zip
PAHE,PAHE-64874489.wav,5.0,500000,PAHE.zip
PAHE,PAHE-29788722.wav,5.004,192000,PAHE.zip
PAHE,PAHE-29822063.wav,5.0,192000,PAHE.zip
PAHE,PAHE-64875586.wav,5.0,500000,PAHE.zip
PAHE,PAHE-55322889.wav,6.0,384000,PAHE.zip
PAHE,PAHE-64952515.wav,6.0,384000,PAHE.zip
PAHE,PAHE-28442199.wav,4.998666666666667,192000,PAHE.zip
PAHE,PAHE-54310819.wav,5.997333333333334,384000,PAHE.zip
PAHE,PAHE-33845716.wav,6.0,384000,PAHE.zip
PAHE,PAHE-60295493.wav,5.0,500000,PAHE.zip
PAHE,PAHE-54311194.wav,6.0,384000,PAHE.zip
PAHE,PAHE-28351907.wav,6.0,384000,PAHE.zip
PAHE,PAHE-33449479.wav,7.068,256000,PAHE.zip
PAHE,PAHE-54320253.wav,6.0,384000,PAHE.zip
PAHE,PAHE-54322942.wav,5.88,384000,PAHE.zip
PAHE,PAHE-64957521.wav,5.0,500000,PAHE.zip
PAHE,PAHE-26713426.wav,6.0,384000,PAHE.zip
PAHE,PAHE-64951893.wav,6.0,384000,PAHE.zip
PAHE,PAHE-2151424.wav,6.0,384000,PAHE.zip
PAHE,PAHE-73511052.wav,5.0,256000,PAHE.zip
PAHE,PAHE-60489054.wav,5.0,500000,PAHE.zip
PAHE,PAHE-29824280.wav,5.0,192000,PAHE.zip
PAHE,PAHE-33844457.wav,6.0,384000,PAHE.zip
PAHE,PAHE-64861157.wav,5.0,500000,PAHE.zip
PAHE,PAHE-28588774.wav,6.0,384000,PAHE.zip
PAHE,PAHE-29841512.wav,5.004,192000,PAHE.zip
PAHE,PAHE-29414172.wav,5.0,192000,PAHE.zip
PAHE,PAHE-28442912.wav,3.3333333333333335,192000,PAHE.zip
PAHE,PAHE-73642094.wav,4.999,256000,PAHE.zip
PAHE,PAHE-60352055.wav,6.0,384000,PAHE.zip
PAHE,PAHE-73642266.wav,4.999,256000,PAHE.zip
PAHE,PAHE-29875769.wav,4.750666666666667,192000,PAHE.zip
PAHE,PAHE-29829558.wav,5.0,192000,PAHE.zip
PESU,PESU-57387665.wav,0.995292,500000,PESU.zip
PESU,PESU-74015615.wav,7.532,256000,PESU.zip
PESU,PESU-1465431.wav,2.998976,500000,PESU.zip
PESU,PESU-57238157.wav,3.129344,500000,PESU.zip
PESU,PESU-75235141.wav,7.874,256000,PESU.zip
PESU,PESU-57238130.wav,3.176448,500000,PESU.zip
PESU,PESU-57240141.wav,4.483072,500000,PESU.zip
PESU,PESU-1463723.wav,2.998976,500000,PESU.zip
PESU,PESU-2803250.wav,6.374,256000,PESU.zip
PESU,PESU-59541508.wav,2.998976,500000,PESU.zip
PESU,PESU-58767165.wav,4.998976,500000,PESU.zip
PESU,PESU-59545084.wav,4.998976,500000,PESU.zip
PESU,PESU-57387416.wav,0.995292,500000,PESU.zip
PESU,PESU-74016370.wav,5.072,256000,PESU.zip
PESU,PESU-2797329.wav,5.0,256000,PESU.zip
PESU,PESU-58768317.wav,4.998976,500000,PESU.zip
PESU,PESU-74015625.wav,4.27,256000,PESU.zip
PESU,PESU-57237998.wav,6.667264,500000,PESU.zip
PESU,PESU-27141839.wav,2.995292,500000,PESU.zip
PESU,PESU-74014549.wav,3.458,256000,PESU.zip
PESU,PESU-59347785.wav,4.998976,500000,PESU.zip
PESU,PESU-57240166.wav,3.224576,500000,PESU.zip
PESU,PESU-57360651.wav,2.998976,500000,PESU.zip
PESU,PESU-58768618.wav,4.998976,500000,PESU.zip
PESU,PESU-2799956.wav,3.06,256000,PESU.zip
PESU,PESU-63044171.wav,6.758,256000,PESU.zip
PESU,PESU-57231245.wav,6.740992,500000,PESU.zip
PESU,PESU-57363822.wav,2.998976,500000,PESU.zip
PESU,PESU-58024106.wav,6.388,256000,PESU.zip
PESU,PESU-74015619.wav,5.96,256000,PESU.zip
PESU,PESU-57239701.wav,3.67616,500000,PESU.zip
PESU,PESU-74015571.wav,3.914,256000,PESU.zip
PESU,PESU-57387483.wav,0.995292,500000,PESU.zip
PESU,PESU-74014358.wav,4.556,256000,PESU.zip
PESU,PESU-74013907.wav,3.012,256000,PESU.zip
PESU,PESU-57239696.wav,5.696512,500000,PESU.zip
PESU,PESU-58768294.wav,0.523264,500000,PESU.zip
PESU,PESU-57393541.wav,2.995292,500000,PESU.zip
PESU,PESU-74014350.wav,3.066,256000,PESU.zip
PESU,PESU-57176431.wav,4.998976,500000,PESU.zip
PESU,PESU-57239564.wav,6.245376,500000,PESU.zip
PESU,PESU-29971262.wav,5.0,256000,PESU.zip
PESU,PESU-2799450.wav,5.0,256000,PESU.zip
PESU,PESU-63043627.wav,7.224,256000,PESU.zip
PESU,PESU-58221954.wav,4.998976,500000,PESU.zip
PESU,PESU-57395166.wav,2.995292,500000,PESU.zip
PESU,PESU-58221948.wav,4.998976,500000,PESU.zip
PESU,PESU-59543439.wav,2.998976,500000,PESU.zip
PESU,PESU-74014394.wav,4.648,256000,PESU.zip
PESU,PESU-57239709.wav,5.13536,500000,PESU.zip
PESU,PESU-57239725.wav,3.751936,500000,PESU.zip
PESU,PESU-57239560.wav,3.80928,500000,PESU.zip
PESU,PESU-74013989.wav,3.47,256000,PESU.zip
PESU,PESU-58766188.wav,4.998976,500000,PESU.zip
PESU,PESU-34747585.wav,5.0,256000,PESU.zip
PESU,PESU-57228155.wav,4.414464,500000,PESU.zip
PESU,PESU-58025992.wav,4.33,256000,PESU.zip
PESU,PESU-29922830.wav,2.995292,500000,PESU.zip
PESU,PESU-34635501.wav,2.998976,500000,PESU.zip
PESU,PESU-58222804.wav,4.998976,500000,PESU.zip
PESU,PESU-74012719.wav,7.366,256000,PESU.zip
PESU,PESU-74013654.wav,3.638,256000,PESU.zip
PESU,PESU-57395333.wav,2.995292,500000,PESU.zip
PESU,PESU-2797899.wav,5.0,256000,PESU.zip
PESU,PESU-3106733.wav,3.358,256000,PESU.zip
PESU,PESU-74015672.wav,2.006,256000,PESU.zip
PESU,PESU-2798072.wav,5.0,256000,PESU.zip
PESU,PESU-57239698.wav,6.888448,500000,PESU.zip
PESU,PESU-57390449.wav,2.998976,500000,PESU.zip
PESU,PESU-74015761.wav,5.138,256000,PESU.zip
PESU,PESU-74016558.wav,3.634,256000,PESU.zip
PESU,PESU-74014347.wav,5.208,256000,PESU.zip
PESU,PESU-59543760.wav,4.998976,500000,PESU.zip
PESU,PESU-57238001.wav,3.320832,500000,PESU.zip
PESU,PESU-57366900.wav,2.998976,500000,PESU.zip
PESU,PESU-59347780.wav,4.998976,500000,PESU.zip
PESU,PESU-59347853.wav,4.998976,500000,PESU.zip
PESU,PESU-57239481.wav,6.905856,500000,PESU.zip
PESU,PESU-57221580.wav,4.655104,500000,PESU.zip
PESU,PESU-2799121.wav,5.0,256000,PESU.zip
PESU,PESU-74016310.wav,3.398,256000,PESU.zip
PESU,PESU-58221815.wav,4.998976,500000,PESU.zip
PESU,PESU-74015997.wav,4.218,256000,PESU.zip
PESU,PESU-57365746.wav,2.998976,500000,PESU.zip
PESU,PESU-57230773.wav,7.401472,500000,PESU.zip
PESU,PESU-57366898.wav,2.998976,500000,PESU.zip
PESU,PESU-74999441.wav,7.736,256000,PESU.zip
PESU,PESU-74013324.wav,5.996,256000,PESU.zip
PESU,PESU-58768710.wav,4.998976,500000,PESU.zip
PESU,PESU-29971317.wav,5.0,256000,PESU.zip
PESU,PESU-57407934.wav,2.998976,500000,PESU.zip
PESU,PESU-63045570.wav,7.234,256000,PESU.zip
PESU,PESU-29970780.wav,5.0,256000,PESU.zip
PESU,PESU-74014559.wav,6.918,256000,PESU.zip
PESU,PESU-34747587.wav,3.614,256000,PESU.zip
PESU,PESU-53039889.wav,7.70048,500000,PESU.zip
PESU,PESU-74014362.wav,3.542,256000,PESU.zip
PESU,PESU-58221951.wav,4.998976,500000,PESU.zip
PESU,PESU-62890397.wav,4.577,256000,PESU.zip
PESU,PESU-57238154.wav,4.283392,500000,PESU.zip
PESU,PESU-29966959.wav,5.0,256000,PESU.zip
PESU,PESU-56509717.wav,4.534,256000,PESU.zip
PESU,PESU-26623980.wav,6.144,192000,PESU.zip
PESU,PESU-57393170.wav,2.995292,500000,PESU.zip
PESU,PESU-57239580.wav,3.40992,500000,PESU.zip
PESU,PESU-57238126.wav,4.058112,500000,PESU.zip
PESU,PESU-29971378.wav,5.0,256000,PESU.zip
PESU,PESU-74013630.wav,2.464,256000,PESU.zip
PESU,PESU-57172818.wav,4.998976,500000,PESU.zip
PESU,PESU-58768850.wav,4.998976,500000,PESU.zip
PESU,PESU-58222586.wav,4.998976,500000,PESU.zip
PESU,PESU-74014392.wav,2.49,256000,PESU.zip
PESU,PESU-57364672.wav,2.998976,500000,PESU.zip
PESU,PESU-57239547.wav,3.098624,500000,PESU.zip
PESU,PESU-57240052.wav,7.447552,500000,PESU.zip
PESU,PESU-57239841.wav,5.368832,500000,PESU.zip
PESU,PESU-74014050.wav,7.912,256000,PESU.zip
PESU,PESU-2800751.wav,5.0,256000,PESU.zip
PESU,PESU-59543772.wav,4.998976,500000,PESU.zip
PESU,PESU-62890440.wav,7.34,256000,PESU.zip
PESU,PESU-59347779.wav,4.998976,500000,PESU.zip
PESU,PESU-74016399.wav,2.892,256000,PESU.zip
PESU,PESU-63044933.wav,8.055,256000,PESU.zip
PESU,PESU-2797689.wav,5.0,256000,PESU.zip
PESU,PESU-74015999.wav,2.994,256000,PESU.zip
PESU,PESU-29971260.wav,5.0,256000,PESU.zip
PESU,PESU-57239718.wav,4.814848,500000,PESU.zip
PESU,PESU-57172852.wav,4.998976,500000,PESU.zip
PESU,PESU-57239714.wav,5.894144,500000,PESU.zip
PESU,PESU-2798489.wav,5.0,256000,PESU.zip
PESU,PESU-58222449.wav,4.998976,500000,PESU.zip
PESU,PESU-62889891.wav,7.857,256000,PESU.zip
PESU,PESU-2278784.wav,7.096,256000,PESU.zip
PESU,PESU-58766182.wav,4.998976,500000,PESU.zip
PESU,PESU-59544128.wav,4.998976,500000,PESU.zip
PESU,PESU-74014263.wav,2.554,256000,PESU.zip
PESU,PESU-57239887.wav,7.1424,500000,PESU.zip
PESU,PESU-2804509.wav,7.794,256000,PESU.zip
PESU,PESU-74014390.wav,2.126,256000,PESU.zip
PESU,PESU-2955203.wav,4.995072,500000,PESU.zip
PESU,PESU-74014376.wav,2.912,256000,PESU.zip
PESU,PESU-59545035.wav,4.998976,500000,PESU.zip
PESU,PESU-57239879.wav,7.005184,500000,PESU.zip
PESU,PESU-57239700.wav,4.389888,500000,PESU.zip
PESU,PESU-57240094.wav,5.774336,500000,PESU.zip
PESU,PESU-58768851.wav,4.998976,500000,PESU.zip
PESU,PESU-74013200.wav,3.012,256000,PESU.zip
PESU,PESU-57176681.wav,4.998976,500000,PESU.zip
PESU,PESU-74014595.wav,4.5,256000,PESU.zip
PESU,PESU-74013612.wav,4.796,256000,PESU.zip
PESU,PESU-57176434.wav,4.998976,500000,PESU.zip
PESU,PESU-57186450.wav,5.014,256000,PESU.zip
PESU,PESU-3106780.wav,3.33,256000,PESU.zip
PESU,PESU-57387670.wav,0.995292,500000,PESU.zip
PESU,PESU-59347796.wav,4.998976,500000,PESU.zip
PESU,PESU-74014592.wav,3.268,256000,PESU.zip
PESU,PESU-58766189.wav,4.998976,500000,PESU.zip
PESU,PESU-57239589.wav,7.94624,500000,PESU.zip
PESU,PESU-57237267.wav,6.396928,500000,PESU.zip
PESU,PESU-58766266.wav,4.998976,500000,PESU.zip
PESU,PESU-57393972.wav,2.995292,500000,PESU.zip
PESU,PESU-29970782.wav,5.0,256000,PESU.zip
PESU,PESU-57239670.wav,5.163008,500000,PESU.zip
PESU,PESU-61457523.wav,5.712,256000,PESU.zip
PESU,PESU-57239550.wav,5.72416,500000,PESU.zip
PESU,PESU-74014401.wav,2.454,256000,PESU.zip
PESU,PESU-29970516.wav,5.0,256000,PESU.zip
PESU,PESU-58025452.wav,2.796,256000,PESU.zip
PESU,PESU-59543759.wav,4.998976,500000,PESU.zip
PESU,PESU-58221943.wav,4.998976,500000,PESU.zip
PESU,PESU-57360659.wav,2.998976,500000,PESU.zip
PESU,PESU-58221944.wav,4.998976,500000,PESU.zip
PESU,PESU-57238099.wav,4.901888,500000,PESU.zip
PESU,PESU-58768716.wav,4.998976,500000,PESU.zip
PESU,PESU-63044297.wav,7.888,256000,PESU.zip
PESU,PESU-74015644.wav,7.52,256000,PESU.zip
PESU,PESU-57387463.wav,0.995292,500000,PESU.zip
PESU,PESU-59347865.wav,4.998976,500000,PESU.zip
PESU,PESU-57239766.wav,3.739648,500000,PESU.zip
PESU,PESU-57360597.wav,2.998976,500000,PESU.zip
PESU,PESU-57239588.wav,6.178816,500000,PESU.zip
PESU,PESU-74014710.wav,5.408,256000,PESU.zip
PESU,PESU-74015738.wav,4.218,256000,PESU.zip
PESU,PESU-58221949.wav,4.998976,500000,PESU.zip
PESU,PESU-59347859.wav,4.998976,500000,PESU.zip
PESU,PESU-34595830.wav,4.998976,500000,PESU.zip
PESU,PESU-2798101.wav,4.296,256000,PESU.zip
PESU,PESU-57239577.wav,4.146176,500000,PESU.zip
PESU,PESU-2892217.wav,4.995072,500000,PESU.zip
PESU,PESU-29922801.wav,2.995292,500000,PESU.zip
PESU,PESU-3172060.wav,3.146,256000,PESU.zip
PESU,PESU-57240172.wav,3.136512,500000,PESU.zip
PESU,PESU-59545617.wav,4.998976,500000,PESU.zip
PESU,PESU-63044700.wav,5.369,256000,PESU.zip
PESU,PESU-57255494.wav,6.728,256000,PESU.zip
PESU,PESU-74015671.wav,2.504,256000,PESU.zip
PESU,PESU-59347716.wav,4.998976,500000,PESU.zip
PESU,PESU-57239741.wav,4.958208,500000,PESU.zip
PESU,PESU-58221953.wav,4.998976,500000,PESU.zip
PESU,PESU-57239888.wav,4.48,500000,PESU.zip
PESU,PESU-2798547.wav,5.0,256000,PESU.zip
PESU,PESU-57240151.wav,4.691968,500000,PESU.zip
PESU,PESU-74015667.wav,3.828,256000,PESU.zip
PESU,PESU-57239889.wav,5.753856,500000,PESU.zip
PESU,PESU-74013757.wav,6.554,256000,PESU.zip
PESU,PESU-74014346.wav,2.94,256000,PESU.zip
PESU,PESU-62802672.wav,3.602,256000,PESU.zip
PESU,PESU-58768493.wav,2.643142,500000,PESU.zip
PESU,PESU-57239900.wav,3.172352,500000,PESU.zip
PESU,PESU-57240090.wav,5.159936,500000,PESU.zip
PESU,PESU-58768622.wav,2.037592,500000,PESU.zip
PESU,PESU-58025535.wav,2.978,256000,PESU.zip
PESU,PESU-74013762.wav,7.224,256000,PESU.zip
PESU,PESU-57239669.wav,4.936704,500000,PESU.zip
PESU,PESU-59347860.wav,4.998976,500000,PESU.zip
PESU,PESU-74015622.wav,4.744,256000,PESU.zip
PESU,PESU-2800796.wav,5.0,256000,PESU.zip
PESU,PESU-57172202.wav,4.998976,500000,PESU.zip
PESU,PESU-57239688.wav,6.203392,500000,PESU.zip
PESU,PESU-57369330.wav,2.998976,500000,PESU.zip
PESU,PESU-29933772.wav,4.29,256000,PESU.zip
PESU,PESU-57387471.wav,0.995292,500000,PESU.zip
PESU,PESU-2795087.wav,5.0,256000,PESU.zip
PESU,PESU-29949942.wav,6.17,256000,PESU.zip
PESU,PESU-29930729.wav,7.018,256000,PESU.zip
PESU,PESU-29933871.wav,6.302,256000,PESU.zip
PESU,PESU-74014572.wav,2.176,256000,PESU.zip
PESU,PESU-1500265.wav,2.998976,500000,PESU.zip
PESU,PESU-57239893.wav,7.839744,500000,PESU.zip
PESU,PESU-74014061.wav,3.038,256000,PESU.zip
PESU,PESU-58766181.wav,4.998976,500000,PESU.zip
PESU,PESU-3107774.wav,3.016,256000,PESU.zip
PESU,PESU-57239730.wav,4.566016,500000,PESU.zip
PESU,PESU-57363821.wav,2.998976,500000,PESU.zip
PESU,PESU-57393925.wav,2.995292,500000,PESU.zip
PESU,PESU-74012997.wav,4.874,256000,PESU.zip
PESU,PESU-63044690.wav,6.314,256000,PESU.zip
PESU,PESU-57393730.wav,2.995292,500000,PESU.zip
PESU,PESU-57386052.wav,0.995292,500000,PESU.zip
PESU,PESU-63044695.wav,7.11,256000,PESU.zip
PESU,PESU-57237426.wav,7.63392,500000,PESU.zip
PESU,PESU-59347863.wav,4.998976,500000,PESU.zip
PESU,PESU-74015857.wav,5.084,256000,PESU.zip
PESU,PESU-2799001.wav,5.0,256000,PESU.zip
PESU,PESU-74014544.wav,6.766,256000,PESU.zip
PESU,PESU-59347867.wav,4.998976,500000,PESU.zip
PESU,PESU-74012766.wav,8.016,256000,PESU.zip
PESU,PESU-57394020.wav,2.995292,500000,PESU.zip
PESU,PESU-2804165.wav,5.566,256000,PESU.zip
PESU,PESU-74911743.wav,6.93,256000,PESU.zip
PESU,PESU-2800367.wav,5.0,256000,PESU.zip
PESU,PESU-57239723.wav,3.710976,500000,PESU.zip
PESU,PESU-74014507.wav,7.074,256000,PESU.zip
PESU,PESU-74012852.wav,4.688,256000,PESU.zip
PESU,PESU-35018484.wav,2.998976,500000,PESU.zip
PESU,PESU-2800745.wav,5.0,256000,PESU.zip
PESU,PESU-58222012.wav,4.998976,500000,PESU.zip
PESU,PESU-56346245.wav,5.388,256000,PESU.zip
PESU,PESU-57394832.wav,2.995292,500000,PESU.zip
PESU,PESU-58221765.wav,4.998976,500000,PESU.zip
PESU,PESU-74016533.wav,6.8,256000,PESU.zip
PESU,PESU-58768619.wav,4.998976,500000,PESU.zip
PESU,PESU-2798301.wav,5.0,256000,PESU.zip
PESU,PESU-58222453.wav,4.998976,500000,PESU.zip
PESU,PESU-59347778.wav,4.998976,500000,PESU.zip
PESU,PESU-57240191.wav,3.473408,500000,PESU.zip
PESU,PESU-74014556.wav,2.782,256000,PESU.zip
PESU,PESU-57239591.wav,6.276096,500000,PESU.zip
PESU,PESU-57239912.wav,3.786752,500000,PESU.zip
PESU,PESU-74016568.wav,2.12,256000,PESU.zip
PESU,PESU-57239592.wav,3.561472,500000,PESU.zip
PESU,PESU-58221946.wav,4.998976,500000,PESU.zip
PESU,PESU-74014370.wav,5.3,256000,PESU.zip
PESU,PESU-57240143.wav,3.448832,500000,PESU.zip
PESU,PESU-57387588.wav,0.995292,500000,PESU.zip
PESU,PESU-2798263.wav,5.0,256000,PESU.zip
PESU,PESU-2798090.wav,5.0,256000,PESU.zip
PESU,PESU-74013053.wav,3.182,256000,PESU.zip
PESU,PESU-58733675.wav,3.945,256000,PESU.zip
PESU,PESU-58222003.wav,4.998976,500000,PESU.zip
PESU,PESU-57240188.wav,4.629504,500000,PESU.zip
PESU,PESU-1498453.wav,2.998976,500000,PESU.zip
PESU,PESU-57239840.wav,4.924416,500000,PESU.zip
PESU,PESU-59347793.wav,4.998976,500000,PESU.zip
PESU,PESU-29971379.wav,5.0,256000,PESU.zip
PESU,PESU-74014356.wav,2.96,256000,PESU.zip
PESU,PESU-57240209.wav,5.102592,500000,PESU.zip
PESU,PESU-29970937.wav,5.0,256000,PESU.zip
PESU,PESU-59347861.wav,4.998976,500000,PESU.zip
PESU,PESU-57369546.wav,2.998976,500000,PESU.zip
PESU,PESU-36328279.wav,2.998976,500000,PESU.zip
PESU,PESU-57239585.wav,7.273472,500000,PESU.zip
PESU,PESU-2800368.wav,3.114,256000,PESU.zip
PESU,PESU-57239707.wav,3.188736,500000,PESU.zip
PESU,PESU-58222004.wav,4.998976,500000,PESU.zip
PESU,PESU-74014352.wav,6.356,256000,PESU.zip
PESU,PESU-29970936.wav,5.0,256000,PESU.zip
PESU,PESU-57240058.wav,3.361792,500000,PESU.zip
PESU,PESU-59347790.wav,4.998976,500000,PESU.zip
PESU,PESU-57239551.wav,5.518336,500000,PESU.zip
PESU,PESU-57237704.wav,5.70368,500000,PESU.zip
PESU,PESU-57239557.wav,3.236864,500000,PESU.zip
PESU,PESU-57239890.wav,4.447232,500000,PESU.zip
PESU,PESU-74014738.wav,3.21,256000,PESU.zip
PESU,PESU-29971318.wav,5.0,256000,PESU.zip
PESU,PESU-57239891.wav,6.617088,500000,PESU.zip
PESU,PESU-57240153.wav,4.022272,500000,PESU.zip
PESU,PESU-29965737.wav,4.744,256000,PESU.zip
PESU,PESU-3106457.wav,7.076,256000,PESU.zip
PESU,PESU-57393522.wav,2.995292,500000,PESU.zip
PESU,PESU-59347784.wav,4.998976,500000,PESU.zip
PESU,PESU-59347514.wav,4.998976,500000,PESU.zip
PESU,PESU-57239733.wav,5.328896,500000,PESU.zip
PESU,PESU-74013661.wav,5.864,256000,PESU.zip
PESU,PESU-58222937.wav,4.998976,500000,PESU.zip
PESU,PESU-74015618.wav,4.768,256000,PESU.zip
PESU,PESU-57239734.wav,3.166208,500000,PESU.zip
PESU,PESU-2895131.wav,4.995072,500000,PESU.zip
PESU,PESU-2935035.wav,4.995072,500000,PESU.zip
PESU,PESU-59543933.wav,4.998976,500000,PESU.zip
PESU,PESU-32997689.wav,2.998976,500000,PESU.zip
PESU,PESU-74014385.wav,4.784,256000,PESU.zip
PESU,PESU-59347854.wav,4.998976,500000,PESU.zip
PESU,PESU-3113898.wav,3.72,256000,PESU.zip
PESU,PESU-57240204.wav,4.153344,500000,PESU.zip
PESU,PESU-74014391.wav,2.238,256000,PESU.zip
PESU,PESU-57239765.wav,5.849088,500000,PESU.zip
PESU,PESU-59347792.wav,4.998976,500000,PESU.zip
PESU,PESU-29971261.wav,4.85,256000,PESU.zip
PESU,PESU-57363823.wav,2.998976,500000,PESU.zip
PESU,PESU-57240212.wav,5.776384,500000,PESU.zip
PESU,PESU-57393927.wav,2.995292,500000,PESU.zip
PESU,PESU-2953488.wav,4.995072,500000,PESU.zip
PESU,PESU-2798815.wav,5.0,256000,PESU.zip
PESU,PESU-2795166.wav,2.57,256000,PESU.zip
PESU,PESU-29971191.wav,5.0,256000,PESU.zip
PESU,PESU-58766180.wav,4.998976,500000,PESU.zip
PESU,PESU-57366901.wav,2.998976,500000,PESU.zip
PESU,PESU-2800564.wav,5.0,256000,PESU.zip
PESU,PESU-74014349.wav,5.088,256000,PESU.zip
PESU,PESU-57238338.wav,5.198848,500000,PESU.zip
PESU,PESU-57360596.wav,2.998976,500000,PESU.zip
PESU,PESU-58221803.wav,4.998976,500000,PESU.zip
PESU,PESU-74012772.wav,2.484,256000,PESU.zip
PESU,PESU-57223100.wav,5.5552,500000,PESU.zip
PESU,PESU-57239727.wav,6.946816,500000,PESU.zip
PESU,PESU-34123368.wav,4.998976,500000,PESU.zip
PESU,PESU-57386128.wav,0.995292,500000,PESU.zip
PESU,PESU-57393434.wav,2.995292,500000,PESU.zip
PESU,PESU-32995900.wav,2.998976,500000,PESU.zip
PESU,PESU-57256548.wav,7.86,256000,PESU.zip
PESU,PESU-59543440.wav,2.998976,500000,PESU.zip
PESU,PESU-74015665.wav,3.434,256000,PESU.zip
PESU,PESU-2886310.wav,4.995072,500000,PESU.zip
PESU,PESU-1463028.wav,2.998976,500000,PESU.zip
PESU,PESU-57393373.wav,2.995292,500000,PESU.zip
PESU,PESU-74012720.wav,3.53,256000,PESU.zip
PESU,PESU-29970517.wav,5.0,256000,PESU.zip
PESU,PESU-75169129.wav,7.022,256000,PESU.zip
PESU,PESU-57176678.wav,4.998976,500000,PESU.zip
PESU,PESU-59541445.wav,2.998976,500000,PESU.zip
PESU,PESU-2799997.wav,5.0,256000,PESU.zip
PESU,PESU-57239674.wav,3.472384,500000,PESU.zip
PESU,PESU-58024657.wav,7.368,256000,PESU.zip
PESU,PESU-58768625.wav,4.998976,500000,PESU.zip
PESU,PESU-59347862.wav,4.998976,500000,PESU.zip
PESU,PESU-57395163.wav,2.995292,500000,PESU.zip
PESU,PESU-74014335.wav,3.168,256000,PESU.zip
PESU,PESU-57239483.wav,4.870144,500000,PESU.zip
PESU,PESU-56338444.wav,3.428,256000,PESU.zip
PESU,PESU-2803507.wav,7.296,256000,PESU.zip
PESU,PESU-57237983.wav,4.420608,500000,PESU.zip
PESU,PESU-57171453.wav,2.998976,500000,PESU.zip
PESU,PESU-59543762.wav,4.998976,500000,PESU.zip
PESU,PESU-57173053.wav,4.998976,500000,PESU.zip
PESU,PESU-74015669.wav,3.372,256000,PESU.zip
PESU,PESU-29971381.wav,4.124,256000,PESU.zip
PESU,PESU-3106963.wav,5.346,256000,PESU.zip
PESU,PESU-59545598.wav,4.998976,500000,PESU.zip
PESU,PESU-74014374.wav,3.968,256000,PESU.zip
PESU,PESU-57239855.wav,7.443456,500000,PESU.zip
PESU,PESU-27070130.wav,2.995292,500000,PESU.zip
PESU,PESU-2798812.wav,5.0,256000,PESU.zip
PESU,PESU-74012673.wav,6.822,256000,PESU.zip
PESU,PESU-57240170.wav,3.531776,500000,PESU.zip
PESU,PESU-2800290.wav,5.0,256000,PESU.zip
PESU,PESU-74014395.wav,5.754,256000,PESU.zip
PESU,PESU-27070182.wav,2.995292,500000,PESU.zip
PESU,PESU-57239612.wav,6.85568,500000,PESU.zip
PESU,PESU-2796768.wav,5.0,256000,PESU.zip
PESU,PESU-57239645.wav,4.164608,500000,PESU.zip
PESU,PESU-74014664.wav,3.23,256000,PESU.zip
PESU,PESU-57390954.wav,2.998976,500000,PESU.zip
PESU,PESU-2797851.wav,5.0,256000,PESU.zip
PESU,PESU-57239692.wav,8.022016,500000,PESU.zip
PESU,PESU-57394841.wav,2.995292,500000,PESU.zip
PESU,PESU-57239691.wav,4.369408,500000,PESU.zip
PESU,PESU-74012826.wav,6.646,256000,PESU.zip
PESU,PESU-58222448.wav,4.998976,500000,PESU.zip
PESU,PESU-2955470.wav,4.995072,500000,PESU.zip
PESU,PESU-74015658.wav,2.116,256000,PESU.zip
PESU,PESU-57240144.wav,3.6608,500000,PESU.zip
PESU,PESU-26949150.wav,2.998976,500000,PESU.zip
PESU,PESU-59347795.wav,4.998976,500000,PESU.zip
PESU,PESU-58221952.wav,4.998976,500000,PESU.zip
PESU,PESU-57239894.wav,3.237888,500000,PESU.zip
PESU,PESU-57239897.wav,5.363712,500000,PESU.zip
PESU,PESU-74014062.wav,6.536,256000,PESU.zip
PESU,PESU-29971346.wav,5.0,256000,PESU.zip
PESU,PESU-2800541.wav,5.0,256000,PESU.zip
PESU,PESU-57394620.wav,2.995292,500000,PESU.zip
PESU,PESU-57395327.wav,2.995292,500000,PESU.zip
PESU,PESU-57239594.wav,4.78208,500000,PESU.zip
PESU,PESU-57239626.wav,5.87776,500000,PESU.zip
PESU,PESU-57392981.wav,2.995292,500000,PESU.zip
PESU,PESU-74015638.wav,3.146,256000,PESU.zip
PESU,PESU-56725420.wav,2.54,256000,PESU.zip
PESU,PESU-58222006.wav,4.998976,500000,PESU.zip
PESU,PESU-58768318.wav,4.998976,500000,PESU.zip
PESU,PESU-29970935.wav,5.0,256000,PESU.zip
PESU,PESU-57239833.wav,5.351424,500000,PESU.zip
PESU,PESU-29934008.wav,6.084,256000,PESU.zip
PESU,PESU-74012791.wav,6.812,256000,PESU.zip
PESU,PESU-35018451.wav,2.998976,500000,PESU.zip
PESU,PESU-57239689.wav,5.426176,500000,PESU.zip
PESU,PESU-58222016.wav,4.998976,500000,PESU.zip
PESU,PESU-74013517.wav,3.876,256000,PESU.zip
PESU,PESU-57239673.wav,4.248576,500000,PESU.zip
PESU,PESU-57387486.wav,0.995292,500000,PESU.zip
PESU,PESU-29971192.wav,5.0,256000,PESU.zip
PESU,PESU-57176377.wav,4.998976,500000,PESU.zip
PESU,PESU-57239563.wav,6.140928,500000,PESU.zip
PESU,PESU-3106549.wav,3.934,256000,PESU.zip
PESU,PESU-57238125.wav,6.05184,500000,PESU.zip
PESU,PESU-57240137.wav,4.277248,500000,PESU.zip
PESU,PESU-74014194.wav,3.222,256000,PESU.zip
PESU,PESU-2797277.wav,5.0,256000,PESU.zip
PESU,PESU-57394619.wav,2.995292,500000,PESU.zip
PESU,PESU-57240178.wav,3.96288,500000,PESU.zip
PESU,PESU-2947727.wav,4.995072,500000,PESU.zip
PESU,PESU-57237427.wav,4.417536,500000,PESU.zip
PESU,PESU-2799698.wav,5.0,256000,PESU.zip
PESU,PESU-74014393.wav,7.7,256000,PESU.zip
PESU,PESU-57239884.wav,3.795968,500000,PESU.zip
PESU,PESU-74014257.wav,3.464,256000,PESU.zip
PESU,PESU-57239843.wav,4.9664,500000,PESU.zip
PESU,PESU-62890043.wav,4.209,256000,PESU.zip
PESU,PESU-74014706.wav,6.748,256000,PESU.zip
PESU,PESU-74014613.wav,6.78,256000,PESU.zip
PESU,PESU-63045298.wav,3.523,256000,PESU.zip
PESU,PESU-57239679.wav,6.617088,500000,PESU.zip
PESU,PESU-74113567.wav,2.754,256000,PESU.zip
PESU,PESU-74015992.wav,7.87,256000,PESU.zip
PESU,PESU-58024603.wav,7.962,256000,PESU.zip
PESU,PESU-34089137.wav,5.023,256000,PESU.zip
PESU,PESU-57238958.wav,3.366912,500000,PESU.zip
PESU,PESU-59543406.wav,2.998976,500000,PESU.zip
PESU,PESU-63043634.wav,4.875,256000,PESU.zip
PESU,PESU-26624151.wav,6.065333333333333,192000,PESU.zip
PESU,PESU-57239601.wav,6.990848,500000,PESU.zip
PESU,PESU-57387474.wav,0.995292,500000,PESU.zip
PESU,PESU-74015561.wav,4.762,256000,PESU.zip
PESU,PESU-73598079.wav,4.922,256000,PESU.zip
PESU,PESU-57239693.wav,3.065856,500000,PESU.zip
PESU,PESU-57230775.wav,5.220352,500000,PESU.zip
PESU,PESU-57363819.wav,2.998976,500000,PESU.zip
PESU,PESU-57240147.wav,3.13856,500000,PESU.zip
PESU,PESU-27141830.wav,2.995292,500000,PESU.zip
PESU,PESU-2798104.wav,5.0,256000,PESU.zip
PESU,PESU-58767527.wav,0.523264,500000,PESU.zip
PESU,PESU-57231141.wav,3.470336,500000,PESU.zip
PESU,PESU-59543761.wav,4.998976,500000,PESU.zip
PESU,PESU-2800576.wav,5.0,256000,PESU.zip
PESU,PESU-57240070.wav,5.010432,500000,PESU.zip
PESU,PESU-74016000.wav,3.306,256000,PESU.zip
PESU,PESU-59545061.wav,4.998976,500000,PESU.zip
PESU,PESU-57239740.wav,3.899392,500000,PESU.zip
PESU,PESU-58222795.wav,4.998976,500000,PESU.zip
PESU,PESU-59347781.wav,4.998976,500000,PESU.zip
PESU,PESU-2800215.wav,5.0,256000,PESU.zip
PESU,PESU-74014381.wav,4.618,256000,PESU.zip
PESU,PESU-57386129.wav,0.995292,500000,PESU.zip
PESU,PESU-57240165.wav,5.405696,500000,PESU.zip
PESU,PESU-58024120.wav,7.666,256000,PESU.zip
PESU,PESU-57387477.wav,0.995292,500000,PESU.zip
PESU,PESU-74013525.wav,4.292,256000,PESU.zip
PESU,PESU-57239695.wav,4.0704,500000,PESU.zip
PESU,PESU-57393983.wav,2.995292,500000,PESU.zip
PESU,PESU-74015564.wav,6.19,256000,PESU.zip
PESU,PESU-57240176.wav,4.338688,500000,PESU.zip
PESU,PESU-74013523.wav,5.208,256000,PESU.zip
PESU,PESU-57239548.wav,3.468288,500000,PESU.zip
PESU,PESU-57240011.wav,4.335616,500000,PESU.zip
PESU,PESU-74015873.wav,5.584,256000,PESU.zip
PESU,PESU-74013052.wav,2.008,256000,PESU.zip
PESU,PESU-57239653.wav,7.341056,500000,PESU.zip
PESU,PESU-59543744.wav,4.998976,500000,PESU.zip
PESU,PESU-57364818.wav,2.998976,500000,PESU.zip
PESU,PESU-57240077.wav,4.762624,500000,PESU.zip
PESU,PESU-74014483.wav,2.944,256000,PESU.zip
PESU,PESU-57239650.wav,6.177792,500000,PESU.zip
PESU,PESU-57239655.wav,6.4256,500000,PESU.zip
PESU,PESU-26703465.wav,7.56,256000,PESU.zip
PESU,PESU-74014363.wav,6.71,256000,PESU.zip
PESU,PESU-57239566.wav,4.606976,500000,PESU.zip
PESU,PESU-58222451.wav,4.998976,500000,PESU.zip
PESU,PESU-74015852.wav,3.108,256000,PESU.zip
PESU,PESU-74014638.wav,3.264,256000,PESU.zip
PESU,PESU-58221805.wav,4.998976,500000,PESU.zip
PESU,PESU-56509727.wav,3.19,256000,PESU.zip
PESU,PESU-74015662.wav,2.366,256000,PESU.zip
PESU,PESU-57239899.wav,4.061184,500000,PESU.zip
PESU,PESU-1498452.wav,2.998976,500000,PESU.zip
PESU,PESU-3114038.wav,5.184,256000,PESU.zip
PESU,PESU-59541509.wav,2.998976,500000,PESU.zip
PESU,PESU-2797763.wav,5.0,256000,PESU.zip
PESU,PESU-57239622.wav,3.211264,500000,PESU.zip
PESU,PESU-58222908.wav,1.971232,500000,PESU.zip
PESU,PESU-74447217.wav,5.872,256000,PESU.zip
PESU,PESU-74016575.wav,7.138,256000,PESU.zip
PESU,PESU-59347856.wav,4.998976,500000,PESU.zip
PESU,PESU-26613565.wav,7.52,256000,PESU.zip
PESU,PESU-57239643.wav,6.718464,500000,PESU.zip
PESU,PESU-74015649.wav,2.576,256000,PESU.zip
PESU,PESU-74014355.wav,3.9,256000,PESU.zip
PESU,PESU-29949943.wav,5.472,256000,PESU.zip
PESU,PESU-57238548.wav,4.617216,500000,PESU.zip
PESU,PESU-483917.wav,2.998976,500000,PESU.zip
PESU,PESU-58222946.wav,4.998976,500000,PESU.zip
PESU,PESU-57239489.wav,5.178368,500000,PESU.zip
PESU,PESU-62890362.wav,5.495,256000,PESU.zip
PESU,PESU-57240163.wav,3.006464,500000,PESU.zip
PESU,PESU-57369547.wav,2.998976,500000,PESU.zip
PESU,PESU-33590596.wav,5.374,256000,PESU.zip
PESU,PESU-58766184.wav,4.998976,500000,PESU.zip
PESU,PESU-57239595.wav,3.482624,500000,PESU.zip
PESU,PESU-59347864.wav,4.998976,500000,PESU.zip
PESU,PESU-2797441.wav,5.0,256000,PESU.zip
PESU,PESU-29922831.wav,2.995292,500000,PESU.zip
PESU,PESU-57176385.wav,4.998976,500000,PESU.zip
PESU,PESU-2799197.wav,5.0,256000,PESU.zip
PESU,PESU-2796800.wav,5.0,256000,PESU.zip
PESU,PESU-57239713.wav,5.61152,500000,PESU.zip
PESU,PESU-57239475.wav,5.945344,500000,PESU.zip
PESU,PESU-29970781.wav,5.0,256000,PESU.zip
PESU,PESU-74014399.wav,2.45,256000,PESU.zip
PESU,PESU-57395165.wav,2.995292,500000,PESU.zip
PESU,PESU-2936039.wav,4.995072,500000,PESU.zip
PESU,PESU-59347858.wav,4.998976,500000,PESU.zip
PESU,PESU-74015998.wav,3.502,256000,PESU.zip
PESU,PESU-74015866.wav,3.726,256000,PESU.zip
PESU,PESU-56578188.wav,5.218,256000,PESU.zip
PESU,PESU-2797656.wav,4.578,256000,PESU.zip
PESU,PESU-74014332.wav,4.35,256000,PESU.zip
PESU,PESU-2798071.wav,5.0,256000,PESU.zip
PESU,PESU-74016571.wav,4.794,256000,PESU.zip
PESU,PESU-57394348.wav,2.995292,500000,PESU.zip
PESU,PESU-74013662.wav,3.232,256000,PESU.zip
PESU,PESU-74013754.wav,3.328,256000,PESU.zip
PESU,PESU-74015666.wav,3.914,256000,PESU.zip
PESU,PESU-57240164.wav,3.140608,500000,PESU.zip
PESU,PESU-74013759.wav,7.466,256000,PESU.zip
PESU,PESU-57239896.wav,5.884928,500000,PESU.zip
PESU,PESU-59347787.wav,4.998976,500000,PESU.zip
PESU,PESU-57239903.wav,5.945344,500000,PESU.zip
PESU,PESU-57239575.wav,3.951616,500000,PESU.zip
PESU,PESU-57239596.wav,3.9424,500000,PESU.zip
PESU,PESU-74113537.wav,2.474,256000,PESU.zip
PESU,PESU-57387664.wav,0.995292,500000,PESU.zip
PESU,PESU-57239788.wav,4.48,500000,PESU.zip
PESU,PESU-57240171.wav,3.006464,500000,PESU.zip
PESU,PESU-57231133.wav,7.446528,500000,PESU.zip
PESU,PESU-59541702.wav,2.998976,500000,PESU.zip
PESU,PESU-29949941.wav,5.174,256000,PESU.zip
PESU,PESU-57386134.wav,0.995292,500000,PESU.zip
PESU,PESU-74014403.wav,3.27,256000,PESU.zip
PESU,PESU-62890062.wav,7.911,256000,PESU.zip
PESU,PESU-29971348.wav,4.79,256000,PESU.zip
PESU,PESU-74995956.wav,7.966,256000,PESU.zip
PESU,PESU-29971316.wav,5.0,256000,PESU.zip
PESU,PESU-58768626.wav,4.998976,500000,PESU.zip
PESU,PESU-57363820.wav,2.998976,500000,PESU.zip
PESU,PESU-57239820.wav,4.127744,500000,PESU.zip
PESU,PESU-58025559.wav,3.594,256000,PESU.zip
PESU,PESU-63044691.wav,5.591,256000,PESU.zip
PESU,PESU-56515358.wav,3.961856,500000,PESU.zip
PESU,PESU-58222839.wav,4.998976,500000,PESU.zip
PESU,PESU-74013412.wav,3.406,256000,PESU.zip
PESU,PESU-56620855.wav,7.886,256000,PESU.zip
PESU,PESU-1500268.wav,2.998976,500000,PESU.zip
PESU,PESU-62889886.wav,5.581,256000,PESU.zip
PESU,PESU-57394034.wav,2.995292,500000,PESU.zip
PESU,PESU-74013505.wav,7.412,256000,PESU.zip
PESU,PESU-59347789.wav,4.998976,500000,PESU.zip
PESU,PESU-58222840.wav,4.998976,500000,PESU.zip
PESU,PESU-74014739.wav,6.058,256000,PESU.zip
PESU,PESU-57238128.wav,3.11296,500000,PESU.zip
PESU,PESU-57228403.wav,6.458368,500000,PESU.zip
PESU,PESU-36372664.wav,2.956,256000,PESU.zip
PESU,PESU-57240142.wav,3.218432,500000,PESU.zip
PESU,PESU-57239649.wav,4.791296,500000,PESU.zip
PESU,PESU-34095251.wav,4.998976,500000,PESU.zip
PESU,PESU-57395162.wav,2.995292,500000,PESU.zip
PESU,PESU-57186380.wav,3.388,256000,PESU.zip
PESU,PESU-57395334.wav,2.995292,500000,PESU.zip
PESU,PESU-57373437.wav,5.194,256000,PESU.zip
PESU,PESU-74012984.wav,2.962,256000,PESU.zip
PESU,PESU-57239497.wav,3.900416,500000,PESU.zip
PESU,PESU-74015668.wav,3.572,256000,PESU.zip
PESU,PESU-59347851.wav,4.998976,500000,PESU.zip
PESU,PESU-29971347.wav,5.0,256000,PESU.zip
PESU,PESU-59347794.wav,4.998976,500000,PESU.zip
PESU,PESU-29922535.wav,2.995292,500000,PESU.zip
PESU,PESU-2798523.wav,5.0,256000,PESU.zip
PESU,PESU-34090256.wav,6.255,256000,PESU.zip
TABR,TABR-28557856.wav,6.0,384000,TABR.zip
TABR,TABR-63087383.wav,6.0,384000,TABR.zip
TABR,TABR-2536526.wav,6.0,384000,TABR.zip
TABR,TABR-29739133.wav,4.998666666666667,192000,TABR.zip
TABR,TABR-35089347.wav,6.74,256000,TABR.zip
TABR,TABR-60292338.wav,5.0,500000,TABR.zip
TABR,TABR-73550490.wav,3.1146666666666665,192000,TABR.zip
TABR,TABR-63091006.wav,6.0,384000,TABR.zip
TABR,TABR-58055304.wav,6.0,384000,TABR.zip
TABR,TABR-33212907.wav,8.09,256000,TABR.zip
TABR,TABR-53040094.wav,5.946368,500000,TABR.zip
TABR,TABR-29743663.wav,3.0773333333333333,192000,TABR.zip
TABR,TABR-72651985.wav,2.956,256000,TABR.zip
TABR,TABR-28312029.wav,5.0,192000,TABR.zip
TABR,TABR-28468070.wav,5.0,192000,TABR.zip
TABR,TABR-28508529.wav,5.0,192000,TABR.zip
TABR,TABR-29295420.wav,5.004,192000,TABR.zip
TABR,TABR-73617714.wav,5.0,256000,TABR.zip
TABR,TABR-29168044.wav,5.082,256000,TABR.zip
TABR,TABR-28459624.wav,5.0,192000,TABR.zip
TABR,TABR-29149831.wav,7.6,256000,TABR.zip
TABR,TABR-64897909.wav,5.0,500000,TABR.zip
TABR,TABR-60292030.wav,5.0,500000,TABR.zip
TABR,TABR-28481275.wav,5.0,192000,TABR.zip
TABR,TABR-57220495.wav,7.755776,500000,TABR.zip
TABR,TABR-29719700.wav,5.004,192000,TABR.zip
TABR,TABR-73628126.wav,5.0,256000,TABR.zip
TABR,TABR-28468138.wav,5.0,192000,TABR.zip
TABR,TABR-64954970.wav,6.0,384000,TABR.zip
TABR,TABR-53870364.wav,4.998976,500000,TABR.zip
TABR,TABR-29738015.wav,3.616,192000,TABR.zip
TABR,TABR-63086766.wav,6.0,384000,TABR.zip
TABR,TABR-29740866.wav,5.0,192000,TABR.zip
TABR,TABR-64872874.wav,3.0,500000,TABR.zip
TABR,TABR-28461948.wav,5.0,192000,TABR.zip
TABR,TABR-32907331.wav,7.978,256000,TABR.zip
TABR,TABR-56650335.wav,6.0,384000,TABR.zip
TABR,TABR-28460374.wav,5.0,192000,TABR.zip
TABR,TABR-73628061.wav,3.682,256000,TABR.zip
TABR,TABR-35091630.wav,7.482,256000,TABR.zip
TABR,TABR-28528912.wav,5.0,192000,TABR.zip
TABR,TABR-54318932.wav,6.0,384000,TABR.zip
TABR,TABR-73622816.wav,5.0,256000,TABR.zip
TABR,TABR-29873829.wav,5.004,192000,TABR.zip
TABR,TABR-1987342.wav,6.0,384000,TABR.zip
TABR,TABR-29341998.wav,5.0,192000,TABR.zip
TABR,TABR-57382890.wav,4.856832,500000,TABR.zip
TABR,TABR-29719475.wav,4.998666666666667,192000,TABR.zip
TABR,TABR-28478809.wav,5.0,192000,TABR.zip
TABR,TABR-29717942.wav,4.998666666666667,192000,TABR.zip
TABR,TABR-73545850.wav,5.0,256000,TABR.zip
TABR,TABR-12449295.wav,4.998976,500000,TABR.zip
TABR,TABR-2117335.wav,6.0,384000,TABR.zip
TABR,TABR-29874685.wav,5.004,192000,TABR.zip
TABR,TABR-56650965.wav,6.0,384000,TABR.zip
TABR,TABR-28467943.wav,5.0,192000,TABR.zip
TABR,TABR-28479306.wav,5.0,192000,TABR.zip
TABR,TABR-73551326.wav,3.008,256000,TABR.zip
TABR,TABR-73567513.wav,5.004,192000,TABR.zip
TABR,TABR-28295754.wav,4.998666666666667,192000,TABR.zip
TABR,TABR-54309617.wav,6.0,384000,TABR.zip
TABR,TABR-28474912.wav,4.994666666666666,192000,TABR.zip
TABR,TABR-60291543.wav,3.0,500000,TABR.zip
TABR,TABR-29831418.wav,5.0,192000,TABR.zip
TABR,TABR-73426533.wav,5.348,384000,TABR.zip
TABR,TABR-28348879.wav,6.0,384000,TABR.zip
TABR,TABR-28586605.wav,6.0,384000,TABR.zip
TABR,TABR-28508777.wav,5.0,192000,TABR.zip
TABR,TABR-74443655.wav,6.0,384000,TABR.zip
TABR,TABR-28494229.wav,5.0,192000,TABR.zip
TABR,TABR-56515301.wav,4.020224,500000,TABR.zip
TABR,TABR-29868066.wav,4.998666666666667,192000,TABR.zip
TABR,TABR-64866793.wav,5.0,300000,TABR.zip
TABR,TABR-28991902.wav,5.0,192000,TABR.zip
TABR,TABR-29841550.wav,4.562666666666667,192000,TABR.zip
TABR,TABR-73590470.wav,2.834,256000,TABR.zip
TABR,TABR-73545693.wav,5.0,256000,TABR.zip
TABR,TABR-64957721.wav,5.0,500000,TABR.zip
TABR,TABR-28485374.wav,5.0,192000,TABR.zip
TABR,TABR-28441711.wav,4.998666666666667,192000,TABR.zip
TABR,TABR-28446158.wav,5.0,192000,TABR.zip
TABR,TABR-28474910.wav,3.32,192000,TABR.zip
TABR,TABR-29720857.wav,5.0,192000,TABR.zip
TABR,TABR-30430012.wav,6.0,384000,TABR.zip
TABR,TABR-28481340.wav,5.0,192000,TABR.zip
TABR,TABR-63091585.wav,6.0,384000,TABR.zip
TABR,TABR-54323198.wav,6.0,384000,TABR.zip
TABR,TABR-29743970.wav,5.0,192000,TABR.zip
TABR,TABR-29327204.wav,5.0,192000,TABR.zip
TABR,TABR-73426568.wav,6.0,384000,TABR.zip
TABR,TABR-73563778.wav,6.622,256000,TABR.zip
TABR,TABR-28444335.wav,5.0,192000,TABR.zip
TABR,TABR-63088503.wav,6.0,384000,TABR.zip
TABR,TABR-60292042.wav,5.0,500000,TABR.zip
TABR,TABR-60292270.wav,5.0,500000,TABR.zip
TABR,TABR-73563700.wav,5.988,256000,TABR.zip
TABR,TABR-56651030.wav,6.0,384000,TABR.zip
TABR,TABR-64954448.wav,6.0,384000,TABR.zip
TABR,TABR-28445497.wav,5.0,192000,TABR.zip
TABR,TABR-73565152.wav,5.004,192000,TABR.zip
TABR,TABR-56511151.wav,4.852,256000,TABR.zip
TABR,TABR-73426536.wav,6.0,384000,TABR.zip
TABR,TABR-73579720.wav,5.004,192000,TABR.zip
TABR,TABR-28450706.wav,5.0,192000,TABR.zip
TABR,TABR-29768872.wav,5.0,192000,TABR.zip
TABR,TABR-64862087.wav,5.0,500000,TABR.zip
TABR,TABR-73550535.wav,4.146,256000,TABR.zip
TABR,TABR-64872224.wav,5.0,500000,TABR.zip
TABR,TABR-28459283.wav,5.0,192000,TABR.zip
TABR,TABR-2007630.wav,6.0,384000,TABR.zip
TABR,TABR-73622817.wav,5.0,256000,TABR.zip
TABR,TABR-29825185.wav,5.0,192000,TABR.zip
TABR,TABR-33846839.wav,6.0,384000,TABR.zip
TABR,TABR-64872873.wav,3.0,500000,TABR.zip
TABR,TABR-64897709.wav,5.0,500000,TABR.zip
TABR,TABR-28482791.wav,5.0,192000,TABR.zip
TABR,TABR-56617032.wav,4.04,256000,TABR.zip
TABR,TABR-29717533.wav,5.0,192000,TABR.zip
TABR,TABR-60292736.wav,5.0,500000,TABR.zip
TABR,TABR-73541079.wav,4.126,256000,TABR.zip
TABR,TABR-29723077.wav,5.004,192000,TABR.zip
TABR,TABR-64863182.wav,5.0,500000,TABR.zip
TABR,TABR-28396561.wav,6.18,384000,TABR.zip
TABR,TABR-64865038.wav,5.0,500000,TABR.zip
TABR,TABR-73533416.wav,2.788,192000,TABR.zip
TABR,TABR-35091648.wav,7.43,256000,TABR.zip
TABR,TABR-28461233.wav,3.7466666666666666,192000,TABR.zip
TABR,TABR-64894372.wav,5.0,500000,TABR.zip
TABR,TABR-54314747.wav,6.0,384000,TABR.zip
TABR,TABR-64893098.wav,5.0,500000,TABR.zip
TABR,TABR-28441716.wav,4.712,192000,TABR.zip
TABR,TABR-64892293.wav,5.0,500000,TABR.zip
TABR,TABR-28498434.wav,5.0,192000,TABR.zip
TABR,TABR-28462836.wav,5.0,192000,TABR.zip
TABR,TABR-60292496.wav,5.0,500000,TABR.zip
TABR,TABR-28525083.wav,5.0,192000,TABR.zip
TABR,TABR-28524043.wav,5.0,192000,TABR.zip
TABR,TABR-64875356.wav,5.0,500000,TABR.zip
TABR,TABR-28472634.wav,5.0,192000,TABR.zip
TABR,TABR-28539956.wav,6.0,384000,TABR.zip
TABR,TABR-73639495.wav,3.104,256000,TABR.zip
TABR,TABR-28481268.wav,5.0,192000,TABR.zip
TABR,TABR-29841423.wav,5.004,192000,TABR.zip
TABR,TABR-64880916.wav,5.0,500000,TABR.zip
TABR,TABR-28480701.wav,5.0,192000,TABR.zip
TABR,TABR-28270483.wav,6.0,384000,TABR.zip
TABR,TABR-1336306.wav,7.624,256000,TABR.zip
TABR,TABR-28491711.wav,5.0,192000,TABR.zip
TABR,TABR-64957723.wav,5.0,500000,TABR.zip
TABR,TABR-56509716.wav,3.012,256000,TABR.zip
TABR,TABR-28512937.wav,5.0,192000,TABR.zip
TABR,TABR-28447744.wav,5.0,192000,TABR.zip
TABR,TABR-64895510.wav,3.0,500000,TABR.zip
TABR,TABR-33604855.wav,6.0,384000,TABR.zip
TABR,TABR-54426989.wav,6.0,384000,TABR.zip
TABR,TABR-54426991.wav,6.0,384000,TABR.zip
TABR,TABR-28481281.wav,5.0,192000,TABR.zip
TABR,TABR-28444326.wav,5.0,192000,TABR.zip
TABR,TABR-212273.wav,4.998976,500000,TABR.zip
TABR,TABR-63088567.wav,6.0,384000,TABR.zip
TABR,TABR-64873741.wav,5.0,500000,TABR.zip
TABR,TABR-26713986.wav,6.0,384000,TABR.zip
TABR,TABR-28528275.wav,5.0,192000,TABR.zip
TABR,TABR-29718138.wav,4.998666666666667,192000,TABR.zip
TABR,TABR-60488997.wav,5.0,500000,TABR.zip
TABR,TABR-73641101.wav,4.834,256000,TABR.zip
TABR,TABR-28303543.wav,5.0,192000,TABR.zip
TABR,TABR-29717474.wav,5.0,192000,TABR.zip
TABR,TABR-64897934.wav,5.0,500000,TABR.zip
TABR,TABR-28491756.wav,5.0,192000,TABR.zip
TABR,TABR-35093045.wav,3.137,256000,TABR.zip
TABR,TABR-73640010.wav,5.0,256000,TABR.zip
TABR,TABR-35540471.wav,5.422,256000,TABR.zip
TABR,TABR-28478832.wav,5.0,192000,TABR.zip
TABR,TABR-34031714.wav,5.651,256000,TABR.zip
TABR,TABR-28467864.wav,5.0,192000,TABR.zip
TABR,TABR-29724431.wav,5.004,192000,TABR.zip
TABR,TABR-64891056.wav,5.0,500000,TABR.zip
TABR,TABR-29724001.wav,5.004,192000,TABR.zip
TABR,TABR-35091643.wav,5.277,256000,TABR.zip
TABR,TABR-28344125.wav,6.0,384000,TABR.zip
TABR,TABR-54314819.wav,6.0,384000,TABR.zip
TABR,TABR-60351494.wav,5.4093333333333335,384000,TABR.zip
TABR,TABR-28471144.wav,5.0,192000,TABR.zip
TABR,TABR-28485213.wav,5.0,192000,TABR.zip
TABR,TABR-64861160.wav,5.0,500000,TABR.zip
TABR,TABR-64895515.wav,3.0,500000,TABR.zip
TABR,TABR-28529380.wav,3.786666666666666,192000,TABR.zip
TABR,TABR-73592436.wav,5.0,256000,TABR.zip
TABR,TABR-28529348.wav,5.0,192000,TABR.zip
TABR,TABR-32051420.wav,6.0,384000,TABR.zip
TABR,TABR-29717787.wav,4.998666666666667,192000,TABR.zip
TABR,TABR-28318707.wav,5.0,192000,TABR.zip
TABR,TABR-28472664.wav,3.1493333333333333,192000,TABR.zip
TABR,TABR-28485229.wav,5.0,192000,TABR.zip
TABR,TABR-28515162.wav,5.0,192000,TABR.zip
TABR,TABR-64895900.wav,5.0,500000,TABR.zip
TABR,TABR-73596401.wav,6.626,256000,TABR.zip
TABR,TABR-58051372.wav,6.0,384000,TABR.zip
TABR,TABR-28474907.wav,3.1786666666666665,192000,TABR.zip
TABR,TABR-54145207.wav,4.998976,500000,TABR.zip
TABR,TABR-261572.wav,4.796,256000,TABR.zip
TABR,TABR-73580551.wav,5.004,192000,TABR.zip
TABR,TABR-64897940.wav,3.0,500000,TABR.zip
TABR,TABR-28475096.wav,5.0,192000,TABR.zip
TABR,TABR-28475059.wav,3.456,192000,TABR.zip
TABR,TABR-56651033.wav,6.0,384000,TABR.zip
TABR,TABR-64894827.wav,5.0,500000,TABR.zip
TABR,TABR-60292866.wav,5.0,500000,TABR.zip
TABR,TABR-73426605.wav,6.0,384000,TABR.zip
TABR,TABR-29762540.wav,5.004,192000,TABR.zip
TABR,TABR-35541412.wav,6.0,256000,TABR.zip
TABR,TABR-64892724.wav,5.0,500000,TABR.zip
TABR,TABR-28406200.wav,6.0,384000,TABR.zip
TABR,TABR-29295416.wav,5.004,192000,TABR.zip
TABR,TABR-29824179.wav,5.0,192000,TABR.zip
TABR,TABR-57226379.wav,3.002368,500000,TABR.zip
TABR,TABR-57226383.wav,5.914624,500000,TABR.zip
TABR,TABR-28994641.wav,4.998666666666667,192000,TABR.zip
TABR,TABR-2624918.wav,4.998976,500000,TABR.zip
TABR,TABR-28478894.wav,5.0,192000,TABR.zip
TABR,TABR-28995801.wav,5.004,192000,TABR.zip
TABR,TABR-26714444.wav,6.0,384000,TABR.zip
TABR,TABR-64867798.wav,5.0,500000,TABR.zip
TABR,TABR-73426555.wav,6.0,384000,TABR.zip
TABR,TABR-63044985.wav,4.329,256000,TABR.zip
TABR,TABR-60293047.wav,3.0,500000,TABR.zip
TABR,TABR-28526712.wav,5.0,192000,TABR.zip
TABR,TABR-73640919.wav,5.0,256000,TABR.zip
TABR,TABR-29768850.wav,4.256,192000,TABR.zip
TABR,TABR-28472620.wav,5.0,192000,TABR.zip
TABR,TABR-1987891.wav,6.0,384000,TABR.zip
TABR,TABR-64880059.wav,5.0,500000,TABR.zip
TABR,TABR-63043931.wav,4.534,256000,TABR.zip
TABR,TABR-2002465.wav,6.0,384000,TABR.zip
TABR,TABR-73615076.wav,4.85,256000,TABR.zip
TABR,TABR-29719703.wav,5.004,192000,TABR.zip
TABR,TABR-28447424.wav,5.0,192000,TABR.zip
TABR,TABR-75091949.wav,4.23,256000,TABR.zip
TABR,TABR-28481841.wav,5.0,192000,TABR.zip
TABR,TABR-73426504.wav,6.0,384000,TABR.zip
TABR,TABR-28462821.wav,5.0,192000,TABR.zip
TABR,TABR-28538765.wav,6.0,384000,TABR.zip
TABR,TABR-4119580.wav,4.998976,500000,TABR.zip
TABR,TABR-54323233.wav,6.0,384000,TABR.zip
TABR,TABR-73622432.wav,5.0,256000,TABR.zip
TABR,TABR-29718637.wav,4.998666666666667,192000,TABR.zip
TABR,TABR-64862328.wav,5.0,500000,TABR.zip
TABR,TABR-73607666.wav,5.0,256000,TABR.zip
TABR,TABR-64956147.wav,6.0,384000,TABR.zip
TABR,TABR-1986403.wav,6.0,384000,TABR.zip
TABR,TABR-73641990.wav,4.999,256000,TABR.zip
TABR,TABR-64897908.wav,5.0,500000,TABR.zip
TABR,TABR-64890233.wav,5.0,500000,TABR.zip
TABR,TABR-58054171.wav,6.0,384000,TABR.zip
TABR,TABR-64891971.wav,5.0,500000,TABR.zip
TABR,TABR-63043940.wav,3.774,256000,TABR.zip
TABR,TABR-74443559.wav,6.0,384000,TABR.zip
TABR,TABR-29723587.wav,5.004,192000,TABR.zip
TABR,TABR-64880917.wav,5.0,500000,TABR.zip
TABR,TABR-28552482.wav,5.68,384000,TABR.zip
TABR,TABR-28347606.wav,6.0,384000,TABR.zip
TABR,TABR-35541486.wav,4.964,256000,TABR.zip
TABR,TABR-29757719.wav,5.004,192000,TABR.zip
TABR,TABR-28482286.wav,5.0,192000,TABR.zip
TABR,TABR-54322995.wav,6.0,384000,TABR.zip
TABR,TABR-64889308.wav,5.0,500000,TABR.zip
TABR,TABR-73628060.wav,3.442,256000,TABR.zip
TABR,TABR-2138457.wav,6.0,384000,TABR.zip
TABR,TABR-28515974.wav,5.0,192000,TABR.zip
TABR,TABR-28442893.wav,4.998666666666667,192000,TABR.zip
TABR,TABR-73622329.wav,4.974,256000,TABR.zip
TABR,TABR-60352566.wav,6.0,384000,TABR.zip
TABR,TABR-54323232.wav,6.0,384000,TABR.zip
TABR,TABR-73628015.wav,3.236,256000,TABR.zip
TABR,TABR-55347898.wav,6.0,384000,TABR.zip
TABR,TABR-54319539.wav,6.0,384000,TABR.zip
TABR,TABR-64893097.wav,5.0,500000,TABR.zip
TABR,TABR-29769456.wav,4.7785520833333335,192000,TABR.zip
TABR,TABR-64891054.wav,5.0,500000,TABR.zip
TABR,TABR-29757409.wav,5.004,192000,TABR.zip
TABR,TABR-64893096.wav,5.0,500000,TABR.zip
TABR,TABR-29742851.wav,4.998666666666667,192000,TABR.zip
TABR,TABR-35541394.wav,6.0,256000,TABR.zip
TABR,TABR-33215031.wav,6.296,256000,TABR.zip
TABR,TABR-63091697.wav,6.0,384000,TABR.zip
TABR,TABR-28491737.wav,5.0,192000,TABR.zip
TABR,TABR-64875689.wav,5.0,500000,TABR.zip
TABR,TABR-35097790.wav,3.078,256000,TABR.zip
TABR,TABR-53650207.wav,5.48,256000,TABR.zip
TABR,TABR-2007546.wav,6.0,384000,TABR.zip
TABR,TABR-13315042.wav,4.998976,500000,TABR.zip
TABR,TABR-28468056.wav,5.0,192000,TABR.zip
TABR,TABR-73639542.wav,4.212,256000,TABR.zip
TABR,TABR-28526879.wav,5.0,192000,TABR.zip
TABR,TABR-3819977.wav,3.8,256000,TABR.zip
TABR,TABR-28450625.wav,5.0,192000,TABR.zip
TABR,TABR-29719482.wav,4.488,192000,TABR.zip
TABR,TABR-56651968.wav,6.0,384000,TABR.zip
TABR,TABR-73592271.wav,5.0,256000,TABR.zip
TABR,TABR-73628252.wav,5.0,256000,TABR.zip
TABR,TABR-28508617.wav,5.0,192000,TABR.zip
TABR,TABR-56595017.wav,4.77,256000,TABR.zip
TABR,TABR-29739846.wav,4.998666666666667,192000,TABR.zip
TABR,TABR-54318894.wav,6.0,384000,TABR.zip
TABR,TABR-73641862.wav,3.408,256000,TABR.zip
TABR,TABR-2727357.wav,7.2192,320000,TABR.zip
TABR,TABR-64897892.wav,5.0,500000,TABR.zip
TABR,TABR-60292320.wav,5.0,500000,TABR.zip
TABR,TABR-64877440.wav,5.0,500000,TABR.zip
TABR,TABR-28529440.wav,5.0,192000,TABR.zip
TABR,TABR-29743667.wav,2.728,192000,TABR.zip
TABR,TABR-64891178.wav,5.0,500000,TABR.zip
TABR,TABR-28534779.wav,6.0,384000,TABR.zip
TABR,TABR-28283509.wav,4.998666666666667,192000,TABR.zip
TABR,TABR-29718081.wav,4.998666666666667,192000,TABR.zip
TABR,TABR-28468004.wav,5.0,192000,TABR.zip
TABR,TABR-54418062.wav,7.845,256000,TABR.zip
TABR,TABR-73426520.wav,6.0,384000,TABR.zip
TABR,TABR-29717970.wav,4.998666666666667,192000,TABR.zip
TABR,TABR-73590384.wav,2.966,256000,TABR.zip
TABR,TABR-35541530.wav,6.0,256000,TABR.zip
TABR,TABR-28462126.wav,5.0,192000,TABR.zip
TABR,TABR-28331682.wav,6.0,384000,TABR.zip
TABR,TABR-60292225.wav,3.0,500000,TABR.zip
TABR,TABR-64897910.wav,5.0,500000,TABR.zip
TABR,TABR-35541137.wav,6.0,256000,TABR.zip
TABR,TABR-53040092.wav,5.868544,500000,TABR.zip
TABR,TABR-29867693.wav,4.998666666666667,192000,TABR.zip
TABR,TABR-60432934.wav,6.0,384000,TABR.zip
TABR,TABR-28300177.wav,5.0,192000,TABR.zip
TABR,TABR-28345428.wav,6.0,384000,TABR.zip
TABR,TABR-60352179.wav,6.0,384000,TABR.zip
TABR,TABR-64875631.wav,5.0,500000,TABR.zip
TABR,TABR-29756229.wav,5.004,192000,TABR.zip
TABR,TABR-54315035.wav,6.0,384000,TABR.zip
TABR,TABR-12632192.wav,4.998976,500000,TABR.zip
TABR,TABR-35089625.wav,3.073,256000,TABR.zip
TABR,TABR-29877680.wav,5.004,192000,TABR.zip
TABR,TABR-54308137.wav,6.0,384000,TABR.zip
TABR,TABR-33846840.wav,5.748,384000,TABR.zip
TABR,TABR-63089317.wav,6.0,384000,TABR.zip
TABR,TABR-28470267.wav,5.0,192000,TABR.zip
TABR,TABR-64890228.wav,5.0,500000,TABR.zip
TABR,TABR-28451408.wav,5.0,192000,TABR.zip
TABR,TABR-56515298.wav,6.622208,500000,TABR.zip
TABR,TABR-28442733.wav,4.998666666666667,192000,TABR.zip
TABR,TABR-58051371.wav,6.0,384000,TABR.zip
TABR,TABR-28498430.wav,5.0,192000,TABR.zip
TABR,TABR-64880915.wav,5.0,500000,TABR.zip
TABR,TABR-3731493.wav,6.0,384000,TABR.zip
TABR,TABR-28467966.wav,5.0,192000,TABR.zip
TABR,TABR-28354134.wav,6.0,384000,TABR.zip
TABR,TABR-28459642.wav,5.0,192000,TABR.zip
TABR,TABR-54315034.wav,6.0,384000,TABR.zip
TABR,TABR-60293200.wav,5.0,500000,TABR.zip
TABR,TABR-29723594.wav,5.004,192000,TABR.zip
TABR,TABR-2005245.wav,6.0,384000,TABR.zip
TABR,TABR-73615967.wav,5.0,256000,TABR.zip
TABR,TABR-29840945.wav,5.004,192000,TABR.zip
TABR,TABR-29763623.wav,5.004,192000,TABR.zip
TABR,TABR-28459450.wav,2.978666666666667,192000,TABR.zip
TABR,TABR-28523886.wav,5.0,192000,TABR.zip
TABR,TABR-29334660.wav,4.581333333333333,192000,TABR.zip
TABR,TABR-64895429.wav,5.0,500000,TABR.zip
TABR,TABR-73590550.wav,5.0,256000,TABR.zip
TABR,TABR-64875793.wav,5.0,500000,TABR.zip
TABR,TABR-64862318.wav,5.0,500000,TABR.zip
TABR,TABR-29719702.wav,5.004,192000,TABR.zip
TABR,TABR-64862235.wav,5.0,500000,TABR.zip
TABR,TABR-28491017.wav,5.0,192000,TABR.zip
TABR,TABR-64870062.wav,5.0,500000,TABR.zip
TABR,TABR-60489002.wav,5.0,500000,TABR.zip
TABR,TABR-1327289.wav,6.614,256000,TABR.zip
TABR,TABR-60292559.wav,5.0,500000,TABR.zip
TABR,TABR-56652141.wav,6.0,384000,TABR.zip
TABR,TABR-73641991.wav,4.84,256000,TABR.zip
TABR,TABR-29717965.wav,4.998666666666667,192000,TABR.zip
TABR,TABR-64890232.wav,5.0,500000,TABR.zip
TABR,TABR-28451427.wav,5.0,192000,TABR.zip
TABR,TABR-72657304.wav,2.916,256000,TABR.zip
TABR,TABR-28486054.wav,5.0,192000,TABR.zip
TABR,TABR-73427337.wav,6.0,384000,TABR.zip
TABR,TABR-12581058.wav,4.998976,500000,TABR.zip
TABR,TABR-13564.wav,6.0,384000,TABR.zip
TABR,TABR-28524964.wav,5.0,192000,TABR.zip
TABR,TABR-64894371.wav,5.0,500000,TABR.zip
TABR,TABR-73622752.wav,5.0,256000,TABR.zip
TABR,TABR-2007147.wav,6.0,384000,TABR.zip
TABR,TABR-73641968.wav,4.999,256000,TABR.zip
TABR,TABR-26713987.wav,6.0,384000,TABR.zip
TABR,TABR-28472540.wav,4.674666666666667,192000,TABR.zip
TABR,TABR-28515109.wav,5.0,192000,TABR.zip
TABR,TABR-73627724.wav,2.55,256000,TABR.zip
TABR,TABR-64955701.wav,6.0,384000,TABR.zip
TABR,TABR-73612617.wav,3.903,256000,TABR.zip
TABR,TABR-60294573.wav,5.0,500000,TABR.zip
TABR,TABR-60292865.wav,5.0,500000,TABR.zip
TABR,TABR-3820600.wav,7.14,256000,TABR.zip
TABR,TABR-58055807.wav,6.0,384000,TABR.zip
TABR,TABR-64892727.wav,5.0,500000,TABR.zip
TABR,TABR-60352178.wav,6.0,384000,TABR.zip
TABR,TABR-28295955.wav,4.998666666666667,192000,TABR.zip
TABR,TABR-54299757.wav,6.0,384000,TABR.zip
TABR,TABR-28460249.wav,5.0,192000,TABR.zip
TABR,TABR-64897889.wav,5.0,500000,TABR.zip
TABR,TABR-28528977.wav,4.52,192000,TABR.zip
TABR,TABR-73622573.wav,4.128,256000,TABR.zip
TABR,TABR-28522191.wav,5.0,192000,TABR.zip
TABR,TABR-56651804.wav,6.0,384000,TABR.zip
TABR,TABR-28342155.wav,6.0,384000,TABR.zip
TABR,TABR-28283516.wav,4.998666666666667,192000,TABR.zip
TABR,TABR-29852926.wav,5.0,192000,TABR.zip
TABR,TABR-28482271.wav,4.925333333333334,192000,TABR.zip
TABR,TABR-64895898.wav,5.0,500000,TABR.zip
TABR,TABR-28481632.wav,5.0,192000,TABR.zip
TABR,TABR-63087188.wav,6.0,384000,TABR.zip
TABR,TABR-29739143.wav,4.998666666666667,192000,TABR.zip
TABR,TABR-54299760.wav,6.0,384000,TABR.zip
TABR,TABR-4119712.wav,4.998976,500000,TABR.zip
TABR,TABR-28487831.wav,5.0,192000,TABR.zip
TABR,TABR-3943542.wav,6.0,384000,TABR.zip
TABR,TABR-64872875.wav,3.0,500000,TABR.zip
TABR,TABR-29774149.wav,3.348,192000,TABR.zip
TABR,TABR-73585499.wav,5.0,256000,TABR.zip
TABR,TABR-73615083.wav,5.0,256000,TABR.zip
TABR,TABR-29720860.wav,5.0,192000,TABR.zip
TABR,TABR-54419473.wav,5.757,256000,TABR.zip
TABR,TABR-60352379.wav,6.0,384000,TABR.zip
TABR,TABR-29740064.wav,2.744,192000,TABR.zip
TABR,TABR-28462627.wav,5.0,192000,TABR.zip
TABR,TABR-28994381.wav,4.998666666666667,192000,TABR.zip
TABR,TABR-64880057.wav,5.0,500000,TABR.zip
TABR,TABR-60292684.wav,5.0,500000,TABR.zip
TABR,TABR-12632270.wav,4.998976,500000,TABR.zip
TABR,TABR-57226375.wav,5.124096,500000,TABR.zip
TABR,TABR-28351155.wav,6.0,384000,TABR.zip
TABR,TABR-63086320.wav,6.0,384000,TABR.zip
TABR,TABR-28482435.wav,5.0,192000,TABR.zip
TABR,TABR-28348857.wav,6.0,384000,TABR.zip
TABR,TABR-57221399.wav,3.006464,500000,TABR.zip
TABR,TABR-53040093.wav,3.972096,500000,TABR.zip
TABR,TABR-28474909.wav,2.048,192000,TABR.zip
TABR,TABR-63090654.wav,6.0,384000,TABR.zip
TABR,TABR-64897710.wav,5.0,500000,TABR.zip
TABR,TABR-64897015.wav,3.0,500000,TABR.zip
TABR,TABR-60352780.wav,6.0,384000,TABR.zip
TABR,TABR-28478862.wav,5.0,192000,TABR.zip
TABR,TABR-73622566.wav,5.0,256000,TABR.zip
TABR,TABR-73639430.wav,5.0,256000,TABR.zip
TABR,TABR-60292022.wav,5.0,500000,TABR.zip
TABR,TABR-64894829.wav,5.0,500000,TABR.zip
TABR,TABR-64955095.wav,6.0,384000,TABR.zip
TABR,TABR-73642369.wav,4.276,256000,TABR.zip
TABR,TABR-73545692.wav,5.0,256000,TABR.zip
TABR,TABR-28479031.wav,5.0,192000,TABR.zip
TABR,TABR-28508692.wav,5.0,192000,TABR.zip
TABR,TABR-64895703.wav,3.0,500000,TABR.zip
TABR,TABR-54429877.wav,6.0,384000,TABR.zip
TABR,TABR-29339954.wav,4.709333333333333,192000,TABR.zip
TABR,TABR-73639169.wav,3.426,256000,TABR.zip
TABR,TABR-28539163.wav,6.0,384000,TABR.zip
TABR,TABR-54323200.wav,6.0,384000,TABR.zip
TABR,TABR-28459449.wav,2.7546666666666666,192000,TABR.zip
TABR,TABR-29740132.wav,5.0,192000,TABR.zip
TABR,TABR-28471482.wav,4.141333333333334,192000,TABR.zip
TABR,TABR-28528360.wav,5.0,192000,TABR.zip
TABR,TABR-28459371.wav,5.0,192000,TABR.zip
TABR,TABR-54323217.wav,6.0,384000,TABR.zip
TABR,TABR-64834766.wav,4.218,256000,TABR.zip
TABR,TABR-28514540.wav,5.0,192000,TABR.zip
TABR,TABR-28491811.wav,5.0,192000,TABR.zip
TABR,TABR-73641970.wav,3.749,256000,TABR.zip
TABR,TABR-29840781.wav,4.554666666666667,192000,TABR.zip
TABR,TABR-64872946.wav,5.0,500000,TABR.zip
TABR,TABR-57226380.wav,3.00544,500000,TABR.zip
TABR,TABR-28481013.wav,5.0,192000,TABR.zip
TABR,TABR-29742737.wav,4.998666666666667,192000,TABR.zip
TABR,TABR-73556177.wav,3.944,256000,TABR.zip
TABR,TABR-73622675.wav,5.0,256000,TABR.zip
TABR,TABR-35541335.wav,6.0,256000,TABR.zip
TABR,TABR-73583336.wav,3.782,256000,TABR.zip
TABR,TABR-28544035.wav,6.0,384000,TABR.zip
TABR,TABR-73639428.wav,5.0,256000,TABR.zip
TABR,TABR-28526764.wav,5.0,192000,TABR.zip
TABR,TABR-29824180.wav,5.0,192000,TABR.zip
TABR,TABR-28485420.wav,5.0,192000,TABR.zip
TABR,TABR-29763965.wav,5.004,192000,TABR.zip
TABR,TABR-64892292.wav,5.0,500000,TABR.zip
TABR,TABR-54299759.wav,6.0,384000,TABR.zip
TABR,TABR-63043557.wav,5.214,256000,TABR.zip
TABR,TABR-73567137.wav,5.004,192000,TABR.zip
TABR,TABR-3819859.wav,5.81,256000,TABR.zip
TABR,TABR-28508662.wav,5.0,192000,TABR.zip
TABR,TABR-60488999.wav,5.0,500000,TABR.zip
TABR,TABR-60352180.wav,6.0,384000,TABR.zip
TABR,TABR-73638882.wav,5.0,256000,TABR.zip
TABR,TABR-64894373.wav,5.0,500000,TABR.zip
TABR,TABR-33605021.wav,6.0,384000,TABR.zip
TABR,TABR-28476848.wav,5.0,192000,TABR.zip
TABR,TABR-64862090.wav,5.0,500000,TABR.zip
TABR,TABR-28508620.wav,5.0,192000,TABR.zip
TABR,TABR-28317699.wav,5.0,192000,TABR.zip
TABR,TABR-73596129.wav,2.754,256000,TABR.zip
TABR,TABR-54322872.wav,6.0,384000,TABR.zip
TABR,TABR-29868041.wav,4.998666666666667,192000,TABR.zip
TABR,TABR-73642365.wav,5.0,256000,TABR.zip
TABR,TABR-60488998.wav,5.0,500000,TABR.zip
TABR,TABR-29877681.wav,4.478666666666666,192000,TABR.zip
TABR,TABR-28471160.wav,5.0,192000,TABR.zip
TABR,TABR-64862330.wav,5.0,500000,TABR.zip
TABR,TABR-28442163.wav,4.998666666666667,192000,TABR.zip
TABR,TABR-28472663.wav,5.0,192000,TABR.zip
TABR,TABR-73642104.wav,4.305,256000,TABR.zip
TABR,TABR-28472768.wav,2.008,192000,TABR.zip
TABR,TABR-28528958.wav,5.0,192000,TABR.zip
TABR,TABR-64870616.wav,5.0,500000,TABR.zip
TABR,TABR-29717271.wav,4.998666666666667,192000,TABR.zip
TABR,TABR-73620817.wav,5.0,256000,TABR.zip
TABR,TABR-28539785.wav,6.0,384000,TABR.zip
TABR,TABR-2625581.wav,4.998976,500000,TABR.zip
TABR,TABR-2151084.wav,6.0,384000,TABR.zip
TABR,TABR-73639210.wav,5.0,256000,TABR.zip
TABR,TABR-73596126.wav,3.322,256000,TABR.zip
TABR,TABR-29763337.wav,5.004,192000,TABR.zip
TABR,TABR-58055303.wav,6.0,384000,TABR.zip
TABR,TABR-29719696.wav,3.492,192000,TABR.zip
TABR,TABR-28482637.wav,5.0,192000,TABR.zip
TABR,TABR-29774041.wav,5.004,192000,TABR.zip
TABR,TABR-64892294.wav,5.0,500000,TABR.zip
TABR,TABR-28450520.wav,5.0,192000,TABR.zip
TABR,TABR-29743128.wav,5.0,192000,TABR.zip
TABR,TABR-32906285.wav,7.404,256000,TABR.zip
TABR,TABR-26675327.wav,2.975,256000,TABR.zip
TABR,TABR-28478920.wav,5.0,192000,TABR.zip
TABR,TABR-2537035.wav,6.0,384000,TABR.zip
TABR,TABR-28475090.wav,5.0,192000,TABR.zip
TABR,TABR-64869282.wav,5.0,500000,TABR.zip
TABR,TABR-64880027.wav,5.0,500000,TABR.zip
TABR,TABR-12631553.wav,4.998976,500000,TABR.zip
TABR,TABR-1554791.wav,7.842,256000,TABR.zip
TABR,TABR-63091666.wav,6.0,384000,TABR.zip
TABR,TABR-64876978.wav,5.0,500000,TABR.zip
TABR,TABR-28339038.wav,6.0,384000,TABR.zip
TABR,TABR-64957722.wav,5.0,500000,TABR.zip
TABR,TABR-28551078.wav,6.0,384000,TABR.zip
TABR,TABR-28600339.wav,6.0,384000,TABR.zip
TABR,TABR-64861393.wav,5.0,500000,TABR.zip
TABR,TABR-28493608.wav,5.0,192000,TABR.zip
TABR,TABR-64895897.wav,5.0,500000,TABR.zip
TABR,TABR-64894826.wav,5.0,500000,TABR.zip
TABR,TABR-73545740.wav,5.0,256000,TABR.zip
TABR,TABR-28460405.wav,5.0,192000,TABR.zip
TABR,TABR-29736953.wav,5.0,192000,TABR.zip
TABR,TABR-2536403.wav,6.0,384000,TABR.zip
TABR,TABR-64876517.wav,5.0,500000,TABR.zip
TABR,TABR-57226384.wav,4.204544,500000,TABR.zip
TABR,TABR-73638900.wav,5.0,256000,TABR.zip
TABR,TABR-28444018.wav,5.0,192000,TABR.zip
TABR,TABR-62046690.wav,2.764,256000,TABR.zip
TABR,TABR-60292875.wav,3.0,500000,TABR.zip
TABR,TABR-73550636.wav,7.254,256000,TABR.zip
TABR,TABR-64862706.wav,3.0,500000,TABR.zip
TABR,TABR-73622725.wav,3.648,256000,TABR.zip
TABR,TABR-73622609.wav,5.0,256000,TABR.zip
TABR,TABR-73620811.wav,5.0,256000,TABR.zip
TABR,TABR-60352072.wav,6.0,384000,TABR.zip
TABR,TABR-2536676.wav,6.0,384000,TABR.zip
TABR,TABR-29763985.wav,5.004,192000,TABR.zip
TABR,TABR-54421373.wav,7.945,256000,TABR.zip
TABR,TABR-29717303.wav,4.998666666666667,192000,TABR.zip
TABR,TABR-12719.wav,6.0,384000,TABR.zip
TABR,TABR-29854014.wav,5.0,192000,TABR.zip
TABR,TABR-29340308.wav,4.581333333333333,192000,TABR.zip
TABR,TABR-26714209.wav,6.0,384000,TABR.zip
TABR,TABR-29723171.wav,5.004,192000,TABR.zip
TABR,TABR-64861391.wav,5.0,500000,TABR.zip
TABR,TABR-29875046.wav,5.004,192000,TABR.zip
TABR,TABR-28453935.wav,3.688,192000,TABR.zip
TABR,TABR-28529146.wav,3.7573333333333334,192000,TABR.zip
TABR,TABR-64863184.wav,5.0,500000,TABR.zip
TABR,TABR-73622681.wav,5.0,256000,TABR.zip
TABR,TABR-35909111.wav,6.0,384000,TABR.zip
TABR,TABR-60353876.wav,6.0,384000,TABR.zip
TABR,TABR-29840784.wav,2.478666666666667,192000,TABR.zip
TABR,TABR-29742906.wav,4.998666666666667,192000,TABR.zip
TABR,TABR-56650863.wav,6.0,384000,TABR.zip
TABR,TABR-35540470.wav,6.0,256000,TABR.zip
TABR,TABR-28442766.wav,4.998666666666667,192000,TABR.zip
TABR,TABR-64862234.wav,5.0,500000,TABR.zip
TABR,TABR-54308704.wav,6.0,384000,TABR.zip
TABR,TABR-29741655.wav,4.998666666666667,192000,TABR.zip
TABR,TABR-64863183.wav,5.0,500000,TABR.zip
TABR,TABR-73426593.wav,6.0,384000,TABR.zip
TABR,TABR-64875690.wav,5.0,500000,TABR.zip
TABR,TABR-73558843.wav,5.0,256000,TABR.zip
TABR,TABR-32906283.wav,7.704,256000,TABR.zip
TABR,TABR-28342682.wav,6.0,384000,TABR.zip
TABR,TABR-73579218.wav,5.004,192000,TABR.zip
TABR,TABR-28331994.wav,6.0,384000,TABR.zip
TABR,TABR-5495.wav,6.0,384000,TABR.zip
TABR,TABR-29149964.wav,7.842,256000,TABR.zip
TABR,TABR-29742747.wav,4.998666666666667,192000,TABR.zip
TABR,TABR-63044017.wav,3.362,256000,TABR.zip
TABR,TABR-29854023.wav,5.0,192000,TABR.zip
TABR,TABR-74445644.wav,6.0,384000,TABR.zip
TABR,TABR-1987910.wav,6.0,384000,TABR.zip
TABR,TABR-29755503.wav,5.004,192000,TABR.zip
TABR,TABR-60489001.wav,5.0,500000,TABR.zip
TABR,TABR-29798305.wav,5.004,192000,TABR.zip
TABR,TABR-73550514.wav,7.398,256000,TABR.zip
TABR,TABR-54310181.wav,6.0,384000,TABR.zip
TABR,TABR-60489003.wav,5.0,500000,TABR.zip
TABR,TABR-29877823.wav,5.004,192000,TABR.zip
TABR,TABR-3803145.wav,7.968,256000,TABR.zip
TABR,TABR-64954446.wav,6.0,384000,TABR.zip
TABR,TABR-28471984.wav,5.0,192000,TABR.zip
TABR,TABR-12632690.wav,4.998976,500000,TABR.zip
TABR,TABR-28537879.wav,6.0,384000,TABR.zip
TABR,TABR-32060138.wav,6.0,384000,TABR.zip
TABR,TABR-29327522.wav,5.0,192000,TABR.zip
TABR,TABR-54308710.wav,6.0,384000,TABR.zip
TABR,TABR-64867799.wav,5.0,500000,TABR.zip
TABR,TABR-28448690.wav,5.0,192000,TABR.zip
TABR,TABR-64877444.wav,5.0,500000,TABR.zip
TABR,TABR-28442784.wav,4.992,192000,TABR.zip
TABR,TABR-54323404.wav,6.0,384000,TABR.zip
TABR,TABR-55350456.wav,6.0,384000,TABR.zip
TABR,TABR-35909113.wav,6.0,384000,TABR.zip
TABR,TABR-28485218.wav,5.0,192000,TABR.zip
TABR,TABR-29840783.wav,5.004,192000,TABR.zip
TABR,TABR-28498762.wav,4.429333333333333,192000,TABR.zip
TABR,TABR-73587296.wav,5.0,256000,TABR.zip
TABR,TABR-73639202.wav,5.0,256000,TABR.zip
TABR,TABR-26714040.wav,6.0,384000,TABR.zip
TABR,TABR-28270494.wav,6.0,384000,TABR.zip
TABR,TABR-54308722.wav,5.798666666666667,384000,TABR.zip
TABR,TABR-63085900.wav,6.0,384000,TABR.zip
TABR,TABR-28451193.wav,4.810666666666667,192000,TABR.zip
TABR,TABR-73541295.wav,5.0,256000,TABR.zip
TABR,TABR-28482909.wav,5.0,192000,TABR.zip
TABR,TABR-55351493.wav,6.0,384000,TABR.zip
TABR,TABR-28453269.wav,3.8213333333333335,192000,TABR.zip
TABR,TABR-28544222.wav,6.062,384000,TABR.zip
TABR,TABR-28531788.wav,6.0,384000,TABR.zip
TABR,TABR-1987950.wav,6.0,384000,TABR.zip
TABR,TABR-28522297.wav,3.685333333333334,192000,TABR.zip
TABR,TABR-35908318.wav,6.0,384000,TABR.zip
TABR,TABR-4117995.wav,4.998976,500000,TABR.zip
TABR,TABR-58055305.wav,6.0,384000,TABR.zip
TABR,TABR-29323929.wav,5.0,192000,TABR.zip
TABR,TABR-29825245.wav,5.0,192000,TABR.zip
TABR,TABR-28444379.wav,5.0,192000,TABR.zip
TABR,TABR-2536529.wav,6.0,384000,TABR.zip
TABR,TABR-60293845.wav,5.0,500000,TABR.zip
TABR,TABR-64862709.wav,3.0,500000,TABR.zip
TABR,TABR-73628241.wav,5.0,256000,TABR.zip
TABR,TABR-64880058.wav,5.0,500000,TABR.zip
TABR,TABR-35540280.wav,6.0,256000,TABR.zip
TABR,TABR-60352070.wav,6.0,384000,TABR.zip
TABR,TABR-33598640.wav,6.562,256000,TABR.zip
TABR,TABR-28460412.wav,5.0,192000,TABR.zip
TABR,TABR-28303056.wav,5.0,192000,TABR.zip
TABR,TABR-29763792.wav,5.004,192000,TABR.zip
TABR,TABR-1987348.wav,6.0,384000,TABR.zip
TABR,TABR-28494115.wav,4.749333333333333,192000,TABR.zip
TABR,TABR-29821454.wav,5.0,192000,TABR.zip
TABR,TABR-28462073.wav,4.8613333333333335,192000,TABR.zip
TABR,TABR-28528535.wav,5.0,192000,TABR.zip
TABR,TABR-64875792.wav,5.0,500000,TABR.zip
TABR,TABR-28513595.wav,4.461333333333333,192000,TABR.zip
TABR,TABR-28478842.wav,3.8053333333333335,192000,TABR.zip
TABR,TABR-29841551.wav,5.004,192000,TABR.zip
TABR,TABR-64872226.wav,5.0,500000,TABR.zip
TABR,TABR-54145007.wav,4.998976,500000,TABR.zip
TABR,TABR-28447348.wav,5.0,192000,TABR.zip
TABR,TABR-63091523.wav,6.0,384000,TABR.zip
TABR,TABR-54418374.wav,2.293,256000,TABR.zip
TABR,TABR-73561309.wav,5.0,256000,TABR.zip
TABR,TABR-54426995.wav,6.0,384000,TABR.zip
TABR,TABR-73640011.wav,5.0,256000,TABR.zip
TABR,TABR-55347661.wav,6.0,384000,TABR.zip
TABR,TABR-57221401.wav,3.011584,500000,TABR.zip
TABR,TABR-29792739.wav,5.0,192000,TABR.zip
TABR,TABR-56579237.wav,7.766,256000,TABR.zip
TABR,TABR-28479006.wav,5.0,192000,TABR.zip
TABR,TABR-29742742.wav,4.998666666666667,192000,TABR.zip
TABR,TABR-64867927.wav,5.0,300000,TABR.zip
TABR,TABR-28444359.wav,5.0,192000,TABR.zip
TABR,TABR-57263989.wav,5.608,256000,TABR.zip
TABR,TABR-29873831.wav,4.7785520833333335,192000,TABR.zip
TABR,TABR-28450545.wav,3.496,192000,TABR.zip
TABR,TABR-13760.wav,6.0,384000,TABR.zip
TABR,TABR-64866792.wav,5.0,300000,TABR.zip
TABR,TABR-73560911.wav,5.0,256000,TABR.zip
TABR,TABR-1986442.wav,6.0,384000,TABR.zip
TABR,TABR-64874958.wav,5.0,500000,TABR.zip
TABR,TABR-28478911.wav,5.0,192000,TABR.zip
TABR,TABR-28474873.wav,5.0,192000,TABR.zip
TABR,TABR-1987347.wav,6.0,384000,TABR.zip
TABR,TABR-2536336.wav,6.0,384000,TABR.zip
TABR,TABR-73638008.wav,5.0,256000,TABR.zip
TABR,TABR-29717791.wav,3.970666666666667,192000,TABR.zip
TABR,TABR-28530175.wav,5.0,192000,TABR.zip
TABR,TABR-64861390.wav,5.0,500000,TABR.zip
TABR,TABR-2625113.wav,4.998976,500000,TABR.zip
TABR,TABR-28552540.wav,6.0,384000,TABR.zip
TABR,TABR-29853904.wav,5.0,192000,TABR.zip
TABR,TABR-28472713.wav,4.136,192000,TABR.zip
TABR,TABR-28486086.wav,5.0,192000,TABR.zip
TABR,TABR-28295818.wav,4.998666666666667,192000,TABR.zip
TABR,TABR-57222041.wav,3.011584,500000,TABR.zip
TABR,TABR-33596217.wav,3.881,256000,TABR.zip
TABR,TABR-64861161.wav,5.0,500000,TABR.zip
TABR,TABR-12632370.wav,4.998976,500000,TABR.zip
TABR,TABR-28473405.wav,5.0,192000,TABR.zip
TABR,TABR-64897939.wav,3.0,500000,TABR.zip
TABR,TABR-29830871.wav,5.0,192000,TABR.zip
TABR,TABR-29854021.wav,5.0,192000,TABR.zip
TABR,TABR-73557421.wav,5.0,256000,TABR.zip
TABR,TABR-29719699.wav,5.004,192000,TABR.zip
TABR,TABR-54323190.wav,6.0,384000,TABR.zip
TABR,TABR-35541526.wav,6.0,256000,TABR.zip
TABR,TABR-12632733.wav,4.998976,500000,TABR.zip
TABR,TABR-54429879.wav,6.0,384000,TABR.zip
TABR,TABR-29627489.wav,4.998666666666667,192000,TABR.zip
TABR,TABR-64867926.wav,5.0,300000,TABR.zip
TABR,TABR-54299758.wav,6.0,384000,TABR.zip
TABR,TABR-73542903.wav,5.0,256000,TABR.zip
TABR,TABR-73639539.wav,4.64,256000,TABR.zip
TABR,TABR-28523969.wav,5.0,192000,TABR.zip
TABR,TABR-73639830.wav,5.0,256000,TABR.zip
TABR,TABR-73639166.wav,5.0,256000,TABR.zip
TABR,TABR-29724414.wav,5.004,192000,TABR.zip
TABR,TABR-64872945.wav,5.0,500000,TABR.zip
TABR,TABR-53863320.wav,4.998976,500000,TABR.zip
TABR,TABR-53040089.wav,6.5536,500000,TABR.zip
TABR,TABR-14615.wav,6.0,384000,TABR.zip
TABR,TABR-64867797.wav,5.0,500000,TABR.zip
TABR,TABR-73592314.wav,5.0,256000,TABR.zip
TABR,TABR-64873740.wav,5.0,500000,TABR.zip
TABR,TABR-64876521.wav,5.0,500000,TABR.zip
TABR,TABR-28342261.wav,6.0,384000,TABR.zip
TABR,TABR-28513169.wav,5.0,192000,TABR.zip
TABR,TABR-28444423.wav,4.005333333333334,192000,TABR.zip
TABR,TABR-64872944.wav,5.0,500000,TABR.zip
TABR,TABR-60353654.wav,6.0,384000,TABR.zip
TABR,TABR-73620161.wav,3.93,256000,TABR.zip
TABR,TABR-72214329.wav,7.172,256000,TABR.zip
TABR,TABR-28348156.wav,6.0,384000,TABR.zip
TABR,TABR-64897904.wav,5.0,500000,TABR.zip
TABR,TABR-64862489.wav,5.0,500000,TABR.zip
TABR,TABR-73622388.wav,3.918,256000,TABR.zip
TABR,TABR-29341962.wav,5.0,192000,TABR.zip
TABR,TABR-63090889.wav,6.0,384000,TABR.zip
TABR,TABR-73590390.wav,5.0,256000,TABR.zip
TABR,TABR-73592074.wav,4.438,256000,TABR.zip
TABR,TABR-28523094.wav,5.0,192000,TABR.zip
TABR,TABR-28493829.wav,5.0,192000,TABR.zip
TABR,TABR-54310732.wav,6.0,384000,TABR.zip
TABR,TABR-28354937.wav,6.0,384000,TABR.zip
TABR,TABR-64891177.wav,5.0,500000,TABR.zip
TABR,TABR-55348875.wav,6.0,384000,TABR.zip
TABR,TABR-13758194.wav,4.998976,500000,TABR.zip
TABR,TABR-73426564.wav,6.0,384000,TABR.zip
TABR,TABR-54417955.wav,7.18,256000,TABR.zip
TABR,TABR-58054173.wav,6.0,384000,TABR.zip
TABR,TABR-73640257.wav,5.0,256000,TABR.zip
TABR,TABR-29338392.wav,5.0,192000,TABR.zip
TABR,TABR-30430016.wav,6.0,384000,TABR.zip
TABR,TABR-32900019.wav,6.652,256000,TABR.zip
TABR,TABR-28293679.wav,5.004,192000,TABR.zip
TABR,TABR-73534866.wav,3.0853333333333333,192000,TABR.zip
TABR,TABR-35908320.wav,6.0,384000,TABR.zip
TABR,TABR-29740653.wav,5.0,192000,TABR.zip
TABR,TABR-57192176.wav,5.484,256000,TABR.zip
TABR,TABR-64862326.wav,5.0,500000,TABR.zip
TABR,TABR-29840913.wav,5.004,192000,TABR.zip
TABR,TABR-63091216.wav,6.0,384000,TABR.zip
TABR,TABR-28471161.wav,4.392,192000,TABR.zip
TABR,TABR-73620016.wav,5.0,256000,TABR.zip
TABR,TABR-35540189.wav,6.0,256000,TABR.zip
TABR,TABR-28471666.wav,5.0,192000,TABR.zip
TABR,TABR-64891053.wav,5.0,500000,TABR.zip
TABR,TABR-35093087.wav,3.453,256000,TABR.zip
TABR,TABR-64873739.wav,5.0,500000,TABR.zip
TABR,TABR-2008725.wav,6.0,384000,TABR.zip
TABR,TABR-35091553.wav,4.714,256000,TABR.zip
TABR,TABR-73641971.wav,4.412,256000,TABR.zip
TABR,TABR-56652258.wav,6.0,384000,TABR.zip
TABR,TABR-29421045.wav,5.004,192000,TABR.zip
TABR,TABR-29717790.wav,4.998666666666667,192000,TABR.zip
TABR,TABR-56651188.wav,6.0,384000,TABR.zip
TABR,TABR-73628062.wav,5.0,256000,TABR.zip
TABR,TABR-28508564.wav,2.504,192000,TABR.zip
TABR,TABR-28491899.wav,5.0,192000,TABR.zip
TABR,TABR-58051373.wav,6.0,384000,TABR.zip
TABR,TABR-1988034.wav,6.0,384000,TABR.zip
TABR,TABR-64897013.wav,3.0,500000,TABR.zip
TABR,TABR-73560912.wav,3.998,256000,TABR.zip
TABR,TABR-73550880.wav,3.012,256000,TABR.zip
TABR,TABR-64887562.wav,5.0,500000,TABR.zip
TABR,TABR-54318694.wav,6.0,384000,TABR.zip
